application_id,Interview Taken on,Status,event_name,Department,Post Name,Offered Salary
383422,5/1/2014 11:40,Hired,Male,Service Department,c8,56553
907518,5/6/2014 8:08,Hired,Female,Service Department,c5,22075
253651,5/2/2014 16:32,Hired,Male,Operations Department,i4,29668
289907,5/1/2014 7:44,Hired,Male,Sales Department,-,85914
751029,5/2/2014 13:09,Hired,Female,Service Department,i4,15156
649039,5/7/2014 10:48,Hired,Female,Service Department,b9,200000
199526,5/7/2014 10:50,Hired,Male,Service Department,b9,86787
539803,5/15/2014 9:31,Hired,Male,Finance Department,b9,2308
191009,5/9/2014 12:48,Hired,Female,Service Department,i7,56688
195323,5/9/2014 12:48,Hired,-,Service Department,i7,81757
51318,5/2/2014 8:07,Hired,Male,Service Department,i5,15134
513166,5/1/2014 22:53,Hired,Female,Operations Department,i1,73579
891568,5/1/2014 16:28,Hired,Female,Operations Department,i7,3423
780839,5/10/2014 14:18,Hired,Female,Service Department,i1,70979
202821,5/1/2014 16:01,Hired,Male,Operations Department,i6,52176
896164,5/1/2014 17:21,Hired,Don’t want to say,Production Department,i7,37947
692533,5/2/2014 18:23,Hired,Male,Service Department,c5,72843
847880,5/9/2014 15:43,Hired,Female,Service Department,m6,800
37073,5/5/2014 19:37,Hired,Female,Purchase Department,i7,51645
116456,5/5/2014 15:44,Hired,Female,Finance Department,c5,52285
94068,5/10/2014 17:34,Hired,Male,Operations Department,i4,67434
487441,5/10/2014 17:34,Hired,Female,Operations Department,i4,12624
296052,5/29/2014 14:43,Hired,Female,Finance Department,c5,1141
964704,5/29/2014 14:44,Hired,Female,Finance Department,c5,39485
288171,5/6/2014 15:37,Hired,Female,Marketing Department,i4,33631
379557,5/7/2014 15:34,Hired,Female,Production Department,i4,61532
453498,5/8/2014 3:12,Hired,Male,Sales Department,i4,62937
37906,5/8/2014 3:16,Hired,Female,Sales Department,i4,95603
692080,5/8/2014 3:16,Hired,Male,Sales Department,i4,79230
860311,5/8/2014 7:59,Hired,Male,Purchase Department,i5,14781
269204,5/8/2014 7:57,Hired,Don’t want to say,Purchase Department,i5,43093
566403,5/9/2014 15:05,Hired,Female,Operations Department,c5,85201
455073,5/9/2014 13:53,Hired,Female,Service Department,i4,60370
611809,5/9/2014 17:31,Hired,Female,Operations Department,i4,28473
458216,5/12/2014 8:27,Hired,Female,Operations Department,i6,67976
272804,5/13/2014 18:41,Hired,Male,Marketing Department,i1,28445
114169,5/13/2014 18:41,Hired,Female,Marketing Department,i1,42946
576340,5/13/2014 9:18,Hired,Female,Operations Department,i7,55469
305032,5/13/2014 9:19,Hired,Female,Operations Department,i7,90807
814453,5/13/2014 9:19,Hired,Don’t want to say,Operations Department,i7,68515
26472,5/13/2014 19:57,Hired,Male,Purchase Department,i6,43261
521234,5/13/2014 11:03,Hired,Don’t want to say,Operations Department,i4,44582
382645,5/15/2014 9:57,Hired,Male,Service Department,c-10,65587
767003,5/15/2014 10:01,Hired,Male,Service Department,c-10,73396
881891,5/15/2014 13:51,Hired,Female,Sales Department,i5,41895
824221,5/16/2014 9:55,Hired,Male,Service Department,i4,17815
966786,5/16/2014 9:55,Hired,Female,Service Department,i4,13718
381072,5/16/2014 16:50,Hired,Male,Operations Department,i4,67685
664109,5/16/2014 16:54,Hired,Male,Operations Department,i4,42782
505365,5/16/2014 18:06,Hired,Don’t want to say,Human Resource Department,i5,79702
482656,5/29/2014 9:19,Hired,Female,Production Department,i7,97814
225116,5/16/2014 17:41,Hired,Male,Operations Department,i1,25711
45162,5/19/2014 0:05,Hired,Don’t want to say,Operations Department,i4,1212
641336,5/18/2014 17:53,Hired,Female,Operations Department,i6,22267
466709,5/19/2014 13:22,Hired,Female,Production Department,i7,49631
318812,5/19/2014 12:58,Hired,Female,Sales Department,c5,84858
40385,5/19/2014 14:28,Hired,Male,Operations Department,i4,1986
703540,5/20/2014 17:06,Hired,Female,General Management,c-10,77027
838911,5/20/2014 17:03,Hired,Male,General Management,c-10,98822
51314,5/20/2014 17:05,Hired,Female,General Management,c-10,18661
716333,5/20/2014 17:03,Hired,Don’t want to say,General Management,c-10,71461
350612,5/20/2014 19:45,Hired,Male,Service Department,b9,56549
272182,5/20/2014 12:28,Hired,Female,Service Department,i6,56534
118533,5/20/2014 16:05,Hired,Male,Purchase Department,i4,68969
757514,5/21/2014 4:02,Hired,Female,Operations Department,c5,76575
337880,5/21/2014 4:03,Hired,Male,Operations Department,c5,50520
806305,5/21/2014 12:46,Hired,Male,Operations Department,i7,97253
321721,5/22/2014 14:01,Hired,Female,Production Department,i7,86922
797115,5/22/2014 18:15,Hired,Male,Sales Department,i5,21768
812987,5/22/2014 9:12,Hired,Female,Purchase Department,i7,82746
463120,5/22/2014 9:14,Hired,Female,Purchase Department,i7,87381
461901,5/30/2014 19:43,Hired,Female,Purchase Department,i7,17864
256912,5/22/2014 16:46,Hired,Male,Operations Department,i5,95863
556830,5/23/2014 16:25,Hired,Female,Service Department,c8,8812
278581,5/26/2014 9:42,Hired,Male,Operations Department,b9,15137
207860,5/26/2014 14:45,Hired,Male,Operations Department,i4,9864
970445,5/27/2014 9:56,Hired,Male,Operations Department,i6,6974
200462,5/27/2014 9:57,Hired,Male,Operations Department,i6,42285
905452,5/27/2014 14:17,Hired,Female,Operations Department,i4,55812
495892,5/27/2014 14:15,Hired,Don’t want to say,Operations Department,i4,39922
167998,5/27/2014 17:18,Hired,Female,Operations Department,i7,49768
109266,5/27/2014 18:17,Hired,Female,Finance Department,i7,68952
516967,5/27/2014 18:17,Hired,Don’t want to say,Finance Department,i7,48308
216582,5/28/2014 8:19,Hired,Male,Operations Department,i4,36542
846310,5/28/2014 8:20,Hired,Female,Operations Department,i4,74691
13742,5/28/2014 1:42,Hired,Male,Production Department,c-10,40601
714683,5/28/2014 0:33,Hired,Male,Operations Department,i7,33839
630224,5/28/2014 0:34,Hired,Male,Operations Department,i7,29298
370968,5/28/2014 0:35,Hired,Female,Operations Department,i7,16072
445539,6/13/2014 14:30,Hired,Male,Operations Department,i7,52199
402829,6/13/2014 14:32,Hired,Male,Operations Department,i7,22524
753595,6/1/2014 22:23,Hired,Male,Production Department,i6,15784
231901,6/1/2014 22:25,Hired,Male,Production Department,i6,7691
67222,5/29/2014 18:46,Hired,Male,Operations Department,c-10,72545
280350,5/29/2014 18:47,Hired,Female,Operations Department,c-10,44767
493551,5/29/2014 12:17,Hired,Male,Operations Department,i6,54524
792362,5/29/2014 6:44,Hired,Male,Service Department,c5,95011
614502,5/29/2014 6:43,Hired,Female,Service Department,c5,90897
212493,5/29/2014 8:54,Hired,Male,Purchase Department,c5,30114
359609,6/1/2014 7:04,Hired,Male,Purchase Department,c5,65247
795330,6/15/2014 9:45,Hired,Female,General Management,i4,400000
462254,5/30/2014 9:14,Hired,Female,Operations Department,i4,7210
938274,6/12/2014 15:46,Hired,Female,Operations Department,c5,67823
187096,6/2/2014 17:14,Hired,Female,Production Department,c5,26954
579048,6/2/2014 11:21,Hired,Male,Operations Department,b9,33534
133347,6/2/2014 11:21,Hired,Male,Operations Department,b9,47686
567549,6/3/2014 12:47,Hired,Male,Service Department,c-10,34243
270850,6/14/2014 10:49,Hired,Female,Service Department,i4,56501
754298,6/14/2014 10:50,Hired,Female,Service Department,i4,57362
528415,6/3/2014 10:57,Hired,Male,Service Department,c5,51584
831750,6/3/2014 8:25,Hired,Male,Service Department,i4,60967
366864,6/3/2014 20:46,Hired,Male,Service Department,c8,55146
71829,6/4/2014 0:59,Hired,Female,Service Department,i1,47003
240857,6/4/2014 10:40,Hired,Male,Service Department,b9,59017
983968,6/13/2014 15:43,Hired,Female,Service Department,c-10,78320
372328,6/4/2014 18:14,Hired,Male,Service Department,i4,99389
290105,6/4/2014 18:16,Hired,Female,Service Department,i4,86123
525261,6/5/2014 10:41,Hired,Male,Service Department,i5,67992
865282,6/5/2014 17:39,Hired,Male,Marketing Department,i5,19550
896420,6/5/2014 4:19,Hired,Male,Operations Department,c8,64751
462656,7/24/2014 9:19,Hired,Don’t want to say,Operations Department,i5,52411
528775,6/5/2014 16:08,Hired,Male,Service Department,i4,5372
730892,6/6/2014 18:01,Hired,Male,Sales Department,c8,80788
341409,6/6/2014 8:42,Hired,Female,Sales Department,i5,8366
246137,6/8/2014 10:41,Hired,Male,Marketing Department,c8,54866
619825,6/9/2014 23:57,Hired,Male,Service Department,i5,44020
220653,6/9/2014 9:44,Hired,Male,Production Department,b9,70753
997908,6/9/2014 9:47,Hired,Female,Production Department,b9,9041
202279,6/10/2014 12:07,Hired,Don’t want to say,Operations Department,i6,17691
891509,6/11/2014 17:54,Hired,Male,Operations Department,c-10,59501
877797,6/11/2014 18:01,Hired,Female,Operations Department,c-10,5359
933454,6/11/2014 8:12,Hired,Male,Operations Department,c5,92060
280565,6/11/2014 10:38,Hired,Male,Purchase Department,c5,60262
134620,6/12/2014 11:56,Hired,Male,Service Department,c5,29047
743668,6/12/2014 3:28,Hired,Female,Operations Department,c5,51576
112172,6/12/2014 10:46,Hired,Male,Sales Department,i5,22976
284546,6/12/2014 10:47,Hired,Don’t want to say,Sales Department,i5,21763
784187,6/13/2014 7:07,Hired,Female,Sales Department,i7,16215
897981,6/13/2014 7:08,Hired,Female,Sales Department,i7,13899
803693,6/13/2014 7:07,Hired,Don’t want to say,Sales Department,i7,46351
605070,6/13/2014 20:11,Hired,Male,Operations Department,c9,53264
993627,6/14/2014 14:53,Hired,Male,Service Department,i7,17062
692274,6/14/2014 14:55,Hired,Male,Service Department,i7,45379
232317,6/16/2014 12:20,Hired,Female,Human Resource Department,c9,55923
959439,6/16/2014 15:10,Hired,Female,General Management,i5,38516
281797,6/16/2014 15:10,Hired,Don’t want to say,General Management,i5,44331
717204,6/16/2014 15:38,Hired,Male,Operations Department,i7,61734
865820,6/16/2014 15:40,Hired,Male,Operations Department,i7,41177
211845,6/16/2014 15:43,Hired,Male,Operations Department,i7,40367
782971,7/7/2014 13:42,Hired,Female,Operations Department,i6,47196
746982,7/7/2014 13:40,Hired,Don’t want to say,Operations Department,i6,78657
112074,6/16/2014 11:06,Hired,Male,Production Department,i6,95519
976582,7/7/2014 16:24,Hired,Male,Production Department,i6,45087
598035,6/17/2014 9:43,Hired,Male,Service Department,i6,21448
693363,6/17/2014 9:45,Hired,Female,Service Department,i6,98086
741707,6/17/2014 15:55,Hired,Female,Sales Department,c-10,54390
821427,6/18/2014 16:30,Hired,Male,Service Department,c8,87189
450487,6/18/2014 12:00,Hired,Female,Marketing Department,c-10,94599
583928,6/18/2014 12:43,Hired,Male,Service Department,c5,50946
75888,6/18/2014 5:31,Hired,Don’t want to say,Marketing Department,c9,83771
831922,6/20/2014 4:52,Hired,Male,Purchase Department,c9,98409
529856,6/20/2014 15:10,Hired,Male,Service Department,i5,52346
617345,6/20/2014 15:11,Hired,Don’t want to say,Service Department,i5,63678
212844,6/20/2014 16:39,Hired,Female,Finance Department,c9,59213
80259,6/20/2014 8:20,Hired,Female,Sales Department,c-10,55952
431577,6/20/2014 13:37,Hired,Male,Operations Department,i5,61930
709095,6/20/2014 13:39,Hired,Male,Operations Department,i5,40025
278514,6/20/2014 5:52,Hired,Male,Sales Department,i5,57390
308552,6/20/2014 9:29,Hired,Female,Service Department,i6,19351
951001,6/22/2014 9:07,Hired,Female,Service Department,c-10,85827
763361,6/22/2014 2:38,Hired,Male,Operations Department,c5,37485
190392,6/22/2014 14:59,Hired,Female,Operations Department,c-10,40902
661229,7/10/2014 17:09,Hired,Male,Operations Department,c-10,27817
686696,7/10/2014 17:10,Hired,Male,Operations Department,c-10,7235
90943,6/23/2014 21:11,Hired,Male,Operations Department,i7,24329
124098,6/23/2014 16:23,Hired,Male,Service Department,c9,99950
961630,6/23/2014 10:51,Hired,Don’t want to say,Operations Department,i6,1770
202953,6/24/2014 21:24,Hired,Male,Service Department,i5,56772
273935,6/25/2014 11:27,Hired,Female,Service Department,c9,71034
820245,6/25/2014 12:20,Hired,Female,General Management,c9,36480
797233,7/18/2014 17:26,Hired,Don’t want to say,Operations Department,c5,45473
926369,6/26/2014 9:39,Hired,Female,Operations Department,i7,72641
409635,6/26/2014 18:13,Hired,Male,Service Department,b9,36612
669926,6/26/2014 10:44,Hired,Female,Service Department,b9,65268
99798,6/26/2014 10:44,Hired,Female,Service Department,b9,98297
377818,7/4/2014 7:37,Hired,Female,Sales Department,b9,6821
958561,6/26/2014 16:47,Hired,Male,Operations Department,i6,42656
347906,7/11/2014 10:45,Hired,Male,Operations Department,i7,16873
575292,7/3/2014 16:50,Hired,Female,Finance Department,c9,66536
499010,6/27/2014 13:55,Hired,Male,Operations Department,c5,60429
777478,6/30/2014 9:51,Hired,Female,Operations Department,c5,30070
605607,6/27/2014 5:22,Hired,Male,Service Department,c-10,42248
524171,6/27/2014 5:24,Hired,Female,Service Department,c-10,10154
865873,6/27/2014 18:04,Hired,Female,Service Department,b9,76666
79239,6/28/2014 13:44,Hired,Male,Sales Department,i5,6389
165194,6/28/2014 16:31,Hired,Male,Operations Department,c8,39800
12887,6/29/2014 17:47,Hired,Male,Human Resource Department,i6,13201
572590,6/29/2014 17:47,Hired,Female,Human Resource Department,i6,5612
754821,6/29/2014 0:14,Hired,Male,Purchase Department,i7,17687
326373,6/29/2014 12:39,Hired,Male,Service Department,i7,72303
405282,7/8/2014 8:03,Hired,Female,General Management,i7,40537
260348,6/30/2014 14:45,Hired,Female,Sales Department,i5,2634
113826,6/30/2014 14:46,Hired,Male,Sales Department,i5,53852
196727,6/30/2014 7:14,Hired,Female,Purchase Department,i6,70369
497220,7/1/2014 18:45,Hired,Male,Operations Department,i1,53229
489004,7/1/2014 16:30,Hired,Female,Sales Department,i6,40641
949475,7/1/2014 16:31,Hired,Female,Sales Department,i6,17388
474738,7/1/2014 16:33,Hired,Male,Sales Department,i6,59726
820647,7/4/2014 15:39,Hired,Male,Service Department,c-10,91084
661566,7/4/2014 15:43,Hired,Female,Service Department,c-10,40463
639198,7/23/2014 16:00,Hired,Female,Operations Department,c5,97563
979135,7/2/2014 8:10,Hired,Male,Service Department,c5,6335
891161,7/2/2014 23:00,Hired,Male,Operations Department,c9,94163
171540,7/2/2014 10:04,Hired,Female,Operations Department,c8,5077
401929,7/2/2014 10:57,Hired,Female,Operations Department,c9,57358
257932,7/2/2014 6:12,Hired,Female,Sales Department,b9,22978
736754,7/3/2014 18:01,Hired,Male,Purchase Department,i7,71443
593675,7/3/2014 9:12,Hired,Male,Operations Department,i5,30565
767725,7/3/2014 18:43,Hired,Female,Operations Department,c9,69889
322174,7/16/2014 12:29,Hired,Male,Operations Department,c9,67722
292713,7/3/2014 15:58,Hired,Female,Service Department,i7,5941
644076,7/10/2014 8:07,Hired,Male,Operations Department,c9,41975
846754,7/10/2014 8:06,Hired,Female,Operations Department,c9,3100
801096,7/3/2014 15:59,Hired,Female,Finance Department,i5,95379
754754,7/4/2014 4:00,Hired,Male,Sales Department,c5,48838
642052,7/4/2014 18:25,Hired,Female,Operations Department,c5,84258
983194,7/4/2014 16:37,Hired,Male,Production Department,c9,37268
333940,7/4/2014 8:47,Hired,Don’t want to say,Service Department,i5,83932
93833,7/4/2014 18:04,Hired,Don’t want to say,Service Department,i6,40933
433088,7/5/2014 8:45,Hired,Male,Operations Department,i5,67181
715088,7/7/2014 2:01,Hired,Female,Finance Department,b9,38478
342655,7/7/2014 2:01,Hired,Female,Finance Department,b9,63538
138814,7/7/2014 7:30,Hired,Male,Operations Department,c9,89383
510776,7/8/2014 14:16,Hired,Male,Sales Department,c5,12052
144246,7/8/2014 14:17,Hired,Male,Sales Department,c5,64474
858680,7/8/2014 15:53,Hired,Male,Purchase Department,b9,68010
838936,7/8/2014 13:27,Hired,Female,Finance Department,i5,69499
824627,7/18/2014 14:54,Hired,Female,Finance Department,i5,90370
304128,7/18/2014 14:54,Hired,Female,Finance Department,i5,98926
426255,7/12/2014 13:43,Hired,Female,Service Department,i6,95184
14220,7/14/2014 16:43,Hired,Male,Service Department,i6,77286
131853,7/8/2014 14:45,Hired,Male,Sales Department,c-10,75766
991235,7/8/2014 14:46,Hired,Female,Sales Department,c-10,65964
890158,7/8/2014 14:46,Hired,Male,Sales Department,c-10,16447
554834,7/18/2014 3:23,Hired,Male,Sales Department,c-10,23381
36675,7/9/2014 19:04,Hired,Male,Service Department,c-10,8866
756087,7/9/2014 8:31,Hired,Male,Service Department,c5,29887
317175,7/10/2014 14:04,Hired,Female,Operations Department,i6,24948
874702,7/14/2014 18:11,Hired,Male,Operations Department,i6,51911
68810,7/9/2014 13:43,Hired,Female,Operations Department,c-10,35013
955711,7/9/2014 0:16,Hired,Female,Operations Department,b9,45758
830372,7/9/2014 0:17,Hired,Male,Operations Department,b9,31132
586207,7/10/2014 4:27,Hired,Male,Operations Department,i7,46627
893087,7/10/2014 14:48,Hired,Female,Operations Department,c5,1740
703441,7/10/2014 17:42,Hired,Male,Service Department,b9,95033
433482,7/22/2014 8:21,Hired,Male,Service Department,i7,3336
927997,7/22/2014 8:22,Hired,Female,Service Department,i7,22962
327346,7/11/2014 11:35,Hired,Female,Operations Department,c5,45686
433227,7/11/2014 7:16,Hired,Male,Operations Department,c9,4714
503834,7/12/2014 11:17,Hired,Male,Operations Department,c9,24170
622415,7/13/2014 21:28,Hired,Male,Service Department,c9,43799
545838,7/14/2014 18:24,Hired,Female,Operations Department,c9,87960
977339,7/14/2014 6:50,Hired,Female,Service Department,c9,86329
549839,7/14/2014 6:55,Hired,Male,Service Department,c9,94873
776820,7/14/2014 11:17,Hired,Male,Operations Department,c9,36363
383202,7/14/2014 11:19,Hired,Female,Operations Department,c9,7875
167846,7/14/2014 11:17,Hired,Female,Operations Department,c9,12153
321567,7/15/2014 17:36,Hired,Male,Purchase Department,c-10,24135
560870,7/16/2014 10:28,Hired,Male,Human Resource Department,i5,98195
568508,7/16/2014 16:19,Hired,Female,Finance Department,c9,23885
18213,7/16/2014 16:20,Hired,Female,Finance Department,c9,51426
819022,7/16/2014 12:29,Hired,Female,Operations Department,i7,5210
542141,7/22/2014 21:05,Hired,Male,Service Department,i7,90267
686841,7/26/2014 12:55,Hired,Female,Operations Department,c5,12822
857879,7/17/2014 18:48,Hired,Male,Production Department,c9,25144
735436,7/17/2014 18:29,Hired,Female,Service Department,i6,52130
322530,7/18/2014 12:47,Hired,Male,Operations Department,i7,66589
631387,7/18/2014 12:51,Hired,Male,Operations Department,i7,81960
924631,7/22/2014 9:39,Hired,Male,Marketing Department,c9,43214
515022,7/18/2014 14:16,Hired,Male,Service Department,i5,42114
322926,7/18/2014 11:13,Hired,Male,Marketing Department,c-10,91208
978447,7/18/2014 15:05,Hired,Female,Operations Department,c9,84508
142086,7/18/2014 13:28,Hired,Male,Sales Department,c5,39033
55751,7/18/2014 13:29,Hired,Female,Sales Department,c5,30743
721792,7/24/2014 12:58,Hired,Male,Sales Department,c5,33822
682173,7/24/2014 12:59,Hired,Male,Sales Department,c5,47388
734018,7/21/2014 18:17,Hired,Male,Marketing Department,i5,39935
897407,8/13/2014 17:19,Hired,Male,Marketing Department,c-10,15601
972571,7/21/2014 13:15,Hired,Male,Operations Department,b9,4485
767327,7/21/2014 11:54,Hired,Male,Purchase Department,c8,95591
816124,7/21/2014 11:55,Hired,Male,Purchase Department,c8,47611
718500,7/24/2014 8:39,Hired,Male,Service Department,c9,48142
83781,7/22/2014 23:44,Hired,Male,Service Department,i6,8655
669162,7/22/2014 17:48,Hired,Male,Purchase Department,i7,81983
28310,7/22/2014 23:39,Hired,Male,Production Department,c9,90932
188744,7/22/2014 15:25,Hired,Male,Service Department,c9,40182
264099,7/22/2014 15:26,Hired,Male,Service Department,c9,93471
451952,7/22/2014 8:55,Hired,Female,Finance Department,c-10,43963
273732,7/23/2014 13:44,Hired,Female,Service Department,i7,32293
861705,7/23/2014 8:56,Hired,Male,Operations Department,i6,16116
811700,7/23/2014 3:45,Hired,Male,Service Department,c9,14346
500570,7/24/2014 10:57,Hired,Female,Operations Department,c5,25717
31994,7/24/2014 9:00,Hired,Female,Service Department,i5,95933
190139,7/24/2014 11:17,Hired,Female,Operations Department,i5,5046
74002,7/24/2014 12:26,Hired,Male,Sales Department,c-10,32321
996718,7/24/2014 12:44,Hired,Male,Operations Department,c5,69959
453574,7/24/2014 12:46,Hired,Male,Operations Department,c5,34797
692434,7/25/2014 14:00,Hired,Male,Operations Department,c9,3470
237486,8/2/2014 13:48,Hired,Male,Sales Department,c5,87032
34849,7/25/2014 13:16,Hired,Female,Finance Department,c5,97421
792207,7/25/2014 10:52,Hired,Female,Marketing Department,i7,66439
189641,7/25/2014 22:58,Hired,Female,Operations Department,b9,49636
990452,7/25/2014 22:58,Hired,Female,Operations Department,b9,5566
228808,7/25/2014 22:59,Hired,Female,Operations Department,b9,53354
168699,7/25/2014 9:28,Hired,Female,Operations Department,i6,52923
855930,7/25/2014 9:28,Hired,Don’t want to say,Operations Department,i6,63667
130541,7/26/2014 7:53,Hired,Male,Operations Department,i6,55168
775926,7/26/2014 14:19,Hired,Male,Operations Department,i7,97112
868266,7/26/2014 14:21,Hired,Male,Operations Department,i7,68050
729769,7/27/2014 15:44,Hired,Male,Operations Department,i7,36805
323756,7/28/2014 13:12,Hired,Female,Production Department,i5,34378
155836,8/1/2014 9:51,Hired,Male,Service Department,i5,64603
859749,7/29/2014 11:41,Hired,Male,Service Department,c5,72937
264784,7/31/2014 17:40,Hired,Female,Service Department,c5,46626
986281,7/29/2014 7:27,Hired,Female,Service Department,i7,6702
869833,8/4/2014 8:34,Hired,Male,Service Department,i7,17521
566830,7/30/2014 11:28,Hired,Male,Operations Department,i5,7649
360395,7/30/2014 9:10,Hired,Male,Marketing Department,c5,2001
963386,7/30/2014 14:43,Hired,Female,General Management,c9,52952
248270,7/30/2014 13:41,Hired,Male,Operations Department,c5,18896
593217,8/1/2014 8:32,Hired,Male,Operations Department,i7,36576
983169,8/9/2014 6:34,Hired,Male,Sales Department,c5,20660
67621,8/1/2014 14:52,Hired,Male,Operations Department,b9,42987
115745,8/1/2014 16:39,Hired,Female,Operations Department,i7,54756
907193,8/1/2014 8:53,Hired,Male,Service Department,c5,14362
863024,8/1/2014 10:47,Hired,Male,Service Department,c8,99967
635146,8/1/2014 16:35,Hired,Male,Service Department,i1,66408
751864,8/1/2014 16:37,Hired,Male,Service Department,i1,36477
859431,8/3/2014 14:40,Hired,Male,Human Resource Department,i5,13010
265207,8/4/2014 11:39,Hired,Male,Service Department,i5,83745
981459,8/4/2014 10:56,Hired,Female,Operations Department,c9,55709
926366,8/4/2014 0:52,Hired,Don’t want to say,Service Department,b9,39407
376300,8/4/2014 0:54,Hired,Don’t want to say,Service Department,b9,88307
957708,8/5/2014 16:06,Hired,Male,Operations Department,c5,53249
334311,8/8/2014 13:48,Hired,Female,Operations Department,c5,73643
985395,8/8/2014 13:47,Hired,Female,Operations Department,c5,35164
980616,8/5/2014 10:30,Hired,Female,Sales Department,c9,57025
415817,8/5/2014 10:31,Hired,Male,Sales Department,c9,88298
544139,8/5/2014 18:39,Hired,Male,Service Department,c-10,49339
291521,8/6/2014 13:31,Hired,Female,Service Department,c5,39017
137196,8/6/2014 13:33,Hired,Male,Service Department,c5,46567
350665,8/6/2014 16:25,Hired,Male,Operations Department,i6,4349
498759,8/6/2014 16:27,Hired,Male,Operations Department,i6,68692
447963,8/7/2014 17:22,Hired,Male,Service Department,c9,68802
212568,8/7/2014 10:53,Hired,Male,Sales Department,c8,11665
302732,8/7/2014 13:25,Hired,Male,Production Department,c-10,99891
528664,8/16/2014 12:13,Hired,Male,Service Department,c9,88378
218974,8/8/2014 15:48,Hired,Male,Operations Department,c8,5192
778617,8/8/2014 11:34,Hired,Female,Service Department,c5,72198
657610,8/8/2014 7:48,Hired,Female,Service Department,c5,27938
814813,8/8/2014 15:29,Hired,Female,Sales Department,i7,81715
559485,8/11/2014 20:50,Hired,Male,Operations Department,i6,70096
238863,8/11/2014 17:39,Hired,Male,Operations Department,b9,51276
995634,8/11/2014 17:41,Hired,Male,Operations Department,b9,80034
598603,8/11/2014 21:28,Hired,Female,Sales Department,c5,20297
486709,8/11/2014 17:31,Hired,Male,Sales Department,i6,53991
483281,8/11/2014 17:31,Hired,Female,Sales Department,i6,30932
564995,8/22/2014 10:19,Hired,Don’t want to say,Purchase Department,c-10,82431
723807,8/11/2014 14:33,Hired,Female,Sales Department,b9,92366
83215,8/12/2014 18:44,Hired,Female,Service Department,i6,52783
105862,8/12/2014 18:45,Hired,Female,Service Department,i6,75430
647810,8/12/2014 11:04,Hired,Male,Operations Department,i5,34018
637125,8/12/2014 10:58,Hired,Don’t want to say,Operations Department,i5,78158
910154,8/12/2014 13:52,Hired,Male,Operations Department,c5,60943
327902,8/12/2014 8:26,Hired,Male,Operations Department,i1,22662
828271,8/12/2014 11:05,Hired,Male,Sales Department,i7,9644
352807,8/13/2014 9:26,Hired,Female,Marketing Department,c5,39513
844224,8/13/2014 9:27,Hired,Female,Marketing Department,c5,68826
780287,8/13/2014 8:44,Hired,Male,Operations Department,c9,93038
104639,8/13/2014 18:15,Hired,Male,Operations Department,c8,1469
652444,8/13/2014 18:15,Hired,Male,Operations Department,c8,47232
248415,8/14/2014 16:10,Hired,Female,Operations Department,b9,90984
529917,8/14/2014 16:06,Hired,Don’t want to say,Operations Department,b9,6456
850690,8/14/2014 9:43,Hired,Male,Operations Department,i7,10355
336624,8/15/2014 13:44,Hired,Female,Service Department,c5,80440
182166,8/15/2014 10:35,Hired,Female,Operations Department,c-10,45378
12277,8/16/2014 6:55,Hired,Don’t want to say,Service Department,i7,22823
475101,8/16/2014 1:20,Hired,Male,Production Department,i1,94464
914596,8/17/2014 10:32,Hired,Female,Service Department,i6,74384
693114,8/17/2014 15:23,Hired,Female,Service Department,i1,5807
104642,8/20/2014 8:09,Hired,Male,Operations Department,c5,53744
82478,8/17/2014 13:47,Hired,Male,Operations Department,c8,19321
977943,8/17/2014 9:42,Hired,Female,Service Department,c9,82442
236432,8/20/2014 6:25,Hired,Male,Service Department,c9,10729
147215,8/18/2014 11:08,Hired,Male,Operations Department,i6,98535
949333,8/18/2014 14:21,Hired,Female,General Management,c-10,8994
578197,8/18/2014 8:15,Hired,Male,Purchase Department,i7,93397
513939,8/18/2014 1:34,Hired,Male,Service Department,c5,91426
661045,8/19/2014 16:44,Hired,Male,Service Department,c9,53659
419749,8/19/2014 13:28,Hired,Don’t want to say,Operations Department,c5,70029
847311,8/19/2014 16:39,Hired,Male,Sales Department,i5,79744
361579,8/19/2014 18:07,Hired,Female,Service Department,b9,70349
734607,8/19/2014 18:09,Hired,Male,Service Department,b9,47104
458373,8/19/2014 18:04,Hired,Don’t want to say,Service Department,b9,33714
629063,8/20/2014 15:06,Hired,Female,Operations Department,c5,57428
589914,8/20/2014 15:08,Hired,Female,Operations Department,c5,64738
352563,8/26/2014 8:59,Hired,Male,Operations Department,c-10,58640
467965,8/26/2014 9:00,Hired,Male,Operations Department,c-10,75372
144698,8/20/2014 19:58,Hired,Male,Operations Department,i6,61647
760357,8/20/2014 19:58,Hired,Female,Operations Department,i6,23576
220670,8/28/2014 14:51,Hired,Male,Service Department,i7,79622
367527,8/21/2014 18:28,Hired,Male,Sales Department,i5,86480
530521,8/21/2014 18:33,Hired,Male,Sales Department,i5,15789
268393,8/21/2014 13:42,Hired,Male,Service Department,i5,46558
48886,8/21/2014 18:05,Hired,Male,Service Department,i1,13051
848586,8/21/2014 11:06,Hired,Male,Operations Department,i7,37060
122591,8/21/2014 12:45,Hired,Female,Operations Department,b9,47377
690779,8/21/2014 18:59,Hired,Male,Operations Department,c-10,9483
579385,8/22/2014 11:07,Hired,Male,Operations Department,i5,57386
820391,8/22/2014 17:41,Hired,Don’t want to say,Service Department,c-10,40016
85670,8/22/2014 17:42,Hired,Don’t want to say,Service Department,c-10,86245
545076,8/22/2014 16:16,Hired,Male,Sales Department,c-10,32340
442184,8/22/2014 12:11,Hired,Don’t want to say,Operations Department,c5,63180
370469,8/22/2014 12:58,Hired,Male,Service Department,i6,25000
679335,8/23/2014 11:38,Hired,Male,Operations Department,c9,61823
275598,8/23/2014 14:23,Hired,Male,Sales Department,i7,23170
665097,8/24/2014 15:04,Hired,Male,Operations Department,c5,55335
925524,8/24/2014 15:08,Hired,Female,Operations Department,c5,43679
563755,8/25/2014 14:23,Hired,Female,Operations Department,b9,45787
294041,8/25/2014 9:30,Hired,Male,Service Department,b9,76243
53815,8/26/2014 19:53,Hired,Female,Service Department,c9,24908
807934,8/26/2014 19:54,Hired,Male,Service Department,c9,30336
947587,8/26/2014 18:50,Hired,Male,Service Department,i7,74117
594312,8/26/2014 17:03,Hired,Male,Service Department,c9,7399
270677,8/26/2014 7:46,Hired,Male,Service Department,c9,99273
403011,8/26/2014 7:50,Hired,Male,Service Department,c9,5125
323511,8/27/2014 17:09,Hired,Male,Operations Department,b9,87050
455375,8/27/2014 21:34,Hired,Male,Purchase Department,i7,50290
136714,8/28/2014 10:50,Hired,Male,Operations Department,b9,62801
780165,8/28/2014 18:04,Hired,Male,Operations Department,c9,98960
12430,8/28/2014 18:40,Hired,Male,Sales Department,b9,65673
247421,8/28/2014 7:29,Hired,Male,Service Department,i7,23952
143472,8/28/2014 7:30,Hired,Female,Service Department,i7,60211
651686,8/28/2014 7:31,Hired,Female,Service Department,i7,82453
96912,8/28/2014 12:22,Hired,Female,Production Department,i5,45024
349508,8/28/2014 11:56,Hired,Male,Production Department,i7,25678
451814,8/28/2014 6:46,Hired,Female,General Management,c9,96645
193879,8/28/2014 6:50,Hired,Female,General Management,c9,42100
58959,8/28/2014 16:45,Hired,Female,Service Department,c-10,49434
629081,8/30/2014 0:02,Hired,Don’t want to say,Marketing Department,i6,10817
780667,8/31/2014 13:06,Hired,Male,Service Department,i7,56727
830440,8/29/2014 12:21,Hired,Female,Service Department,i6,69776
293467,8/30/2014 8:15,Hired,Male,Sales Department,c5,44957
783165,8/31/2014 18:15,Hired,Female,Marketing Department,i6,33497
263203,6/17/2014 9:03,Hired,Female,Sales Department,c8,12194
462387,6/30/2014 16:58,Hired,Male,Sales Department,c9,81029
288469,6/30/2014 17:00,Hired,Female,Sales Department,c9,91349
290018,7/3/2014 9:58,Hired,Male,Sales Department,c5,13457
592777,8/14/2014 9:33,Hired,Male,Sales Department,c5,4514
741579,8/19/2014 10:56,Hired,Male,Sales Department,c5,98625
834770,5/23/2014 10:41,Hired,Female,Purchase Department,c5,7470
169584,6/26/2014 9:33,Hired,Female,Purchase Department,c5,25644
167150,7/2/2014 12:06,Hired,Female,Purchase Department,c5,59376
276510,7/2/2014 12:06,Hired,Male,Purchase Department,c5,41390
66948,7/8/2014 7:44,Hired,Male,Purchase Department,c5,62210
162068,7/8/2014 7:45,Hired,Female,Purchase Department,c5,98959
857560,7/8/2014 7:44,Hired,Don’t want to say,Purchase Department,c5,85527
295269,7/12/2014 11:08,Hired,Male,Purchase Department,c5,70275
929163,7/18/2014 14:59,Hired,Female,Purchase Department,c5,94241
816746,5/1/2014 22:33,Hired,Don’t want to say,Operations Department,c5,42846
404885,5/21/2014 10:49,Hired,Male,Operations Department,c5,52889
146486,5/23/2014 13:52,Hired,Male,Operations Department,c5,67496
165615,5/19/2014 9:31,Hired,Male,Service Department,c5,1632
751393,7/29/2014 9:32,Hired,Don’t want to say,Finance Department,c5,16075
115987,8/4/2014 17:24,Hired,Female,Finance Department,c5,7317
230054,5/7/2014 9:36,Hired,Male,Operations Department,i5,38155
132622,5/26/2014 8:55,Hired,Male,Operations Department,c5,49880
487999,8/27/2014 9:31,Hired,Male,Operations Department,c5,77765
832053,7/16/2014 9:31,Hired,Male,Operations Department,i5,67421
63052,7/16/2014 9:31,Hired,Male,Operations Department,i5,58707
452676,7/16/2014 9:32,Hired,Female,Operations Department,i5,40119
127139,5/1/2014 15:42,Hired,Male,Sales Department,c8,42951
324262,6/11/2014 9:33,Hired,Male,Sales Department,c8,55341
884821,6/20/2014 16:20,Hired,Male,Sales Department,c8,64052
866980,6/2/2014 10:47,Hired,Female,Operations Department,i6,42496
75097,6/5/2014 12:00,Hired,Male,Operations Department,i6,27779
184147,6/5/2014 12:02,Hired,Male,Operations Department,i6,96914
149267,6/23/2014 10:00,Hired,Male,Operations Department,i7,89318
14621,8/1/2014 17:57,Hired,Male,Operations Department,c5,3445
242590,8/29/2014 11:16,Hired,Male,Operations Department,c5,91251
205481,5/9/2014 16:24,Hired,Male,Operations Department,i7,28933
486305,5/9/2014 16:28,Hired,Female,Operations Department,i7,19572
487002,6/7/2014 18:41,Hired,Male,Operations Department,i7,84535
165000,6/16/2014 16:13,Hired,Male,Operations Department,i7,46109
894681,8/23/2014 16:05,Hired,Male,Operations Department,i7,29204
218472,8/24/2014 10:09,Hired,Male,Operations Department,i7,33201
898081,5/8/2014 15:27,Hired,Female,Operations Department,i7,30580
486534,5/9/2014 19:55,Hired,Female,Operations Department,i7,85077
587959,5/9/2014 19:53,Hired,Female,Operations Department,i7,15500
214844,5/9/2014 19:54,Hired,Female,Operations Department,i7,21883
733774,5/9/2014 19:56,Hired,Female,Operations Department,i7,91065
516459,6/2/2014 17:47,Hired,Female,Operations Department,i7,33427
461123,6/6/2014 9:10,Hired,Male,Operations Department,i7,12576
518772,6/23/2014 9:32,Hired,Male,Operations Department,i7,15241
249926,7/7/2014 17:11,Hired,Male,Operations Department,i7,37537
693142,8/6/2014 9:32,Hired,Male,Marketing Department,c9,61237
332698,5/20/2014 17:49,Hired,Male,Marketing Department,c-10,42994
302555,5/30/2014 8:46,Hired,Male,Marketing Department,c-10,35068
464696,5/30/2014 8:47,Hired,Male,Marketing Department,c-10,67245
878903,5/30/2014 12:30,Hired,Female,Marketing Department,c5,42010
756902,6/5/2014 9:29,Hired,Male,Marketing Department,c-10,88348
393895,5/12/2014 20:45,Hired,Male,Operations Department,c5,81819
690879,5/20/2014 15:57,Hired,Female,Operations Department,c5,69812
555034,6/9/2014 9:32,Hired,Male,Marketing Department,b9,28605
693918,6/24/2014 17:22,Hired,Male,Marketing Department,c9,50039
783969,7/31/2014 9:33,Hired,Female,Service Department,i5,79144
357078,7/31/2014 9:34,Hired,Male,Service Department,i5,73185
509371,8/8/2014 14:50,Hired,Male,Service Department,i5,50696
929396,8/12/2014 17:12,Hired,Male,Service Department,i5,28657
430390,8/12/2014 17:14,Hired,Male,Service Department,i5,17722
768225,8/7/2014 9:32,Hired,Male,Service Department,c9,99880
809356,5/2/2014 9:32,Hired,Don’t want to say,Operations Department,c8,5614
202756,7/2/2014 14:26,Hired,Female,Service Department,b9,28447
476942,7/2/2014 14:27,Hired,Female,Service Department,b9,20426
707682,7/2/2014 14:29,Hired,Female,Service Department,b9,96456
813196,7/21/2014 9:32,Hired,Male,Service Department,c9,41636
154930,7/21/2014 9:32,Hired,Female,Service Department,c9,76762
42714,7/22/2014 9:31,Hired,Male,Operations Department,c9,23116
679141,6/17/2014 9:32,Hired,Male,Marketing Department,c9,85620
125996,8/14/2014 15:19,Hired,Male,Marketing Department,c9,15445
93480,5/20/2014 9:35,Hired,Male,Production Department,c5,72487
355251,8/13/2014 15:58,Hired,Male,Production Department,c5,80111
132989,8/21/2014 18:23,Hired,Male,Production Department,c5,39402
393845,5/21/2014 7:53,Hired,Male,Service Department,c-10,14293
603842,7/4/2014 9:34,Hired,Female,Service Department,c5,6259
703448,7/4/2014 9:37,Hired,Male,Service Department,c5,78621
962962,7/29/2014 13:59,Hired,Female,Operations Department,i5,31944
714441,7/30/2014 9:06,Hired,Male,Operations Department,i5,1513
774510,7/30/2014 9:06,Hired,Male,Operations Department,i5,22954
653023,6/4/2014 11:52,Hired,Female,Operations Department,c5,15158
209299,6/7/2014 9:09,Hired,Male,Operations Department,c5,52606
563468,7/8/2014 9:33,Hired,Female,Sales Department,b9,78138
381579,5/27/2014 7:07,Hired,Male,Operations Department,c9,78669
460688,5/27/2014 7:11,Hired,Male,Operations Department,c9,69997
177858,6/12/2014 17:52,Hired,Male,Operations Department,c9,43402
978040,7/4/2014 11:12,Hired,Male,Operations Department,c9,51268
632366,6/5/2014 15:42,Hired,Male,Operations Department,c9,11383
300059,5/5/2014 9:31,Hired,Female,Finance Department,c-10,79999
967868,7/18/2014 12:29,Hired,Female,General Management,i6,36260
771358,7/25/2014 9:31,Hired,Female,General Management,i6,68162
667908,7/25/2014 9:35,Hired,Female,General Management,i6,65417
76133,8/11/2014 15:52,Hired,Female,Service Department,b9,6354
625524,5/2/2014 13:25,Hired,Female,Service Department,c-10,93932
120857,5/2/2014 13:27,Hired,Male,Service Department,c-10,61906
452817,5/2/2014 13:28,Hired,Male,Service Department,c-10,73086
829076,5/4/2014 10:19,Hired,Male,Service Department,c-10,62573
841263,5/4/2014 10:20,Hired,Male,Service Department,c-10,91836
857543,7/5/2014 16:16,Hired,Male,Service Department,c-10,81718
982845,5/21/2014 9:36,Hired,Male,Service Department,i7,2789
182357,5/21/2014 9:37,Hired,Male,Service Department,i7,24025
733985,6/5/2014 9:31,Hired,Male,Sales Department,c5,25618
245099,7/21/2014 13:06,Hired,Male,Operations Department,c9,43679
991656,8/25/2014 9:31,Hired,Male,Sales Department,c9,54635
230796,8/25/2014 9:32,Hired,Female,Sales Department,c9,85569
92424,8/4/2014 9:32,Hired,Male,Service Department,c5,35888
94618,8/4/2014 9:31,Hired,Don’t want to say,Service Department,c5,72364
738670,8/19/2014 17:44,Hired,Female,Operations Department,c9,41594
753532,7/17/2014 9:32,Hired,Female,Service Department,c-10,38192
452737,7/17/2014 9:33,Hired,Male,Service Department,c-10,18861
705257,7/19/2014 17:20,Hired,Female,Marketing Department,c5,59775
724086,5/5/2014 7:02,Hired,Male,Operations Department,c5,10823
487732,6/25/2014 16:26,Hired,Male,Operations Department,c5,80542
205968,6/25/2014 16:32,Hired,Female,Operations Department,c5,23288
430846,5/1/2014 10:27,Hired,Male,Operations Department,c9,89058
844797,5/8/2014 15:51,Hired,Don’t want to say,Operations Department,c9,30393
551054,5/16/2014 16:08,Hired,Female,Operations Department,c9,12584
321233,6/24/2014 14:29,Hired,Female,Operations Department,c9,71556
430158,7/1/2014 19:31,Hired,Male,Operations Department,c9,72712
358584,8/1/2014 14:29,Hired,Male,Operations Department,c9,12920
366071,8/1/2014 14:33,Hired,Female,Operations Department,c9,41743
149727,8/14/2014 16:47,Hired,Female,Operations Department,c9,88216
506401,8/14/2014 16:51,Hired,Female,Operations Department,c9,85114
254752,8/21/2014 9:25,Hired,Male,Operations Department,c9,75415
893073,5/14/2014 9:59,Hired,Male,Operations Department,b9,69124
659767,5/1/2014 11:36,Hired,Male,Operations Department,i7,61362
666314,5/1/2014 11:40,Hired,Female,Operations Department,i7,92994
695736,5/1/2014 11:35,Hired,Female,Operations Department,i7,32616
737852,5/5/2014 9:31,Hired,Female,Operations Department,c9,69025
189422,5/6/2014 19:25,Hired,Male,Operations Department,c9,56039
934049,5/8/2014 15:44,Hired,Male,Operations Department,i7,30651
137317,5/9/2014 19:54,Hired,Male,Operations Department,c9,75648
695640,7/18/2014 17:03,Hired,Male,Operations Department,i7,10787
436353,7/18/2014 17:07,Hired,Female,Operations Department,i7,98319
624625,7/18/2014 17:10,Hired,Female,Operations Department,i7,71254
639861,7/29/2014 15:18,Hired,Male,Operations Department,c9,25030
536123,7/29/2014 15:25,Hired,Female,Operations Department,c9,64271
583369,8/8/2014 9:35,Hired,Male,Operations Department,c9,97329
123118,8/8/2014 9:37,Hired,Female,Operations Department,c9,68526
665487,8/11/2014 10:43,Hired,Male,Operations Department,c9,66678
586559,7/25/2014 23:34,Hired,Female,Operations Department,c9,40269
135854,7/30/2014 9:24,Hired,Male,Operations Department,c9,28038
802663,7/23/2014 15:28,Hired,Female,Operations Department,i7,51388
597869,7/23/2014 15:33,Hired,Female,Operations Department,i7,78358
80619,7/31/2014 14:05,Hired,Don’t want to say,Operations Department,i7,80438
245650,7/31/2014 14:05,Hired,Don’t want to say,Operations Department,i7,37930
661954,5/13/2014 9:34,Hired,Female,Service Department,c-10,26666
368942,5/17/2014 14:46,Hired,Male,Service Department,c-10,73960
940275,7/29/2014 17:36,Hired,Don’t want to say,Operations Department,i5,53484
933818,8/8/2014 12:40,Hired,Male,Operations Department,i5,12323
138733,8/8/2014 12:42,Hired,Male,Operations Department,i5,73873
518587,8/8/2014 12:43,Hired,Male,Operations Department,i5,81742
974429,8/8/2014 12:47,Hired,Male,Operations Department,i5,88589
994181,8/20/2014 9:33,Hired,Female,Purchase Department,c5,49869
368517,8/8/2014 9:33,Hired,Female,Service Department,i5,83286
357876,7/14/2014 9:31,Hired,Male,Purchase Department,c9,47302
950041,8/23/2014 19:50,Hired,Male,Purchase Department,c9,27830
598714,8/23/2014 19:51,Hired,Male,Purchase Department,c9,8068
188110,8/23/2014 19:52,Hired,Male,Purchase Department,c9,51603
802295,6/13/2014 16:40,Hired,Male,Service Department,c9,87431
751647,6/13/2014 16:41,Hired,Male,Service Department,c9,39881
615653,6/18/2014 3:32,Hired,Female,Service Department,c9,66262
628273,7/28/2014 9:31,Hired,Male,Operations Department,c9,10175
903767,7/28/2014 12:40,Hired,Male,Operations Department,c9,53338
193661,8/16/2014 1:10,Hired,Female,Operations Department,c9,72200
936693,6/18/2014 16:28,Hired,Male,Operations Department,c9,12124
503766,6/18/2014 18:05,Hired,Male,Operations Department,c9,17320
919960,8/12/2014 9:36,Hired,Female,Operations Department,c9,87445
376034,8/12/2014 9:32,Hired,Female,Operations Department,c9,31041
834576,8/12/2014 9:33,Hired,Female,Operations Department,c9,41123
110322,8/12/2014 9:34,Hired,Female,Operations Department,c9,85673
45708,8/12/2014 9:35,Hired,Female,Operations Department,c9,12735
656692,7/14/2014 17:18,Hired,Female,Human Resource Department,c8,33714
650516,7/16/2014 9:32,Hired,Male,Human Resource Department,c8,51638
138930,7/25/2014 14:07,Hired,Male,Human Resource Department,i5,57586
135446,6/5/2014 9:32,Hired,Female,Operations Department,b9,91138
308325,5/29/2014 9:33,Hired,Male,Operations Department,c9,82763
190290,6/1/2014 9:56,Hired,Male,Operations Department,c9,51741
481410,7/18/2014 13:21,Hired,Don’t want to say,Operations Department,c5,6134
478882,7/10/2014 20:01,Hired,Male,Operations Department,c5,96127
742130,7/17/2014 9:32,Hired,Male,Operations Department,c5,89516
559622,7/17/2014 9:32,Hired,Female,Operations Department,c5,46100
461699,5/8/2014 16:56,Hired,Male,Operations Department,i6,77446
269624,7/10/2014 9:32,Hired,Male,Operations Department,i6,54321
246343,8/13/2014 11:04,Hired,Male,Operations Department,i6,87688
210917,8/13/2014 11:06,Hired,Male,Operations Department,i6,44157
936124,8/13/2014 11:06,Hired,Male,Operations Department,i6,7704
814691,5/15/2014 9:34,Hired,Female,Service Department,c9,29460
103368,5/21/2014 7:59,Hired,Female,Service Department,c9,56073
481635,6/17/2014 11:22,Hired,Don’t want to say,Service Department,c9,23082
742146,6/18/2014 7:35,Hired,Female,Service Department,c9,65747
795283,6/19/2014 15:26,Hired,Don’t want to say,Service Department,c9,87332
44114,6/3/2014 15:12,Hired,Female,Operations Department,c9,23746
570607,7/24/2014 16:53,Hired,Male,Purchase Department,i7,47389
384336,8/12/2014 12:03,Hired,Male,Purchase Department,i7,60096
791624,5/27/2014 16:56,Hired,Female,Production Department,i7,43830
401119,5/21/2014 2:45,Hired,Male,Service Department,i5,38315
153994,6/23/2014 9:35,Hired,Female,Operations Department,c8,39097
751324,6/23/2014 17:54,Hired,Male,Operations Department,i5,47884
35872,6/23/2014 17:53,Hired,Don’t want to say,Operations Department,i5,2963
505647,6/4/2014 9:32,Hired,Male,Human Resource Department,i7,95088
65281,8/20/2014 15:17,Hired,Male,Operations Department,i6,16517
529887,7/10/2014 11:18,Hired,Female,Service Department,c9,39772
626291,7/10/2014 11:19,Hired,Male,Service Department,c9,60274
227046,8/27/2014 18:08,Hired,-,Operations Department,b9,76730
101549,5/20/2014 13:33,Hired,Female,Finance Department,i7,82771
55706,5/20/2014 13:35,Hired,Female,Finance Department,i7,86937
868847,6/21/2014 13:34,Hired,Female,Finance Department,i7,93219
947270,6/21/2014 13:36,Hired,Female,Finance Department,i7,32160
899762,6/23/2014 11:42,Hired,Female,Finance Department,i7,39146
635482,7/14/2014 9:31,Hired,Female,Operations Department,c-10,67051
240772,5/4/2014 8:10,Hired,Female,Service Department,c5,18281
603992,7/9/2014 17:31,Hired,Male,Service Department,i5,71166
454543,8/27/2014 16:33,Hired,Male,Human Resource Department,c8,33908
521484,8/4/2014 16:45,Hired,Female,Service Department,c9,77487
258366,8/11/2014 9:32,Hired,Male,Service Department,c9,44494
99043,6/13/2014 3:33,Hired,Male,Operations Department,c9,75040
423920,6/21/2014 9:41,Hired,Male,Operations Department,c9,76305
382458,6/30/2014 10:34,Hired,Male,Operations Department,c9,6041
309858,5/6/2014 9:32,Hired,Don’t want to say,Service Department,c5,93522
58219,8/25/2014 10:18,Hired,Male,Production Department,c9,81522
638672,8/27/2014 8:22,Hired,Male,Production Department,c9,59695
925194,5/3/2014 16:03,Hired,Male,Sales Department,c8,27426
539039,5/3/2014 16:03,Hired,Don’t want to say,Sales Department,c8,80117
273549,7/9/2014 9:31,Hired,Male,Sales Department,c8,67605
396461,7/9/2014 9:32,Hired,Male,Sales Department,c8,33043
627546,7/23/2014 7:04,Hired,Male,Sales Department,c8,7409
457760,8/21/2014 9:32,Hired,Male,Service Department,i7,67411
941474,8/21/2014 9:34,Hired,Female,Service Department,i7,44038
298130,8/21/2014 9:32,Hired,Female,Service Department,i7,50457
783522,8/22/2014 9:31,Hired,Male,Service Department,c5,15457
222478,5/27/2014 19:45,Hired,Female,Service Department,c-10,61681
561457,7/10/2014 8:45,Hired,Male,Service Department,c-10,80432
52782,5/26/2014 9:32,Hired,Male,Service Department,i5,27101
489065,5/28/2014 19:33,Hired,Female,Service Department,i5,30200
687478,6/3/2014 9:12,Hired,Don’t want to say,Service Department,i5,68539
521928,6/10/2014 17:23,Hired,Female,Service Department,i5,22740
234624,6/14/2014 18:37,Hired,Male,Service Department,i5,27736
680409,8/29/2014 11:10,Hired,Male,Service Department,i5,64553
360707,7/8/2014 9:36,Hired,Female,Operations Department,i6,17587
703126,7/8/2014 9:38,Hired,Female,Operations Department,i6,19029
744831,5/9/2014 13:23,Hired,Male,Service Department,c5,33095
905274,6/6/2014 17:45,Hired,Female,Operations Department,c-10,42100
220546,6/6/2014 17:48,Hired,Female,Operations Department,c-10,18465
116204,6/19/2014 19:53,Hired,Female,Operations Department,c-10,27278
955461,7/2/2014 9:32,Hired,Male,Operations Department,c-10,99037
284535,5/1/2014 9:33,Hired,Male,Marketing Department,c9,4686
977471,7/17/2014 12:05,Hired,Male,Service Department,i7,52280
342154,6/26/2014 9:01,Hired,Female,Operations Department,c9,96032
180086,6/26/2014 9:04,Hired,Female,Operations Department,c9,55177
258186,7/11/2014 10:00,Hired,Female,Operations Department,c9,38034
53510,5/23/2014 9:31,Hired,Male,Operations Department,c5,54503
50158,6/5/2014 18:13,Hired,Female,Operations Department,c5,26422
189866,6/9/2014 14:43,Hired,Male,Operations Department,c5,3330
18701,6/20/2014 18:35,Hired,Male,Operations Department,c5,79234
527591,6/26/2014 0:41,Hired,Male,Operations Department,c5,69559
980503,6/14/2014 9:30,Hired,Female,Marketing Department,i1,23843
902869,6/14/2014 9:30,Hired,Male,Marketing Department,i1,87397
825924,6/14/2014 9:31,Hired,Male,Marketing Department,i1,14658
934522,5/2/2014 14:12,Hired,Female,General Management,c9,91445
275419,5/5/2014 19:41,Hired,Male,General Management,i6,79689
489080,7/7/2014 9:31,Hired,Male,Operations Department,c9,17378
165499,7/7/2014 9:33,Hired,Male,Operations Department,c9,24452
861441,7/17/2014 13:13,Hired,Female,Operations Department,c9,57146
228054,7/17/2014 13:13,Hired,Male,Operations Department,c9,10646
708992,7/16/2014 9:52,Hired,Female,Operations Department,c9,46129
383976,7/16/2014 9:54,Hired,Female,Operations Department,c9,84992
723857,5/25/2014 10:45,Hired,Male,Service Department,c9,37285
937869,7/11/2014 19:01,Hired,Female,Service Department,c9,76032
350425,7/23/2014 16:56,Hired,Male,Service Department,c9,95587
978384,7/23/2014 16:57,Hired,Female,Service Department,c9,33484
686364,7/3/2014 9:31,Hired,Female,Operations Department,i7,26851
316515,7/3/2014 9:33,Hired,Male,Operations Department,i7,11556
976906,5/26/2014 17:54,Hired,Female,Service Department,c-10,49667
43558,5/26/2014 17:54,Hired,Female,Service Department,c-10,24867
614695,5/16/2014 9:32,Hired,Male,Operations Department,c9,97614
483616,5/16/2014 9:33,Hired,Male,Operations Department,c9,38880
985439,5/18/2014 22:26,Hired,Female,Operations Department,i5,79611
983431,6/4/2014 9:13,Hired,Female,Operations Department,c9,18881
951218,7/18/2014 9:32,Hired,Female,Operations Department,c9,55809
280138,7/18/2014 19:30,Hired,Female,Operations Department,i5,72664
243776,7/18/2014 19:33,Hired,Male,Operations Department,i5,87521
340001,7/21/2014 15:07,Hired,Male,Operations Department,i5,19917
688430,7/21/2014 15:09,Hired,Female,Operations Department,i5,3931
217615,7/21/2014 15:08,Hired,Female,Operations Department,i5,3290
372578,7/21/2014 15:09,Hired,Female,Operations Department,i5,16385
172212,7/21/2014 15:11,Hired,Female,Operations Department,i5,39002
332886,7/21/2014 15:12,Hired,Female,Operations Department,i5,95555
279479,7/25/2014 9:37,Hired,Male,Operations Department,c9,34260
782316,7/28/2014 8:25,Hired,Male,Operations Department,c9,43040
471223,8/15/2014 9:34,Hired,Female,Operations Department,c9,70497
485078,8/15/2014 9:35,Hired,Male,Operations Department,c9,40687
24880,7/4/2014 8:34,Hired,Male,Operations Department,c5,18527
35902,7/5/2014 11:18,Hired,Male,Operations Department,c5,12508
136609,7/8/2014 18:43,Hired,Male,Operations Department,i1,99169
839749,5/21/2014 15:08,Hired,Male,Operations Department,i6,9199
434830,6/6/2014 4:31,Hired,Male,Operations Department,i5,66521
639529,6/6/2014 4:31,Hired,Female,Operations Department,i5,95111
758774,5/12/2014 23:13,Hired,Don’t want to say,Marketing Department,c9,42869
590682,5/14/2014 9:32,Hired,Male,Operations Department,i7,51131
107163,7/9/2014 9:31,Hired,Male,Operations Department,i7,67869
740604,7/9/2014 9:32,Hired,Male,Operations Department,i7,42459
298297,7/9/2014 9:35,Hired,Male,Operations Department,i7,46222
925976,5/14/2014 11:13,Hired,Male,Operations Department,c-10,38000
916219,8/6/2014 7:44,Hired,Female,Finance Department,i1,31724
105487,8/8/2014 5:13,Hired,Female,Finance Department,i1,62331
577016,6/11/2014 18:18,Hired,Male,Operations Department,i7,60448
593847,8/27/2014 9:32,Hired,Don’t want to say,Operations Department,i7,46661
679555,5/21/2014 9:34,Hired,Male,Operations Department,c8,1646
307175,6/14/2014 18:57,Hired,Female,Finance Department,i7,62291
604503,6/26/2014 17:38,Hired,Female,Finance Department,i7,78186
476510,5/23/2014 3:35,Hired,Male,Production Department,i1,71255
410845,5/23/2014 13:55,Hired,Male,Production Department,i1,25664
99869,5/23/2014 13:56,Hired,Male,Production Department,i1,58143
58730,5/23/2014 13:56,Hired,Don’t want to say,Production Department,i1,42593
228007,7/18/2014 18:59,Hired,Male,Production Department,i1,22172
120784,7/21/2014 11:44,Hired,Male,Production Department,i1,34253
419712,7/21/2014 11:44,Hired,Male,Production Department,i1,20831
439765,8/7/2014 14:51,Hired,Male,Production Department,i1,77026
499939,7/16/2014 13:32,Hired,Female,Operations Department,c-10,61779
489788,7/16/2014 13:34,Hired,Female,Operations Department,c-10,69626
617547,8/1/2014 9:32,Hired,Male,Operations Department,c-10,11530
517271,6/12/2014 16:44,Hired,Female,General Management,i7,76110
844493,7/1/2014 9:33,Hired,Female,Human Resource Department,i6,95194
789804,7/1/2014 9:36,Hired,Female,Human Resource Department,i6,11322
459062,7/1/2014 9:36,Hired,Female,Human Resource Department,i6,6715
659823,7/13/2014 8:14,Hired,Male,Service Department,i7,98666
203764,8/7/2014 9:31,Hired,Female,Service Department,i7,80165
14857,8/25/2014 8:26,Hired,Female,Service Department,i7,54112
165545,7/22/2014 10:18,Hired,Male,Production Department,c-10,33814
650345,5/14/2014 12:58,Hired,Female,Operations Department,c9,42620
231879,5/23/2014 7:56,Hired,Female,Operations Department,c9,61751
342615,5/23/2014 7:57,Hired,Male,Operations Department,c9,43304
141128,6/12/2014 13:42,Hired,Male,Operations Department,c9,33330
961393,5/29/2014 12:58,Hired,Male,Operations Department,c9,4703
884079,5/29/2014 19:18,Hired,Male,Operations Department,c9,37271
763319,5/1/2014 14:27,Hired,Male,Marketing Department,i5,70542
333339,7/25/2014 9:36,Hired,Female,Marketing Department,i5,95050
48952,6/2/2014 13:45,Hired,Don’t want to say,Service Department,c9,49285
823035,8/6/2014 10:13,Hired,Male,Production Department,c5,8146
77360,8/6/2014 10:59,Hired,Female,Production Department,c5,41743
660708,6/26/2014 9:00,Hired,Male,Operations Department,c-10,98444
877915,6/26/2014 9:05,Hired,Female,Operations Department,c-10,9066
719982,6/21/2014 12:22,Hired,Male,Operations Department,i6,75782
18728,6/21/2014 12:23,Hired,Female,Operations Department,i6,20180
958317,8/4/2014 9:31,Hired,Male,Purchase Department,c9,97852
658586,8/4/2014 9:32,Hired,Don’t want to say,Purchase Department,c9,19802
66682,8/27/2014 8:17,Hired,Male,Operations Department,c5,21158
889764,8/27/2014 8:17,Hired,Female,Operations Department,c5,26692
16043,5/29/2014 9:36,Hired,Male,Operations Department,c5,85780
577264,6/7/2014 15:52,Hired,Female,Operations Department,b9,28676
240865,7/17/2014 18:11,Hired,Male,Operations Department,b9,49086
807688,5/31/2014 13:52,Hired,Male,Service Department,i6,17268
510934,6/17/2014 11:41,Hired,Male,Service Department,i6,71141
268308,6/20/2014 13:27,Hired,Male,Service Department,i6,38483
101092,6/28/2014 14:21,Hired,Female,Service Department,i6,16530
624227,7/15/2014 9:31,Hired,Female,Service Department,i6,9299
770714,7/10/2014 10:29,Hired,Female,Human Resource Department,c5,69273
423766,7/30/2014 12:11,Hired,Female,Human Resource Department,c5,51476
113715,8/19/2014 9:04,Hired,Female,Human Resource Department,c5,52538
996835,6/12/2014 14:15,Hired,Don’t want to say,Service Department,c5,95328
298589,5/14/2014 7:27,Hired,Male,Operations Department,c9,32952
127268,7/30/2014 18:15,Hired,Male,Service Department,i5,8172
90601,7/30/2014 18:16,Hired,Female,Service Department,i5,15277
961227,7/30/2014 18:17,Hired,Female,Service Department,i5,23112
618331,7/30/2014 18:19,Hired,Male,Service Department,i5,61657
680771,8/5/2014 13:52,Hired,Male,Service Department,i5,65525
232988,6/12/2014 9:32,Hired,Male,Operations Department,c9,48721
812365,6/20/2014 8:13,Hired,Male,Operations Department,c9,66600
499754,7/18/2014 16:36,Hired,Male,Operations Department,c9,68351
718505,7/18/2014 16:38,Hired,Male,Operations Department,c9,70687
169578,7/30/2014 18:27,Hired,Female,Operations Department,c9,44372
988971,7/30/2014 18:28,Hired,Male,Operations Department,c9,98489
776735,8/29/2014 9:31,Hired,Male,Service Department,c9,16566
316923,8/29/2014 9:31,Hired,Female,Service Department,c9,20943
566412,8/29/2014 9:33,Hired,Female,Service Department,c9,10941
920907,8/30/2014 10:25,Hired,Female,Service Department,c9,19177
544038,5/13/2014 11:17,Hired,Female,Operations Department,i6,76319
45501,5/13/2014 17:09,Hired,Female,Operations Department,i6,35261
218064,5/5/2014 14:01,Hired,Female,General Management,c9,94930
797924,6/5/2014 9:32,Hired,Male,Operations Department,i5,50347
840839,8/13/2014 7:44,Hired,Male,Operations Department,i5,60136
390984,6/5/2014 11:11,Hired,Male,Marketing Department,c8,36542
27767,6/9/2014 13:30,Hired,Female,Marketing Department,c8,87716
270674,6/9/2014 13:32,Hired,Female,Marketing Department,c8,29782
938391,6/15/2014 8:31,Hired,Male,Marketing Department,c8,73109
680293,6/13/2014 14:58,Hired,Female,Marketing Department,c8,81750
925197,6/24/2014 15:50,Hired,Female,Marketing Department,c8,24987
357320,6/4/2014 9:33,Hired,Don’t want to say,Service Department,c9,15621
598888,6/18/2014 16:22,Hired,Male,Service Department,i1,69583
490699,7/21/2014 8:37,Hired,Female,Service Department,i1,42100
259037,7/21/2014 8:37,Hired,Male,Service Department,i1,4781
947234,7/24/2014 16:18,Hired,Female,Service Department,i1,90471
664174,8/15/2014 20:10,Hired,Male,Service Department,i1,17952
859776,7/2/2014 9:36,Hired,Female,Operations Department,c-10,17835
213055,7/23/2014 9:31,Hired,Male,Operations Department,c-10,25771
658734,7/23/2014 9:35,Hired,Male,Operations Department,c-10,43960
293281,8/29/2014 13:04,Hired,Male,Operations Department,c-10,98419
597601,6/12/2014 9:31,Hired,Male,Operations Department,b9,8371
31422,6/12/2014 9:34,Hired,Female,Operations Department,b9,94522
412196,6/12/2014 10:48,Hired,Female,Operations Department,b9,68430
90710,6/17/2014 10:54,Hired,Male,Operations Department,b9,97062
72748,6/17/2014 10:58,Hired,Male,Operations Department,b9,60035
739532,7/1/2014 10:40,Hired,Male,Operations Department,b9,49458
740238,8/6/2014 21:29,Hired,Male,Operations Department,b9,59295
472685,8/6/2014 21:33,Hired,Female,Operations Department,b9,38479
87713,7/9/2014 15:02,Hired,Male,Service Department,c9,74456
148880,7/8/2014 14:05,Hired,Male,Service Department,c-10,72334
340577,5/26/2014 8:38,Hired,Male,Service Department,c8,73762
966312,6/12/2014 16:37,Hired,Female,Service Department,c8,4129
607598,7/29/2014 10:31,Hired,Female,Service Department,c8,38500
310613,7/28/2014 15:35,Hired,Male,Operations Department,c-10,11134
458984,7/28/2014 9:33,Hired,Male,Operations Department,c9,98965
224851,5/27/2014 19:17,Hired,Female,Sales Department,c5,26053
203784,5/20/2014 9:32,Hired,Female,General Management,c-10,83818
533780,5/20/2014 9:33,Hired,Female,General Management,c-10,20666
703211,6/10/2014 9:31,Hired,Male,Purchase Department,i5,43505
484818,5/7/2014 9:31,Hired,Male,Operations Department,i5,11394
227028,7/17/2014 11:32,Hired,Male,Service Department,c9,33648
315545,7/28/2014 9:59,Hired,Male,Service Department,c9,36859
861007,8/14/2014 19:50,Hired,Male,Service Department,c9,32576
802027,8/31/2014 16:34,Hired,Male,Service Department,c9,21413
305414,5/1/2014 9:31,Hired,Female,Finance Department,c5,27289
722120,8/19/2014 16:13,Hired,Don’t want to say,Operations Department,c9,25246
424101,8/22/2014 15:00,Hired,Male,Operations Department,c9,88721
224983,8/22/2014 15:01,Hired,Male,Operations Department,c9,72843
386421,8/22/2014 15:04,Hired,Male,Operations Department,c9,20087
997434,8/22/2014 15:05,Hired,Male,Operations Department,c9,99091
566587,8/22/2014 15:06,Hired,Male,Operations Department,c9,27670
573979,8/22/2014 15:07,Hired,Female,Operations Department,c9,19367
122565,8/4/2014 9:32,Hired,Male,Operations Department,i7,79920
498458,8/12/2014 8:28,Hired,Male,Service Department,i7,99596
941551,8/19/2014 2:37,Hired,Male,Service Department,i7,52037
71796,8/19/2014 2:40,Hired,Male,Service Department,i7,21371
222485,8/19/2014 7:41,Hired,Female,Service Department,i7,25586
34179,8/7/2014 17:22,Hired,Female,Operations Department,c9,26150
760525,8/7/2014 17:24,Hired,Male,Operations Department,c9,95834
913328,8/7/2014 17:21,Hired,Female,Operations Department,c9,10982
906610,7/10/2014 9:31,Hired,Male,Operations Department,c9,27403
356309,7/10/2014 9:31,Hired,Male,Production Department,i5,84905
170369,7/17/2014 9:31,Hired,Male,Production Department,c-10,1817
955200,8/2/2014 1:24,Hired,Male,Production Department,c-10,95400
452559,6/5/2014 11:39,Hired,Don’t want to say,Operations Department,c8,98670
811260,6/27/2014 9:31,Hired,Male,Operations Department,c8,10730
486771,7/8/2014 14:50,Hired,Female,Operations Department,c8,57130
932139,7/4/2014 19:06,Hired,Female,Operations Department,c8,17249
606591,7/4/2014 19:06,Hired,Male,Operations Department,c8,80966
377923,7/28/2014 8:35,Hired,Female,Operations Department,c8,30875
801545,7/28/2014 8:36,Hired,Male,Operations Department,c8,58330
290514,8/8/2014 9:35,Hired,Female,Operations Department,c8,89900
956314,5/28/2014 12:01,Hired,Female,Service Department,i6,92168
545043,7/25/2014 10:08,Hired,Female,Service Department,i6,29874
105298,7/29/2014 14:37,Hired,Male,Production Department,i5,28017
680068,7/21/2014 9:34,Hired,Male,Operations Department,c9,87219
467827,5/12/2014 9:31,Hired,Male,Purchase Department,i5,76512
24128,7/7/2014 14:54,Hired,Female,Purchase Department,i5,47611
538085,7/7/2014 14:55,Hired,Male,Purchase Department,i5,78543
164872,7/14/2014 9:32,Hired,Male,Purchase Department,i5,62045
657388,5/10/2014 17:09,Hired,Don’t want to say,Service Department,i5,9994
227598,5/16/2014 7:24,Hired,Male,Service Department,i5,55322
726965,5/16/2014 7:29,Hired,Male,Service Department,i5,22567
597119,7/9/2014 10:10,Hired,Female,Service Department,i5,85877
612288,7/16/2014 9:09,Hired,Female,Service Department,i5,16544
693241,7/22/2014 9:33,Hired,Female,Purchase Department,i6,31755
117110,7/22/2014 9:33,Hired,Male,Purchase Department,i6,7947
704096,7/22/2014 9:34,Hired,Male,Purchase Department,i6,51383
867293,5/1/2014 19:52,Hired,Male,Operations Department,c-10,19871
722156,5/22/2014 14:40,Hired,Male,Operations Department,c-10,70411
964928,5/22/2014 14:39,Hired,Don’t want to say,Operations Department,c-10,67453
661256,5/30/2014 19:54,Hired,Male,Operations Department,i7,42499
317422,5/21/2014 9:31,Hired,Female,Operations Department,i7,53128
641583,6/27/2014 14:14,Hired,Female,Service Department,i5,53155
684242,6/27/2014 14:16,Hired,Male,Service Department,i5,80876
222272,7/4/2014 18:57,Hired,Don’t want to say,Service Department,c9,13056
880787,8/14/2014 9:34,Hired,Male,Service Department,c9,47704
256813,8/14/2014 9:36,Hired,Male,Service Department,c9,78611
392048,8/22/2014 15:46,Hired,Female,Service Department,c9,43988
778041,8/22/2014 15:47,Hired,Female,Service Department,c9,51085
162279,8/7/2014 9:34,Hired,Male,Service Department,c9,59437
839305,8/7/2014 9:35,Hired,Male,Service Department,c9,10015
466313,8/7/2014 9:33,Hired,Female,Service Department,c9,25401
694518,5/29/2014 12:54,Hired,Male,Operations Department,c9,95548
710064,5/29/2014 12:57,Hired,Female,Operations Department,c9,69460
919803,5/30/2014 9:40,Hired,Female,Operations Department,c9,29286
615424,6/3/2014 10:51,Hired,Male,Operations Department,c9,24597
235539,6/27/2014 9:32,Hired,Male,Operations Department,c-10,35611
906051,6/27/2014 9:32,Hired,Female,Operations Department,c-10,71844
705197,6/27/2014 9:35,Hired,Female,Operations Department,c-10,70644
862375,6/27/2014 9:33,Hired,Female,Operations Department,c-10,14390
785487,7/1/2014 18:52,Hired,Female,Operations Department,c-10,19332
946312,7/4/2014 18:07,Hired,Male,Operations Department,c-10,14144
736470,7/4/2014 18:08,Hired,Don’t want to say,Operations Department,c-10,60928
138676,7/11/2014 17:15,Hired,Female,Operations Department,c9,83336
38906,7/11/2014 17:16,Hired,Female,Operations Department,c9,38196
133517,7/11/2014 17:21,Hired,Female,Operations Department,c9,45315
933908,7/16/2014 18:24,Hired,Female,Operations Department,c9,57346
961974,7/17/2014 21:06,Hired,Male,Operations Department,c9,40149
370831,8/3/2014 13:33,Hired,Male,Operations Department,c-10,55248
148345,8/4/2014 13:24,Hired,Male,Operations Department,c9,10055
366620,8/11/2014 17:03,Hired,Male,Operations Department,c9,21368
852087,8/11/2014 17:04,Hired,Male,Operations Department,c9,4717
578818,5/6/2014 9:58,Hired,Male,Operations Department,i6,74310
813334,5/6/2014 10:01,Hired,Male,Operations Department,i6,94627
831516,5/10/2014 19:03,Hired,Female,Operations Department,c-10,44507
995799,5/12/2014 10:52,Hired,Female,Operations Department,i6,83962
396603,7/16/2014 12:18,Hired,Male,Operations Department,i6,3055
818355,7/16/2014 12:19,Hired,Male,Operations Department,i6,78340
845699,7/26/2014 15:46,Hired,Male,Operations Department,i6,26152
984018,8/5/2014 13:54,Hired,Male,Operations Department,c-10,41667
620222,8/29/2014 9:31,Hired,Male,Operations Department,c-10,2786
230236,8/29/2014 9:32,Hired,Male,Operations Department,c-10,9611
78867,8/29/2014 9:33,Hired,Male,Operations Department,c-10,15947
741838,5/26/2014 9:31,Hired,Female,Service Department,c5,11961
378990,8/1/2014 17:54,Hired,Male,Operations Department,c9,63315
220690,5/6/2014 9:35,Hired,Male,Operations Department,c9,37742
389764,5/16/2014 9:27,Hired,Don’t want to say,Operations Department,c9,63015
603423,6/5/2014 16:25,Hired,Male,Operations Department,c9,53506
974995,6/5/2014 16:29,Hired,Female,Operations Department,c9,4324
865272,6/6/2014 23:08,Hired,Female,Operations Department,c9,99026
487220,7/11/2014 13:04,Hired,Male,Operations Department,c9,63009
156021,5/8/2014 15:05,Hired,Male,Service Department,c9,62932
28396,5/13/2014 9:31,Hired,Male,Service Department,c9,88166
31629,5/13/2014 9:36,Hired,Male,Service Department,c9,36181
571596,6/24/2014 9:31,Hired,Male,Human Resource Department,c9,49717
67135,7/1/2014 9:31,Hired,Female,Marketing Department,i7,94234
146291,7/30/2014 9:36,Hired,Male,Service Department,i6,68330
227812,7/31/2014 8:21,Hired,Male,Service Department,i6,93706
610221,8/7/2014 23:43,Hired,Female,Service Department,i6,33190
986310,8/7/2014 23:43,Hired,Female,Service Department,i6,25653
671874,8/27/2014 14:23,Hired,Female,Service Department,i6,39305
934789,8/21/2014 9:31,Hired,Male,Service Department,c9,54365
587254,7/17/2014 9:31,Hired,Male,Operations Department,c5,28099
405748,5/23/2014 7:24,Hired,Male,Operations Department,c9,3839
937136,5/23/2014 7:25,Hired,Don’t want to say,Operations Department,c9,29094
348724,5/23/2014 7:30,Hired,Don’t want to say,Operations Department,c9,88334
68633,8/11/2014 18:30,Hired,Female,Operations Department,c9,69781
576798,6/25/2014 15:00,Hired,Male,Sales Department,i7,60115
873039,8/5/2014 16:13,Hired,Male,Operations Department,i7,59317
531642,5/30/2014 9:32,Hired,Male,Service Department,i7,45456
877800,6/6/2014 11:43,Hired,Female,Service Department,c5,68207
964395,8/1/2014 9:32,Hired,Female,Service Department,i7,36757
540505,8/1/2014 9:33,Hired,Male,Service Department,i7,66180
503115,8/1/2014 9:38,Hired,Female,Service Department,i7,23774
813262,8/8/2014 12:28,Hired,Female,Service Department,i7,51672
299516,8/11/2014 18:58,Hired,Male,Service Department,i7,21889
665818,8/29/2014 9:34,Hired,Male,Service Department,i7,11525
949773,7/11/2014 11:49,Hired,Male,Service Department,i7,3835
808710,8/8/2014 9:31,Hired,Female,Service Department,i7,18012
949520,6/5/2014 18:41,Hired,Male,Operations Department,c5,51250
285094,6/6/2014 18:14,Hired,Male,Operations Department,c5,51237
198164,8/26/2014 17:02,Hired,Male,Operations Department,c5,1987
721217,8/26/2014 17:04,Hired,Male,Operations Department,c5,33932
356301,5/15/2014 17:35,Hired,Male,Purchase Department,i7,88218
46102,5/15/2014 17:37,Hired,Male,Purchase Department,i7,88242
156748,5/12/2014 15:59,Hired,Female,Purchase Department,i7,93615
821293,7/14/2014 9:32,Hired,Don’t want to say,Purchase Department,i7,15227
342116,7/14/2014 9:33,Hired,Don’t want to say,Purchase Department,i7,25149
684939,6/24/2014 9:33,Hired,Male,Service Department,i6,94503
293229,5/14/2014 13:47,Hired,Male,Operations Department,c5,51730
498991,5/14/2014 13:51,Hired,Female,Operations Department,c5,52474
919188,5/8/2014 10:10,Hired,Male,Operations Department,c5,93745
233500,5/16/2014 13:13,Hired,Male,Operations Department,c5,38123
282633,5/16/2014 13:14,Hired,Female,Operations Department,c5,53443
385543,5/16/2014 13:15,Hired,Male,Operations Department,c5,88775
78328,5/16/2014 13:15,Hired,Female,Operations Department,c5,43241
546778,8/6/2014 9:34,Hired,Female,Operations Department,c5,39605
581940,5/28/2014 12:17,Hired,Male,Sales Department,i7,39046
286690,7/15/2014 17:45,Hired,Male,Purchase Department,b9,56323
534293,7/25/2014 9:33,Hired,Female,Purchase Department,i5,58791
728971,7/30/2014 13:58,Hired,Male,Purchase Department,b9,37253
568905,7/30/2014 14:00,Hired,Male,Purchase Department,b9,78191
980284,7/30/2014 13:58,Hired,Don’t want to say,Purchase Department,b9,30465
381758,6/16/2014 9:31,Hired,Male,Purchase Department,c9,49581
574311,6/16/2014 9:32,Hired,Male,Purchase Department,c9,92883
112193,7/14/2014 9:33,Hired,Female,Service Department,c9,53026
488851,7/14/2014 9:32,Hired,Female,Service Department,c9,39909
534627,7/14/2014 9:33,Hired,Female,Service Department,c9,67466
497671,5/10/2014 2:50,Hired,Female,Service Department,i7,71900
655325,5/8/2014 13:46,Hired,Male,Service Department,i7,94172
882391,5/8/2014 13:47,Hired,Male,Service Department,i7,62238
34205,5/9/2014 10:56,Hired,Male,Service Department,i7,66648
353596,5/2/2014 19:32,Hired,Male,Production Department,i7,40523
101375,6/16/2014 10:02,Hired,Male,Production Department,i7,24939
153484,7/15/2014 9:33,Hired,Male,Production Department,i7,53301
101190,5/9/2014 17:23,Hired,Male,Sales Department,c9,85057
862660,8/5/2014 3:31,Hired,Male,Sales Department,c9,5857
928482,8/5/2014 3:32,Hired,Female,Sales Department,c9,93190
894528,8/5/2014 8:49,Hired,Male,Sales Department,c9,68947
656936,8/5/2014 8:50,Hired,Female,Sales Department,c9,36135
139656,8/5/2014 8:51,Hired,Male,Sales Department,c9,66220
673289,8/5/2014 9:37,Hired,Female,Sales Department,c9,6652
830026,5/24/2014 15:03,Hired,Male,Operations Department,c5,10402
410700,5/24/2014 15:03,Hired,Female,Operations Department,c5,72977
818456,5/24/2014 15:02,Hired,Female,Operations Department,c5,6949
639628,5/29/2014 17:42,Hired,Male,Sales Department,i6,62391
125897,6/3/2014 14:46,Hired,Male,Sales Department,i6,25285
269144,5/21/2014 9:31,Hired,Male,Operations Department,c5,45006
665582,5/28/2014 9:32,Hired,Male,Operations Department,c5,24343
854696,5/29/2014 14:41,Hired,Male,Operations Department,c5,10267
766822,6/11/2014 9:34,Hired,Female,Operations Department,c5,60668
268063,7/30/2014 18:53,Hired,Male,Operations Department,i6,60313
55775,5/9/2014 9:32,Hired,Male,Operations Department,c5,48825
607171,7/7/2014 10:12,Hired,Female,Operations Department,i5,15753
55139,8/19/2014 19:49,Hired,Male,Operations Department,i5,83155
811419,8/19/2014 19:51,Hired,Male,Operations Department,i5,19984
310630,8/21/2014 14:15,Hired,Male,Operations Department,i5,56355
558801,5/6/2014 18:33,Hired,Male,Service Department,c5,67632
566292,5/6/2014 18:34,Hired,Male,Service Department,c5,37302
250878,5/9/2014 12:49,Hired,Male,Service Department,c5,92688
397974,5/11/2014 16:26,Hired,Male,Service Department,c5,29653
785931,5/21/2014 23:56,Hired,Male,Service Department,c5,44965
622313,5/28/2014 7:03,Hired,Male,Service Department,c5,41350
690079,5/28/2014 7:07,Hired,Male,Service Department,c5,30974
649013,8/8/2014 9:33,Hired,Male,Service Department,c5,23262
427702,8/15/2014 15:11,Hired,Female,Service Department,c5,71295
56334,6/30/2014 9:31,Hired,Male,Service Department,b9,82717
310550,6/30/2014 9:32,Hired,Male,Service Department,b9,50468
709021,6/30/2014 9:33,Hired,Male,Service Department,b9,2917
492428,6/30/2014 9:36,Hired,Female,Service Department,b9,82414
110794,6/30/2014 9:38,Hired,Male,Service Department,b9,71936
833860,7/10/2014 15:56,Hired,Male,Service Department,b9,6137
731022,7/10/2014 15:57,Hired,Female,Service Department,b9,18576
433241,7/10/2014 15:59,Hired,Male,Service Department,b9,40375
717012,7/16/2014 18:25,Hired,Male,Service Department,b9,77648
995244,6/9/2014 9:33,Hired,Don’t want to say,Operations Department,c9,86988
344350,6/18/2014 18:38,Hired,Male,Marketing Department,i7,64059
441172,6/19/2014 13:30,Hired,Male,Marketing Department,i7,44873
106331,6/23/2014 15:22,Hired,Male,Marketing Department,i7,67251
263154,6/23/2014 15:21,Hired,Don’t want to say,Marketing Department,i7,5718
955256,6/27/2014 16:54,Hired,Male,Marketing Department,i7,51209
568029,6/27/2014 16:55,Hired,Female,Marketing Department,i7,82546
613676,7/18/2014 15:33,Hired,Male,Marketing Department,i7,35039
182795,7/18/2014 15:35,Hired,Male,Marketing Department,i7,7589
390144,7/29/2014 8:17,Hired,Male,Marketing Department,i7,9682
279022,7/15/2014 9:31,Hired,Male,Operations Department,i7,68282
417017,5/20/2014 9:31,Hired,Male,Service Department,c9,12911
289524,5/20/2014 9:35,Hired,Male,Service Department,c9,81188
664241,7/26/2014 9:53,Hired,Male,Service Department,c9,96641
491188,7/27/2014 18:24,Hired,Female,Service Department,c9,55718
831450,7/24/2014 11:51,Hired,Female,Service Department,c5,79746
761273,7/28/2014 9:50,Hired,Female,Service Department,c5,78690
412169,7/28/2014 9:53,Hired,Male,Service Department,c5,5732
543623,7/8/2014 9:32,Hired,Female,Production Department,c5,58270
535756,7/29/2014 9:34,Hired,Male,Production Department,c5,84717
53906,8/1/2014 15:10,Hired,Don’t want to say,Production Department,c5,48625
34917,5/14/2014 9:36,Hired,Male,Service Department,c9,12175
626656,5/14/2014 9:38,Hired,Male,Service Department,c9,41983
275878,5/25/2014 17:41,Hired,Male,Service Department,c9,42186
387943,5/26/2014 10:58,Hired,Male,Service Department,c9,69844
863716,5/29/2014 14:23,Hired,Male,Service Department,c9,15911
434187,5/29/2014 14:27,Hired,Female,Service Department,c9,3536
407331,5/29/2014 14:28,Hired,Female,Service Department,c9,43042
984232,6/2/2014 9:42,Hired,Male,Service Department,c9,75693
635744,6/3/2014 7:54,Hired,Female,Service Department,c9,60660
988446,6/3/2014 7:54,Hired,Male,Service Department,c9,91635
810266,8/6/2014 9:31,Hired,Male,Service Department,c9,72601
135479,8/7/2014 10:35,Hired,Male,Service Department,c9,28238
752415,8/22/2014 9:32,Hired,Male,Operations Department,i6,60430
693615,8/15/2014 9:31,Hired,Don’t want to say,Service Department,c5,58438
490366,5/14/2014 7:04,Hired,Male,Service Department,i5,94919
45185,5/16/2014 9:31,Hired,Male,Operations Department,c5,37132
180285,5/25/2014 17:56,Hired,Male,Operations Department,c5,63415
876532,7/8/2014 15:36,Hired,Female,Operations Department,c5,45029
535514,7/22/2014 11:39,Hired,Male,Operations Department,c5,1155
218940,7/22/2014 11:42,Hired,Female,Operations Department,c5,21485
412921,5/7/2014 10:45,Hired,Female,Operations Department,c5,89801
221190,5/14/2014 9:08,Hired,Female,Operations Department,c5,44072
273381,6/30/2014 9:31,Hired,Male,Operations Department,c5,75095
267857,7/18/2014 8:44,Hired,Female,Operations Department,c5,81122
41553,5/6/2014 15:49,Hired,Female,Sales Department,i6,70417
46840,5/8/2014 8:26,Hired,Male,Sales Department,i6,25644
105777,5/8/2014 8:27,Hired,Male,Sales Department,i6,70664
614850,7/21/2014 9:32,Hired,Male,Sales Department,i6,2096
289758,6/26/2014 7:13,Hired,Male,Production Department,i5,68737
338184,6/26/2014 7:13,Hired,Female,Production Department,i5,27268
929824,6/26/2014 7:17,Hired,Female,Production Department,i5,37255
110867,5/28/2014 8:44,Hired,Female,General Management,c9,74352
714974,5/30/2014 8:50,Hired,Female,General Management,c9,11137
949488,5/13/2014 9:51,Hired,Male,Service Department,c9,46174
135254,5/16/2014 10:31,Hired,Female,Service Department,c9,71782
519485,7/21/2014 13:51,Hired,Male,Service Department,c9,53036
470319,7/21/2014 13:51,Hired,Female,Service Department,c9,62531
136603,7/21/2014 13:54,Hired,Male,Service Department,c9,50536
570313,7/22/2014 22:39,Hired,Male,Service Department,c9,69518
460608,8/13/2014 9:31,Hired,Female,Service Department,c9,48149
504728,8/17/2014 13:14,Hired,Male,Service Department,c9,80835
701162,8/24/2014 18:59,Hired,Male,Service Department,c9,36094
801518,8/27/2014 23:45,Hired,Male,Service Department,c9,47779
528678,7/10/2014 9:32,Hired,Female,Service Department,c9,35619
845864,7/10/2014 9:35,Hired,Male,Service Department,c9,27117
897733,5/2/2014 9:31,Hired,Male,Operations Department,i7,4922
280502,5/2/2014 13:39,Hired,Male,Service Department,c9,15423
485417,7/7/2014 9:32,Hired,Male,Service Department,c9,75975
310088,5/26/2014 9:32,Hired,Don’t want to say,Finance Department,i5,89241
44958,7/14/2014 9:31,Hired,Male,Operations Department,c5,66517
541978,7/14/2014 9:32,Hired,Female,Operations Department,c5,57790
958202,7/14/2014 9:32,Hired,Female,Operations Department,c5,58417
120464,6/9/2014 11:59,Hired,Don’t want to say,Operations Department,c5,90637
333113,5/13/2014 14:11,Hired,Female,Production Department,c5,49498
813940,5/13/2014 14:13,Hired,Male,Production Department,c5,43758
899825,5/22/2014 9:08,Hired,Male,Production Department,c5,42972
325608,7/29/2014 9:36,Hired,Female,Production Department,c5,35150
814821,8/9/2014 10:18,Hired,Female,Production Department,c5,94347
786486,8/9/2014 10:16,Hired,Don’t want to say,Production Department,c5,80614
288890,7/29/2014 9:32,Hired,Don’t want to say,Production Department,c9,85411
507841,7/23/2014 9:31,Hired,Male,Marketing Department,c9,47691
768604,6/10/2014 7:06,Hired,Male,Operations Department,i7,24094
711758,6/2/2014 7:56,Hired,Don’t want to say,Service Department,c9,87447
441695,6/9/2014 14:06,Hired,Male,Service Department,c9,84762
916106,5/1/2014 18:44,Hired,Female,Finance Department,c5,23057
170008,5/6/2014 7:45,Hired,Female,Finance Department,c5,79290
438564,5/7/2014 7:14,Hired,Female,Finance Department,c5,4782
67450,5/7/2014 7:14,Hired,Female,Finance Department,c5,42353
578891,5/7/2014 7:17,Hired,Female,Finance Department,c5,63105
365930,7/1/2014 12:18,Hired,Female,Finance Department,c5,1038
830972,7/1/2014 12:19,Hired,Female,Finance Department,c5,46604
222693,7/7/2014 18:39,Hired,Female,Finance Department,c5,8005
847855,8/6/2014 17:10,Hired,Female,Finance Department,c5,67265
924284,8/7/2014 19:22,Hired,Female,Finance Department,c5,87472
116106,5/3/2014 15:51,Hired,Male,Operations Department,i7,85004
908028,5/10/2014 10:07,Hired,Female,Operations Department,i7,65338
479146,5/19/2014 8:15,Hired,Male,Operations Department,i7,63863
21133,6/5/2014 12:19,Hired,Female,Operations Department,c9,41198
296290,7/18/2014 9:32,Hired,Don’t want to say,Operations Department,c9,38912
319712,8/20/2014 18:03,Hired,Male,Operations Department,c9,77971
572047,5/2/2014 7:01,Hired,Male,Operations Department,c9,86934
374678,5/20/2014 18:33,Hired,Female,Operations Department,c9,47278
13367,5/20/2014 18:35,Hired,Female,Operations Department,c9,85560
96144,6/30/2014 9:31,Hired,Male,Operations Department,c9,50903
727147,7/7/2014 7:30,Hired,Female,Operations Department,c9,13760
613982,7/7/2014 7:30,Hired,Female,Operations Department,c9,75447
982147,7/7/2014 7:31,Hired,Female,Operations Department,c9,25900
903769,7/7/2014 17:19,Hired,Male,Operations Department,c9,91416
555757,7/7/2014 17:21,Hired,Male,Operations Department,c9,36999
247562,7/14/2014 16:22,Hired,Male,Operations Department,c9,22461
821989,5/10/2014 16:16,Hired,Male,Service Department,i5,32051
287204,5/30/2014 19:14,Hired,Female,Service Department,i5,70716
594927,5/30/2014 19:15,Hired,Male,Service Department,i5,82128
449101,6/19/2014 17:03,Hired,Male,Service Department,i5,66125
297160,6/19/2014 17:06,Hired,Male,Service Department,i5,82378
876797,5/21/2014 7:53,Hired,Male,Operations Department,i7,50390
428887,7/7/2014 9:31,Hired,Don’t want to say,General Management,i5,48066
58980,7/24/2014 10:11,Hired,Female,General Management,i5,3143
378816,7/17/2014 13:42,Hired,Male,Operations Department,b9,47469
859719,6/4/2014 9:34,Hired,Female,Operations Department,i7,59854
199439,5/1/2014 9:31,Hired,Male,Service Department,c5,51553
855169,8/29/2014 10:47,Hired,Male,Service Department,i7,5619
592984,8/29/2014 10:51,Hired,Male,Service Department,i7,74920
671729,7/11/2014 17:56,Hired,Male,Operations Department,i6,41531
901083,6/6/2014 9:32,Hired,Female,Service Department,c9,14723
849211,6/9/2014 14:09,Hired,Female,Service Department,i1,87779
486945,5/2/2014 9:32,Hired,Male,Service Department,c5,22480
605701,5/9/2014 8:03,Hired,Female,Service Department,c5,51486
274207,5/9/2014 8:04,Hired,Female,Service Department,c5,59822
46366,6/30/2014 9:33,Hired,Don’t want to say,Operations Department,i1,73263
876103,6/30/2014 13:01,Hired,Male,Operations Department,i5,5523
447318,5/31/2014 8:28,Hired,Male,Operations Department,c8,20297
806805,5/31/2014 8:29,Hired,Female,Operations Department,c8,13074
95009,8/5/2014 8:27,Hired,Female,Operations Department,c9,92458
385054,7/8/2014 9:32,Hired,Female,Service Department,c5,80213
192872,7/8/2014 9:34,Hired,Female,Service Department,c5,81721
461705,7/8/2014 9:36,Hired,Female,Service Department,c5,30041
672458,7/17/2014 9:02,Hired,Male,Service Department,c5,25787
582029,7/17/2014 9:08,Hired,Female,Service Department,c5,42635
117267,7/17/2014 9:04,Hired,Female,Service Department,c5,13864
331082,5/28/2014 14:06,Hired,Male,Operations Department,c5,23051
737525,5/28/2014 14:08,Hired,Male,Operations Department,c5,86680
589837,7/6/2014 12:57,Hired,Male,Operations Department,c9,15696
865029,8/11/2014 10:27,Hired,Male,Service Department,c5,64324
16272,6/24/2014 19:45,Hired,Female,Service Department,i6,74022
241011,8/1/2014 9:34,Hired,Male,Service Department,i6,21333
592725,8/6/2014 14:23,Hired,Male,Service Department,i6,73557
101587,8/6/2014 14:25,Hired,Female,Service Department,i6,27191
377194,8/18/2014 14:11,Hired,Female,Service Department,i6,46908
459107,8/16/2014 18:36,Hired,Female,Service Department,i6,53395
625539,8/16/2014 18:36,Hired,Male,Service Department,i6,35773
370975,8/30/2014 19:33,Hired,Male,Service Department,i6,92550
862314,7/11/2014 15:53,Hired,Male,Marketing Department,c9,72880
269039,7/17/2014 12:19,Hired,Male,Marketing Department,c9,62938
852330,8/22/2014 9:48,Hired,Male,Marketing Department,c9,15648
288178,6/25/2014 16:23,Hired,Female,Sales Department,i5,46498
357577,8/11/2014 9:14,Hired,Female,Sales Department,i5,20958
759016,8/22/2014 15:31,Hired,Male,Sales Department,i5,69278
681123,8/27/2014 18:32,Hired,Female,Sales Department,i5,24575
944455,5/21/2014 18:43,Hired,Female,Operations Department,c9,69709
353496,5/6/2014 13:18,Hired,Don’t want to say,Operations Department,i5,61703
982553,6/3/2014 9:35,Hired,Male,Operations Department,c9,73230
934540,8/19/2014 9:31,Hired,Male,Human Resource Department,i7,34424
964901,8/19/2014 9:35,Hired,Male,Human Resource Department,i7,30253
362996,8/19/2014 9:36,Hired,Male,Human Resource Department,i7,92283
652692,7/18/2014 15:39,Hired,Don’t want to say,Service Department,i7,43397
23706,7/18/2014 15:40,Hired,Don’t want to say,Service Department,i7,41989
695963,7/23/2014 9:18,Hired,Don’t want to say,Service Department,i7,77656
868878,5/20/2014 10:53,Hired,Female,Finance Department,c5,15380
121437,6/13/2014 9:33,Hired,Female,Operations Department,c9,61894
643987,6/19/2014 15:17,Hired,Male,Operations Department,i5,28543
285550,6/23/2014 18:09,Hired,Male,Operations Department,i5,65832
891497,6/23/2014 18:12,Hired,Male,Operations Department,i5,58226
535536,7/1/2014 10:26,Hired,Male,Operations Department,c5,29903
333889,8/13/2014 10:48,Hired,Male,Sales Department,c5,51667
489817,5/28/2014 15:00,Hired,Male,Operations Department,c8,12777
783940,8/13/2014 15:10,Hired,Male,Sales Department,c9,26397
999202,8/14/2014 11:07,Hired,Male,Sales Department,c9,21067
947238,6/25/2014 9:16,Hired,Female,Operations Department,c9,45543
536357,6/25/2014 9:17,Hired,Male,Operations Department,c9,9745
619881,5/6/2014 9:36,Hired,Male,Operations Department,c9,39756
185684,5/8/2014 10:08,Hired,Male,Operations Department,c9,8748
137124,8/16/2014 7:10,Hired,Male,Operations Department,c9,99920
350905,5/3/2014 11:49,Hired,Female,Service Department,c9,27348
397064,5/15/2014 13:21,Hired,Male,Service Department,c9,12297
164688,5/23/2014 16:10,Hired,Female,Service Department,c9,59976
139291,7/24/2014 9:33,Hired,Female,Operations Department,c9,40358
644783,7/31/2014 6:53,Hired,Don’t want to say,Operations Department,c9,64444
766484,6/26/2014 9:32,Hired,Male,Operations Department,i1,49813
993836,8/4/2014 14:44,Hired,Female,Purchase Department,i7,86193
643736,8/19/2014 10:25,Hired,Female,Purchase Department,i7,84211
720499,6/6/2014 9:32,Hired,Male,Operations Department,c9,42062
596097,5/26/2014 9:32,Hired,Female,Service Department,b9,8503
179945,6/6/2014 4:40,Hired,Male,Operations Department,c9,86808
645477,6/2/2014 9:31,Hired,Female,Operations Department,c9,88906
290710,5/6/2014 17:34,Hired,Female,Finance Department,c9,24234
87466,5/21/2014 4:48,Hired,Female,Finance Department,c9,63263
948299,6/4/2014 9:28,Hired,Female,Finance Department,c9,59424
438400,5/13/2014 9:32,Hired,Male,Service Department,c9,56147
176027,7/1/2014 9:32,Hired,Female,Operations Department,c5,95513
340639,7/1/2014 9:33,Hired,Male,Operations Department,c5,19473
696847,7/4/2014 9:24,Hired,Male,Operations Department,c5,67050
996425,7/16/2014 17:58,Hired,Female,Operations Department,c5,54295
333509,7/16/2014 17:59,Hired,Male,Operations Department,c5,14340
111606,7/24/2014 8:29,Hired,Male,Operations Department,c9,39951
780397,7/26/2014 19:29,Hired,Male,Operations Department,c9,25595
480593,6/25/2014 9:33,Hired,Female,Operations Department,i6,17888
683978,6/25/2014 9:32,Hired,Female,Operations Department,i6,86149
171095,7/2/2014 17:20,Hired,Male,Sales Department,c9,65270
120017,7/3/2014 21:49,Hired,Male,Sales Department,c9,13388
110069,7/9/2014 13:50,Hired,Male,Sales Department,c9,66202
526028,7/9/2014 13:51,Hired,Female,Sales Department,c9,37791
636171,7/18/2014 12:23,Hired,Female,Sales Department,c9,75775
457939,6/27/2014 17:29,Hired,Male,Sales Department,c9,20666
66708,8/28/2014 13:43,Hired,Male,Sales Department,c9,79459
856409,8/29/2014 14:53,Hired,Female,Sales Department,c9,63684
840429,8/29/2014 14:56,Hired,Male,Sales Department,c9,39987
750767,7/28/2014 19:13,Hired,Female,Operations Department,i7,85342
779678,7/28/2014 19:13,Hired,Don’t want to say,Operations Department,i7,90730
371137,7/28/2014 19:14,Hired,Don’t want to say,Operations Department,i7,88298
764371,6/22/2014 10:15,Hired,Female,Service Department,c8,86688
840296,6/11/2014 7:53,Hired,Male,Service Department,c9,16830
537105,5/15/2014 17:34,Hired,Male,Marketing Department,b9,42254
487292,5/26/2014 8:13,Hired,Female,Marketing Department,b9,94230
473364,6/14/2014 17:46,Hired,Male,Marketing Department,i5,37250
171942,6/17/2014 10:58,Hired,Male,Marketing Department,i5,97144
160711,8/26/2014 9:32,Hired,Female,Marketing Department,i5,48205
284898,7/8/2014 14:23,Hired,Male,Production Department,c9,34956
538273,5/29/2014 9:31,Hired,Female,Finance Department,c5,96178
63459,5/29/2014 9:32,Hired,Female,Finance Department,c5,49485
778940,7/28/2014 12:14,Hired,Male,Service Department,c9,30120
707968,7/28/2014 12:19,Hired,Male,Service Department,c9,79312
801736,7/28/2014 12:20,Hired,Female,Service Department,c9,39306
330441,7/29/2014 5:57,Hired,Male,Service Department,c9,11316
592167,7/31/2014 19:46,Hired,Male,Service Department,c9,48181
584499,5/23/2014 9:31,Hired,Male,Operations Department,c5,40655
934567,5/23/2014 15:13,Hired,Female,Operations Department,c5,45598
331488,6/13/2014 7:48,Hired,Female,Operations Department,c5,94702
486960,6/20/2014 14:15,Hired,Male,Operations Department,c5,17171
913324,6/20/2014 14:17,Hired,Female,Operations Department,c5,67647
618051,6/25/2014 13:40,Hired,Male,Operations Department,c5,86715
487216,6/2/2014 18:05,Hired,Male,Operations Department,c5,97277
471695,6/2/2014 18:10,Hired,Male,Operations Department,c5,46200
708065,6/2/2014 18:10,Hired,Male,Operations Department,c5,77840
489674,6/2/2014 18:11,Hired,Female,Operations Department,c5,82218
255467,6/3/2014 11:29,Hired,Female,Operations Department,c5,63830
212202,7/28/2014 13:29,Hired,Male,Operations Department,c5,20913
461403,7/28/2014 13:28,Hired,Female,Operations Department,c5,16119
31205,8/1/2014 22:07,Hired,Female,Operations Department,c5,40719
808212,7/21/2014 9:35,Hired,Male,Operations Department,c5,90678
813199,7/25/2014 9:39,Hired,Male,Operations Department,c5,38954
619520,7/28/2014 14:50,Hired,Male,Operations Department,c5,45834
607190,7/28/2014 14:52,Hired,Male,Operations Department,c5,6831
237104,7/28/2014 14:54,Hired,Male,Operations Department,c5,50918
466436,7/30/2014 9:27,Hired,Male,Operations Department,c5,62566
326359,7/30/2014 9:28,Hired,Male,Operations Department,c5,50435
63497,7/31/2014 15:39,Hired,Male,Operations Department,c5,2531
501509,8/4/2014 14:56,Hired,Female,Operations Department,c5,96737
830684,8/5/2014 13:14,Hired,Male,Operations Department,c5,35384
232954,8/5/2014 13:15,Hired,Male,Operations Department,c5,7212
423493,8/5/2014 13:16,Hired,Male,Operations Department,c5,26310
733207,8/6/2014 17:47,Hired,Male,Operations Department,c5,4035
808744,6/11/2014 8:27,Hired,Female,Finance Department,c5,64260
917757,6/15/2014 13:08,Hired,Female,Service Department,i5,93323
205184,5/1/2014 12:05,Hired,Male,Service Department,c9,75053
450577,5/20/2014 18:26,Hired,Female,Service Department,c9,33701
557890,5/21/2014 9:05,Hired,Male,Service Department,c9,79836
980404,5/31/2014 13:49,Hired,Male,Service Department,c9,54995
53873,5/31/2014 13:50,Hired,Male,Service Department,c9,51505
53247,8/5/2014 12:52,Hired,Male,Service Department,c9,89823
898531,5/13/2014 9:31,Hired,Male,Service Department,c5,44565
289301,6/10/2014 9:33,Hired,Male,Service Department,c5,86933
443538,6/23/2014 14:19,Hired,Male,Sales Department,c5,49717
404162,6/23/2014 14:21,Hired,Male,Sales Department,c5,9717
300037,6/10/2014 9:32,Hired,Female,Service Department,b9,1105
458488,6/10/2014 9:33,Hired,Female,Service Department,b9,23002
559038,6/10/2014 9:31,Hired,Don’t want to say,Service Department,b9,14068
675820,6/12/2014 15:01,Hired,Male,Service Department,i7,9050
513438,6/12/2014 15:08,Hired,Female,Service Department,i7,60848
436854,6/18/2014 18:52,Hired,Male,Service Department,b9,3515
441953,6/19/2014 11:55,Hired,Male,Service Department,i7,69669
173648,6/20/2014 1:13,Hired,Male,Service Department,c9,61722
438539,6/27/2014 10:54,Hired,Male,Service Department,i7,16193
800816,6/29/2014 9:42,Hired,Female,Service Department,i7,87696
846166,6/29/2014 9:43,Hired,Female,Service Department,i7,79112
710906,6/29/2014 9:47,Hired,Male,Service Department,i7,26764
37753,6/29/2014 9:48,Hired,Male,Service Department,i7,27076
852138,7/7/2014 20:13,Hired,Male,Service Department,i7,79527
935603,7/7/2014 20:16,Hired,Female,Service Department,i7,96002
316175,7/22/2014 9:31,Hired,Male,Service Department,b9,11293
577587,7/22/2014 18:22,Hired,Female,Service Department,b9,98318
915524,7/29/2014 3:21,Hired,Male,Service Department,b9,41305
560182,8/6/2014 15:14,Hired,Male,Service Department,i7,22923
275333,8/6/2014 15:16,Hired,Male,Service Department,i7,39563
212668,8/7/2014 14:36,Hired,Female,Service Department,i7,70822
35024,8/7/2014 14:38,Hired,Female,Service Department,i7,91025
501414,7/29/2014 9:33,Hired,Female,Service Department,c9,60863
633036,8/9/2014 10:53,Hired,Male,Service Department,i7,25300
83162,8/21/2014 7:35,Hired,Female,Service Department,b9,10734
837259,8/26/2014 11:20,Hired,Female,Service Department,i7,11058
753579,5/21/2014 9:31,Hired,Male,Marketing Department,i6,47099
536133,5/21/2014 9:32,Hired,Female,Marketing Department,i6,24740
88859,5/21/2014 9:33,Hired,Male,Marketing Department,i6,11554
458929,5/28/2014 17:09,Hired,Female,Marketing Department,i6,27917
636370,7/29/2014 19:40,Hired,Female,Marketing Department,i6,66728
446910,5/8/2014 18:37,Hired,Don’t want to say,Service Department,b9,34564
942102,8/21/2014 17:44,Hired,Female,Service Department,b9,45259
887834,8/21/2014 17:44,Hired,Male,Service Department,b9,68553
171510,8/29/2014 7:30,Hired,Male,Service Department,b9,72676
533413,5/7/2014 9:36,Hired,Female,Service Department,c5,32457
999850,8/30/2014 7:22,Hired,Male,Service Department,i5,50962
444836,7/31/2014 14:27,Hired,Male,Service Department,b9,34487
600368,8/8/2014 19:08,Hired,Female,Service Department,b9,36386
827812,8/9/2014 9:13,Hired,Female,Service Department,b9,72478
275640,8/14/2014 10:05,Hired,Don’t want to say,Service Department,b9,52802
868305,7/10/2014 17:27,Hired,Male,Service Department,i5,62805
717117,7/10/2014 17:29,Hired,Female,Service Department,i5,82655
81051,8/1/2014 9:31,Hired,Male,Sales Department,c5,7635
719726,8/1/2014 9:33,Hired,Don’t want to say,Sales Department,c5,89490
762737,5/12/2014 9:35,Hired,Male,Operations Department,c5,26952
486752,5/16/2014 18:34,Hired,Male,Operations Department,c5,9936
835053,5/16/2014 18:34,Hired,-,Operations Department,c5,25583
58029,7/22/2014 8:47,Hired,Male,Operations Department,c5,85262
193000,7/22/2014 8:49,Hired,Male,Operations Department,c5,32690
169603,5/1/2014 16:39,Hired,Male,Operations Department,c9,75013
687590,7/2/2014 11:30,Hired,Male,Operations Department,i7,56231
420861,7/2/2014 11:31,Hired,Male,Operations Department,i7,16220
538886,7/2/2014 11:32,Hired,Female,Operations Department,i7,44900
298026,7/18/2014 12:41,Hired,Male,Operations Department,i7,33284
942186,7/18/2014 12:42,Hired,Female,Operations Department,i7,48373
962462,5/9/2014 7:33,Hired,Male,Sales Department,c5,28971
180406,5/26/2014 9:33,Hired,Female,Sales Department,c5,67085
941666,6/9/2014 9:32,Hired,Male,Operations Department,i1,44684
232275,5/19/2014 7:08,Hired,Female,Production Department,i7,39301
935715,5/22/2014 18:21,Hired,Male,Production Department,i7,30803
457025,7/3/2014 11:09,Hired,Male,Production Department,i7,76523
965006,6/26/2014 14:08,Hired,Female,Production Department,i7,3330
964269,7/3/2014 13:27,Hired,Male,Production Department,i7,39177
95159,7/11/2014 18:44,Hired,Female,Production Department,i7,8815
425402,7/21/2014 9:31,Hired,Male,Production Department,i7,35297
706032,8/15/2014 15:21,Hired,Female,Production Department,i7,39302
888701,8/15/2014 15:21,Hired,Don’t want to say,Production Department,i7,91344
283871,8/15/2014 15:22,Hired,Don’t want to say,Production Department,i7,28745
295779,5/6/2014 9:32,Hired,Male,Marketing Department,c9,7371
52501,7/30/2014 15:43,Hired,Male,Operations Department,i7,73594
615562,8/1/2014 19:21,Hired,Female,Operations Department,i7,84724
616680,8/5/2014 8:14,Hired,Male,Operations Department,i7,6957
371227,5/2/2014 11:51,Hired,Female,Service Department,b9,98227
599373,5/8/2014 11:45,Hired,Male,Service Department,b9,18211
815638,5/8/2014 11:48,Hired,Female,Service Department,b9,62202
713691,5/14/2014 10:24,Hired,Male,Service Department,b9,69260
622459,8/25/2014 13:50,Hired,Male,Production Department,c8,88090
286304,5/10/2014 17:04,Hired,Female,Service Department,c9,11250
332762,8/20/2014 9:13,Hired,Male,Service Department,c5,73631
133322,5/1/2014 9:32,Hired,Male,Operations Department,c9,33890
83181,5/22/2014 19:04,Hired,Male,Service Department,i1,67640
761210,5/24/2014 13:42,Hired,Male,Purchase Department,i6,32154
851161,5/24/2014 13:44,Hired,Female,Purchase Department,i6,10131
185318,6/20/2014 9:33,Hired,Female,Purchase Department,i6,83906
141442,7/12/2014 9:45,Hired,Male,Purchase Department,i6,26812
431209,7/25/2014 9:32,Hired,Female,Purchase Department,i6,17169
703579,5/21/2014 16:48,Hired,Female,Operations Department,i6,58046
322337,6/13/2014 9:31,Hired,Male,Operations Department,i6,46622
863977,6/26/2014 17:44,Hired,Male,Sales Department,c5,44276
35155,6/26/2014 17:45,Hired,Male,Sales Department,c5,89185
897545,7/14/2014 14:40,Hired,Male,Sales Department,c5,81741
473455,5/5/2014 9:32,Hired,Male,Service Department,c8,88927
360451,5/26/2014 17:16,Hired,Male,Service Department,c8,51654
201849,7/21/2014 8:23,Hired,Male,Service Department,c8,86328
612983,6/10/2014 13:07,Hired,Male,Operations Department,c5,89007
77144,8/29/2014 10:57,Hired,Male,Operations Department,c5,92937
908115,5/2/2014 10:47,Hired,Female,Operations Department,c5,49829
834019,6/24/2014 9:31,Hired,Male,Operations Department,c5,64508
869497,6/29/2014 12:46,Hired,Female,Operations Department,c5,86111
908434,7/4/2014 7:26,Hired,Female,Operations Department,c5,62296
342721,7/10/2014 19:29,Hired,Female,Operations Department,c5,75933
542665,7/1/2014 9:34,Hired,Female,Operations Department,c5,87752
208230,6/3/2014 9:32,Hired,Don’t want to say,Service Department,c9,32107
313739,6/19/2014 17:44,Hired,Female,Service Department,i6,83433
95979,6/29/2014 16:12,Hired,Male,Service Department,c9,5527
35410,6/29/2014 16:13,Hired,Female,Service Department,c9,75449
926938,5/1/2014 7:50,Hired,Female,Service Department,c8,1042
458462,5/1/2014 7:53,Hired,Female,Service Department,c8,32469
819973,5/6/2014 19:30,Hired,Male,Service Department,c8,99766
200163,5/6/2014 19:35,Hired,Male,Service Department,c8,71067
841354,5/12/2014 12:15,Hired,Female,Service Department,c8,33424
167930,5/13/2014 10:22,Hired,Female,Service Department,c8,69475
882227,5/23/2014 7:30,Hired,Male,Service Department,c8,68581
798412,7/2/2014 15:17,Hired,Male,Service Department,c8,12683
531959,5/21/2014 13:33,Hired,Female,Operations Department,c8,98392
180405,6/4/2014 15:51,Hired,Female,Operations Department,c8,85294
107600,6/11/2014 13:07,Hired,Male,Operations Department,c8,44090
709509,7/4/2014 10:58,Hired,Male,Operations Department,c8,62679
718350,7/23/2014 9:35,Hired,Male,Operations Department,c8,71040
589354,7/9/2014 19:41,Hired,Male,Service Department,c8,49544
32072,7/11/2014 19:58,Hired,Female,Service Department,c8,14440
961118,7/17/2014 15:59,Hired,Female,Operations Department,c8,98394
568794,7/23/2014 18:27,Hired,Male,Operations Department,c5,16501
590046,6/7/2014 13:05,Hired,Female,Operations Department,i5,83174
175266,7/31/2014 8:56,Hired,Female,Operations Department,i5,3842
494577,5/31/2014 11:57,Hired,Female,Operations Department,c5,29973
623700,7/15/2014 11:31,Hired,Female,Operations Department,c5,96961
966330,6/1/2014 11:45,Hired,Male,Operations Department,i5,42493
813243,6/1/2014 11:45,Hired,Male,Operations Department,i5,38638
236696,7/1/2014 14:07,Hired,Female,Operations Department,i5,57489
175958,7/1/2014 14:08,Hired,Female,Operations Department,i5,86704
896170,8/15/2014 9:34,Hired,Female,Operations Department,i5,36331
668814,8/22/2014 9:33,Hired,Male,Operations Department,i5,20666
848064,8/22/2014 9:34,Hired,Female,Operations Department,i5,80782
407669,8/7/2014 19:26,Hired,Male,Production Department,c9,84692
127411,8/7/2014 19:27,Hired,Female,Production Department,c9,64735
632747,7/7/2014 9:33,Hired,Female,Sales Department,i7,39710
127432,7/7/2014 9:33,Hired,Male,Sales Department,i7,94188
580341,7/9/2014 10:10,Hired,Male,Sales Department,c5,74861
395791,7/9/2014 10:14,Hired,Female,Sales Department,c5,81143
896824,7/19/2014 15:07,Hired,Male,Sales Department,i7,70297
908354,7/9/2014 10:56,Hired,Male,Operations Department,i7,51508
582161,7/9/2014 11:00,Hired,Male,Operations Department,i7,43545
615122,7/16/2014 17:50,Hired,Male,Operations Department,i7,53003
885767,8/14/2014 11:20,Hired,Male,Operations Department,i7,38085
227744,7/14/2014 9:36,Hired,Male,Operations Department,i7,50726
877727,7/15/2014 12:49,Hired,Male,Operations Department,i7,19521
842069,7/21/2014 13:54,Hired,Male,Operations Department,i7,39274
528653,8/5/2014 10:05,Hired,Male,Operations Department,i7,40647
52097,6/4/2014 12:59,Hired,Male,Operations Department,c9,2256
583723,6/4/2014 12:59,Hired,Don’t want to say,Operations Department,c9,91889
209885,6/27/2014 8:35,Hired,Male,Operations Department,c9,68083
663337,7/9/2014 7:53,Hired,Don’t want to say,Operations Department,i6,58949
937621,8/2/2014 15:02,Hired,Male,Operations Department,c9,18712
897078,6/28/2014 7:52,Hired,Don’t want to say,Operations Department,c5,98174
811119,7/9/2014 15:54,Hired,Don’t want to say,Operations Department,c5,28767
972184,5/3/2014 14:59,Hired,Male,Service Department,i1,60685
939062,6/12/2014 9:32,Hired,Male,Service Department,i1,72716
244718,7/19/2014 18:12,Hired,Male,Service Department,i1,52730
604170,7/19/2014 18:13,Hired,Female,Service Department,i1,26170
869836,5/22/2014 9:32,Hired,Male,Operations Department,i7,47925
980584,5/22/2014 9:34,Hired,Male,Operations Department,i7,55271
135941,6/4/2014 7:48,Hired,Female,Operations Department,i7,76594
170094,6/4/2014 7:48,Hired,Male,Operations Department,i7,32981
629913,6/4/2014 7:49,Hired,Female,Operations Department,i7,66738
130067,7/13/2014 14:52,Hired,Male,Operations Department,i7,5648
652122,7/2/2014 10:39,Hired,Male,Sales Department,c9,93563
766781,8/29/2014 9:35,Hired,Female,Sales Department,c9,92951
501497,5/30/2014 9:33,Hired,Male,Operations Department,b9,50875
118188,5/30/2014 9:34,Hired,Don’t want to say,Operations Department,b9,61568
564641,6/6/2014 9:33,Hired,Male,Operations Department,b9,44269
525009,6/11/2014 12:58,Hired,Male,Operations Department,b9,78713
861850,6/11/2014 13:01,Hired,Male,Operations Department,b9,1185
111297,6/14/2014 13:09,Hired,Female,Operations Department,b9,69667
191688,7/28/2014 12:42,Hired,Female,Operations Department,c9,64051
391991,8/25/2014 9:33,Hired,Female,Operations Department,c9,25652
310084,6/11/2014 9:38,Hired,Female,Service Department,c5,49441
577690,6/19/2014 18:30,Hired,Male,Service Department,c5,9533
461741,6/19/2014 18:31,Hired,Male,Service Department,c5,6988
629018,8/12/2014 9:31,Hired,Male,Service Department,c9,10545
111044,8/13/2014 9:34,Hired,Female,Service Department,c9,45046
129483,8/13/2014 9:37,Hired,Male,Service Department,c9,33906
24143,5/29/2014 9:32,Hired,Female,Operations Department,i5,62591
544586,5/29/2014 9:33,Hired,Female,Operations Department,i5,1911
21494,5/29/2014 9:32,Hired,Female,Operations Department,i5,98784
811033,6/12/2014 10:16,Hired,Female,Operations Department,c5,57085
687757,5/15/2014 9:34,Hired,Female,Operations Department,c9,60280
934635,7/18/2014 9:56,Hired,Male,Operations Department,c5,38861
74788,7/17/2014 9:31,Hired,Male,Operations Department,i7,91506
297679,7/28/2014 16:08,Hired,Male,Marketing Department,c8,86043
836623,7/28/2014 16:09,Hired,Male,Marketing Department,c8,41415
910522,6/6/2014 9:14,Hired,Male,Service Department,c8,50264
932687,6/6/2014 9:15,Hired,Don’t want to say,Service Department,c8,12710
981648,5/29/2014 14:53,Hired,Female,Service Department,c9,4435
95273,5/13/2014 4:10,Hired,Don’t want to say,Operations Department,c9,45940
540766,5/16/2014 15:00,Hired,Don’t want to say,Operations Department,c9,4971
323976,6/8/2014 18:12,Hired,Male,Operations Department,c9,67919
966316,6/8/2014 18:13,Hired,Male,Operations Department,c9,89727
923992,6/20/2014 7:18,Hired,Female,Operations Department,c9,4799
30555,8/1/2014 11:57,Hired,Female,Operations Department,c9,42923
651394,8/1/2014 12:00,Hired,Female,Operations Department,c9,17496
190792,7/30/2014 9:10,Hired,Male,Service Department,i5,24510
416021,7/21/2014 9:31,Hired,Male,Service Department,i5,25243
480230,6/11/2014 10:47,Hired,Male,Operations Department,c9,41465
748487,8/27/2014 9:33,Hired,Male,Sales Department,i7,69102
354617,8/7/2014 9:34,Hired,Female,Operations Department,c5,24846
268906,7/21/2014 13:17,Hired,Female,Service Department,c5,41568
18538,7/27/2014 12:32,Hired,Male,Service Department,c5,89826
284761,7/30/2014 14:44,Hired,Male,Sales Department,c9,48851
736038,5/31/2014 0:45,Hired,Male,Service Department,c5,5665
797154,8/25/2014 9:31,Hired,Male,Service Department,c9,53920
33341,5/2/2014 9:37,Hired,Male,Service Department,i5,74846
62645,5/2/2014 9:37,Hired,Don’t want to say,Service Department,i5,18152
863539,5/21/2014 13:20,Hired,Male,Production Department,c5,56859
619035,7/15/2014 15:46,Hired,Don’t want to say,Finance Department,i5,51497
365469,8/5/2014 9:33,Hired,Don’t want to say,Finance Department,i5,7287
272402,6/3/2014 9:32,Hired,Female,Service Department,i1,13290
368462,6/18/2014 9:31,Hired,Male,Service Department,i6,38502
897047,5/29/2014 19:52,Hired,Female,Sales Department,c9,59225
779678,5/29/2014 19:57,Hired,Male,Sales Department,c9,56913
785577,8/27/2014 9:33,Hired,Male,Sales Department,c9,46459
895233,5/15/2014 8:55,Hired,Female,Sales Department,c8,90033
387757,8/4/2014 16:28,Hired,Male,Service Department,b9,18392
111974,5/18/2014 9:54,Hired,Female,Operations Department,c9,42594
751309,8/29/2014 9:31,Hired,Male,Operations Department,c5,33554
652702,8/4/2014 9:32,Hired,Female,Service Department,i5,16977
475749,8/16/2014 15:32,Hired,Male,Service Department,i5,52556
855985,8/16/2014 15:34,Hired,Female,Service Department,i5,49673
423758,5/5/2014 9:36,Hired,Male,Operations Department,i6,35381
684373,5/5/2014 17:16,Hired,Female,Operations Department,i6,79587
972481,5/5/2014 17:18,Hired,Male,Operations Department,i6,22587
949027,5/26/2014 9:31,Hired,Male,Operations Department,i6,71933
535917,5/13/2014 22:39,Hired,Male,Production Department,i6,23321
978933,5/13/2014 22:40,Hired,Male,Production Department,i6,42513
268801,5/24/2014 7:07,Hired,Female,Production Department,i6,58605
990318,5/24/2014 7:09,Hired,Female,Production Department,i6,1210
811653,5/24/2014 7:09,Hired,Male,Production Department,i6,43872
418227,6/3/2014 7:14,Hired,Female,Sales Department,c9,59932
311168,6/11/2014 10:09,Hired,Male,Sales Department,c9,40859
127559,6/16/2014 9:32,Hired,Male,Sales Department,c9,48675
964469,7/2/2014 18:16,Hired,Male,Sales Department,b9,32961
976657,7/2/2014 18:17,Hired,Female,Sales Department,b9,20760
235151,8/19/2014 18:19,Hired,Male,Operations Department,c9,44070
572031,8/18/2014 9:32,Hired,Don’t want to say,Production Department,i5,25378
180899,8/8/2014 11:40,Hired,Male,Operations Department,i7,23320
521742,8/8/2014 11:42,Hired,Female,Operations Department,i7,34249
706182,6/24/2014 9:31,Hired,Male,Sales Department,c9,7123
26159,6/24/2014 9:37,Hired,Female,Sales Department,c9,79172
980516,7/29/2014 9:34,Hired,Male,Sales Department,c9,28326
818591,7/29/2014 9:35,Hired,Female,Sales Department,c9,68839
717754,7/29/2014 9:32,Hired,Female,Sales Department,c9,68792
669804,8/14/2014 15:49,Hired,Male,Sales Department,c9,62873
474723,8/14/2014 15:47,Hired,Female,Sales Department,c9,9900
507036,8/14/2014 15:51,Hired,Female,Sales Department,c9,47444
736041,8/18/2014 8:28,Hired,Male,Sales Department,c9,9946
401482,8/13/2014 9:31,Hired,Male,Service Department,c9,20655
19895,7/9/2014 8:55,Hired,Male,Operations Department,b9,63225
326192,5/1/2014 9:32,Hired,Male,Operations Department,c5,32306
881007,5/1/2014 9:35,Hired,Male,Operations Department,c5,76581
805270,5/20/2014 12:58,Hired,Female,Operations Department,c5,42803
255063,5/20/2014 13:02,Hired,Female,Operations Department,c5,94634
798324,5/20/2014 12:56,Hired,Female,Operations Department,c5,51293
412624,5/21/2014 14:19,Hired,Male,Operations Department,c5,97066
157956,5/29/2014 13:57,Hired,Male,Operations Department,c5,67035
89359,5/29/2014 14:00,Hired,Female,Operations Department,c5,40000
717589,7/24/2014 9:31,Hired,Male,Sales Department,i5,37843
416449,5/28/2014 16:21,Hired,Female,Service Department,i5,77091
728481,5/28/2014 16:22,Hired,Male,Service Department,i5,6459
241250,6/6/2014 10:07,Hired,Female,Service Department,i5,22600
124271,6/20/2014 17:12,Hired,Male,Service Department,i5,31893
555783,5/26/2014 13:55,Hired,Male,Operations Department,c9,86177
295010,5/26/2014 13:58,Hired,Female,Operations Department,c9,1389
35482,5/29/2014 14:23,Hired,Female,Operations Department,c9,91603
501268,6/3/2014 16:22,Hired,Male,Operations Department,c9,14197
870435,5/19/2014 19:38,Hired,Male,Operations Department,c9,35264
663150,5/19/2014 19:38,Hired,Female,Operations Department,c9,70471
293055,5/27/2014 12:53,Hired,Male,Operations Department,c9,25660
372242,5/27/2014 12:52,Hired,Female,Operations Department,c9,14281
461858,6/12/2014 16:08,Hired,Male,Operations Department,c9,62495
96586,6/12/2014 16:09,Hired,Male,Operations Department,c9,79181
301586,7/28/2014 12:04,Hired,Male,Service Department,i7,96908
346190,7/28/2014 12:05,Hired,Male,Service Department,i7,54330
209714,6/23/2014 9:32,Hired,Male,Operations Department,c5,86414
314177,7/18/2014 19:28,Hired,Female,Operations Department,c5,40265
425236,8/1/2014 13:13,Hired,Female,Operations Department,c5,25430
427364,5/7/2014 21:17,Hired,Male,Marketing Department,c9,58484
582836,5/7/2014 21:18,Hired,Male,Marketing Department,c9,73096
897562,7/11/2014 14:50,Hired,Female,Sales Department,c5,55201
770021,7/11/2014 14:51,Hired,Female,Sales Department,c5,82207
444043,7/11/2014 14:52,Hired,-,Sales Department,c5,80262
493811,7/7/2014 9:32,Hired,Female,Sales Department,i5,9847
571621,8/11/2014 9:32,Hired,Male,Sales Department,c5,35504
946771,8/23/2014 8:43,Hired,Male,Operations Department,c5,55305
545541,5/17/2014 17:15,Hired,Male,Operations Department,c5,85322
20274,5/20/2014 17:29,Hired,Male,Operations Department,i7,42409
553212,6/17/2014 13:24,Hired,Male,Service Department,c5,37219
299015,7/29/2014 11:55,Hired,Male,Service Department,b9,57769
709912,6/4/2014 9:33,Hired,Female,Finance Department,i6,58771
198865,6/19/2014 9:34,Hired,Female,Operations Department,c9,49604
480106,5/22/2014 9:32,Hired,Male,Marketing Department,i7,27928
45977,6/12/2014 9:31,Hired,Male,Marketing Department,i7,47813
161328,5/30/2014 23:02,Hired,Female,Finance Department,c8,22912
507460,5/2/2014 9:33,Hired,Male,Purchase Department,c9,19477
876558,5/6/2014 12:39,Hired,Male,Purchase Department,c9,69352
107983,5/8/2014 9:32,Hired,Male,Purchase Department,c9,98779
822154,5/13/2014 19:35,Hired,Female,Purchase Department,c9,72835
279834,7/22/2014 17:12,Hired,Male,Purchase Department,c5,78795
901345,7/22/2014 17:14,Hired,Male,Purchase Department,c5,8630
410046,8/29/2014 9:31,Hired,Female,Purchase Department,c9,5352
653570,8/29/2014 9:33,Hired,Male,Purchase Department,c9,67527
395383,8/8/2014 9:32,Hired,Male,Marketing Department,c5,14051
506014,6/9/2014 9:31,Hired,Male,Operations Department,i6,27703
448476,6/30/2014 7:55,Hired,Male,Operations Department,i6,42138
164695,6/30/2014 8:00,Hired,Male,Operations Department,i6,16268
677313,7/28/2014 9:31,Hired,Male,Operations Department,c9,18431
805606,7/29/2014 12:04,Hired,Male,Operations Department,b9,10691
476925,8/14/2014 11:22,Hired,Male,Operations Department,c9,99554
345513,8/14/2014 11:23,Hired,Male,Operations Department,c9,24756
971950,8/21/2014 17:29,Hired,Male,Operations Department,i6,28180
828711,8/21/2014 17:30,Hired,Female,Operations Department,i6,75762
369701,8/21/2014 18:52,Hired,Male,Operations Department,i6,42790
729601,8/26/2014 9:29,Hired,Female,Operations Department,i5,37115
391507,8/11/2014 9:33,Hired,Female,Sales Department,c9,24210
794711,7/29/2014 14:26,Hired,Female,Sales Department,i7,90076
410418,5/23/2014 18:01,Hired,Male,Service Department,c9,75381
475908,5/16/2014 17:41,Hired,Male,Service Department,c9,58723
747318,5/16/2014 17:42,Hired,Don’t want to say,Service Department,c9,14799
729869,5/16/2014 17:42,Hired,Don’t want to say,Service Department,c9,33179
390743,8/20/2014 18:48,Hired,Female,Service Department,c9,33532
114741,8/20/2014 18:49,Hired,Female,Service Department,c9,12959
331487,8/26/2014 15:11,Hired,Male,Service Department,c9,55670
219953,8/28/2014 16:17,Hired,Female,Service Department,c9,88338
510340,5/27/2014 11:56,Hired,Male,Operations Department,c8,88420
259229,6/26/2014 10:19,Hired,Male,Sales Department,i5,27256
696733,6/26/2014 10:21,Hired,Female,Sales Department,i5,88465
379513,7/2/2014 11:58,Hired,Male,Sales Department,i5,12909
492225,7/2/2014 11:59,Hired,Male,Sales Department,i5,71033
676043,7/2/2014 12:03,Hired,Female,Sales Department,i5,63510
273255,6/25/2014 18:28,Hired,Male,Operations Department,c9,36183
84107,6/25/2014 18:30,Hired,Male,Operations Department,c9,62664
228996,6/25/2014 18:30,Hired,Female,Operations Department,c9,56965
696532,7/15/2014 9:32,Hired,Female,Service Department,c5,12626
432427,5/13/2014 16:16,Hired,Female,General Management,c9,80332
274225,5/14/2014 15:11,Hired,Female,General Management,c9,91583
190670,5/12/2014 16:02,Hired,Female,General Management,c9,78751
795543,5/20/2014 14:32,Hired,Female,Production Department,i5,8091
209648,5/2/2014 17:41,Hired,Male,Operations Department,c5,83423
568970,5/2/2014 17:42,Hired,Female,Operations Department,c5,19753
435558,5/3/2014 19:25,Hired,Female,Operations Department,i7,31878
770165,5/3/2014 19:25,Hired,Female,Operations Department,i7,50356
102190,5/3/2014 19:24,Hired,Female,Operations Department,i7,77465
231481,6/30/2014 15:32,Hired,Female,Operations Department,i7,68875
226498,6/30/2014 15:34,Hired,Female,Operations Department,i7,69912
81536,6/30/2014 15:36,Hired,Male,Operations Department,i7,57554
177150,6/30/2014 15:37,Hired,Female,Operations Department,i7,8302
476248,8/8/2014 10:47,Hired,Male,Operations Department,i7,70632
214731,8/8/2014 10:48,Hired,Female,Operations Department,i7,98878
710689,8/8/2014 10:50,Hired,Male,Operations Department,i7,34404
298052,5/31/2014 7:51,Hired,Female,General Management,i6,21211
596092,6/26/2014 2:56,Hired,Don’t want to say,General Management,i6,30957
104664,5/15/2014 11:34,Hired,Female,Human Resource Department,i5,78664
781527,5/15/2014 11:35,Hired,Male,Human Resource Department,i5,92123
159533,5/22/2014 16:57,Hired,Male,Human Resource Department,i5,76523
81368,5/22/2014 16:58,Hired,Male,Human Resource Department,i5,68168
843289,6/6/2014 13:11,Hired,Female,Human Resource Department,i5,3876
645085,6/6/2014 16:51,Hired,Male,Human Resource Department,i5,27527
910749,6/9/2014 9:49,Hired,Male,Human Resource Department,i5,84552
726973,6/9/2014 9:50,Hired,Male,Human Resource Department,i5,82887
440340,6/9/2014 9:51,Hired,Male,Human Resource Department,i5,92421
644551,6/9/2014 9:52,Hired,Female,Human Resource Department,i5,68769
538556,6/9/2014 9:49,Hired,Female,Human Resource Department,i5,7313
808970,6/27/2014 19:35,Hired,Male,Human Resource Department,i5,73949
610446,6/27/2014 19:39,Hired,Male,Human Resource Department,i5,7264
872631,6/24/2014 12:49,Hired,Female,Human Resource Department,i5,85723
662744,8/22/2014 9:32,Hired,Female,Human Resource Department,i5,30372
153327,5/30/2014 9:35,Hired,Male,Operations Department,i6,70088
574895,5/23/2014 9:33,Hired,Female,Operations Department,c5,89482
473427,6/7/2014 10:44,Hired,Male,Operations Department,c5,24409
993206,7/18/2014 9:35,Hired,Male,Operations Department,c5,79742
844634,7/22/2014 13:10,Hired,Male,Operations Department,c9,85902
292591,7/22/2014 13:13,Hired,Female,Operations Department,c9,20789
407392,7/30/2014 15:55,Hired,Male,Operations Department,c9,33426
346065,8/4/2014 13:21,Hired,Male,Operations Department,c5,88507
181952,7/30/2014 12:28,Hired,Male,Operations Department,c9,1351
484669,7/30/2014 12:32,Hired,Female,Operations Department,c9,26156
152014,8/1/2014 12:14,Hired,Male,Operations Department,c9,1808
340032,8/5/2014 6:33,Hired,Male,Operations Department,c9,73978
59309,8/7/2014 15:09,Hired,Female,Operations Department,c9,36217
280569,5/2/2014 9:31,Hired,Female,Finance Department,c9,45914
440222,6/24/2014 12:21,Hired,Female,Finance Department,c9,45915
195831,6/24/2014 12:21,Hired,Female,Finance Department,c9,66002
587861,8/29/2014 9:31,Hired,Male,Operations Department,c5,86256
355986,5/19/2014 9:31,Hired,Male,Service Department,b9,31623
86320,5/19/2014 9:36,Hired,Male,Service Department,b9,75379
448438,7/9/2014 16:40,Hired,Male,Service Department,b9,21848
509679,7/9/2014 16:41,Hired,Female,Service Department,b9,38979
330851,5/31/2014 15:43,Hired,Female,Production Department,c5,99086
205250,5/31/2014 15:45,Hired,Male,Production Department,c5,15482
266100,7/4/2014 19:47,Hired,Male,Production Department,c5,88155
568466,7/4/2014 19:48,Hired,Female,Production Department,c5,46479
355731,7/9/2014 19:18,Hired,Female,Production Department,c5,5301
926169,5/13/2014 9:33,Hired,Male,Operations Department,c8,74005
118591,7/30/2014 10:48,Hired,Male,Operations Department,c8,42927
387342,8/10/2014 12:01,Hired,Don’t want to say,Operations Department,c8,4639
986093,6/2/2014 15:01,Hired,Male,Production Department,c9,90933
354179,7/16/2014 9:35,Hired,Male,Production Department,c8,57885
217137,8/27/2014 9:34,Hired,Male,Production Department,c9,84008
914171,5/21/2014 9:31,Hired,Male,Service Department,c9,83231
324829,5/29/2014 8:05,Hired,Male,Service Department,c9,41816
140769,5/29/2014 15:58,Hired,Male,Service Department,c9,40844
738594,5/30/2014 19:52,Hired,Male,Service Department,c5,54437
580428,5/13/2014 10:44,Hired,Male,Sales Department,c8,25602
404793,5/20/2014 21:18,Hired,Male,Sales Department,c8,48910
635529,5/20/2014 21:19,Hired,Female,Sales Department,c8,2641
266248,6/4/2014 9:31,Hired,Male,Sales Department,c8,80984
288734,6/4/2014 9:32,Hired,Male,Sales Department,c8,84331
280722,6/21/2014 11:39,Hired,Female,Sales Department,c8,6329
369763,6/28/2014 17:08,Hired,Female,Sales Department,c8,40828
890690,6/18/2014 12:14,Hired,Male,Operations Department,c8,67278
50851,6/20/2014 10:23,Hired,Male,Operations Department,c8,54399
248927,7/1/2014 17:49,Hired,Male,Operations Department,c8,65670
581490,6/16/2014 9:32,Hired,Female,General Management,c5,74944
998680,8/25/2014 9:33,Hired,Male,Service Department,c5,75715
697349,6/16/2014 9:31,Hired,Male,Production Department,c5,6018
546459,6/16/2014 9:35,Hired,Female,Production Department,c5,24050
408311,6/16/2014 9:37,Hired,Male,Production Department,c5,50973
656502,7/14/2014 9:32,Hired,Female,Production Department,c9,57388
996016,7/22/2014 15:05,Hired,Male,Production Department,c5,78167
83297,7/22/2014 15:07,Hired,Male,Production Department,c5,25911
93533,7/24/2014 10:42,Hired,Male,Production Department,c5,45429
208383,7/24/2014 15:38,Hired,Male,Production Department,c5,94033
979283,8/11/2014 9:32,Hired,Male,Production Department,c5,49733
339547,8/11/2014 9:32,Hired,Female,Production Department,c5,56545
715346,8/11/2014 9:33,Hired,Female,Production Department,c5,71548
738113,5/2/2014 5:36,Hired,Female,Sales Department,c8,36205
869596,5/2/2014 5:37,Hired,Female,Sales Department,c8,23770
994801,5/2/2014 5:41,Hired,Female,Sales Department,c8,37277
560195,7/31/2014 10:41,Hired,Female,Sales Department,c8,88998
249505,8/13/2014 12:10,Hired,Male,Sales Department,c8,91251
973017,8/21/2014 8:25,Hired,Male,Sales Department,c8,8803
314661,8/21/2014 8:29,Hired,Male,Sales Department,c8,30905
120099,6/13/2014 10:16,Hired,Male,Marketing Department,c9,5379
756858,8/12/2014 9:33,Hired,Female,Operations Department,i6,49903
770131,7/8/2014 9:32,Hired,Female,Service Department,i6,40540
649883,7/22/2014 7:23,Hired,Male,Service Department,i6,3595
942408,7/16/2014 15:41,Hired,Male,Service Department,c5,84735
160361,8/18/2014 18:43,Hired,Male,Service Department,c5,77907
282540,8/18/2014 18:46,Hired,Female,Service Department,c5,52319
123721,8/1/2014 17:47,Hired,Female,Operations Department,i1,55487
306163,7/27/2014 8:38,Hired,Male,Operations Department,i1,12105
141433,6/26/2014 9:32,Hired,Male,Operations Department,c5,89135
503081,8/17/2014 13:47,Hired,Male,Operations Department,c5,17512
976197,8/17/2014 13:48,Hired,Female,Operations Department,c5,41667
729174,7/31/2014 9:32,Hired,Male,Operations Department,c5,56352
188079,6/24/2014 7:25,Hired,Don’t want to say,Operations Department,c9,86347
571355,6/24/2014 20:35,Hired,Female,Operations Department,c9,19117
513992,6/24/2014 20:38,Hired,Male,Operations Department,c9,3701
198610,6/25/2014 13:44,Hired,Male,Operations Department,c9,27219
671060,6/25/2014 13:45,Hired,Male,Operations Department,c9,88285
16811,6/19/2014 9:34,Hired,Female,Service Department,c5,4083
993049,6/29/2014 16:51,Hired,Female,Service Department,c5,58033
201002,7/11/2014 2:39,Hired,Male,Service Department,c9,59009
758129,7/11/2014 11:27,Hired,Male,Service Department,c9,73556
610135,7/11/2014 11:29,Hired,Female,Service Department,c9,70146
742503,7/17/2014 7:29,Hired,Female,Service Department,c5,83910
256604,7/17/2014 7:26,Hired,Female,Service Department,c5,9963
470979,6/26/2014 9:36,Hired,Female,Service Department,c5,33791
995423,6/26/2014 9:36,Hired,Male,Service Department,c5,37655
322860,6/26/2014 9:31,Hired,Don’t want to say,Service Department,c5,42972
604024,7/8/2014 9:49,Hired,Male,Service Department,c5,99345
21822,5/22/2014 17:00,Hired,Female,Service Department,i7,57333
356027,7/18/2014 9:34,Hired,Female,Service Department,i7,81124
970300,7/25/2014 17:23,Hired,Male,Service Department,i7,36932
607770,7/25/2014 17:25,Hired,Female,Service Department,i7,81106
346303,7/31/2014 13:49,Hired,Female,Service Department,i7,55056
961113,8/13/2014 19:05,Hired,Male,Service Department,i7,47856
517292,8/25/2014 14:24,Hired,Male,Service Department,i7,94052
141631,8/25/2014 14:25,Hired,Female,Service Department,i7,5534
58230,8/22/2014 9:31,Hired,Male,Operations Department,c5,99343
752726,5/4/2014 13:43,Hired,Male,Sales Department,c9,96405
520387,5/8/2014 12:15,Hired,Female,Sales Department,c5,79271
853118,5/8/2014 12:16,Hired,Male,Sales Department,c5,61301
58373,5/21/2014 10:18,Hired,Male,Sales Department,c9,7745
523831,5/21/2014 10:24,Hired,Female,Sales Department,c9,87802
949606,7/28/2014 9:35,Hired,Female,Sales Department,c9,45966
488008,7/29/2014 18:41,Hired,Male,Sales Department,c9,10712
165558,7/28/2014 9:32,Hired,Female,Operations Department,b9,77540
793418,8/4/2014 9:31,Hired,Male,Service Department,i6,79712
664697,5/2/2014 19:47,Hired,Male,Operations Department,i6,28257
766137,5/2/2014 19:47,Hired,Female,Operations Department,i6,78187
881053,5/9/2014 10:16,Hired,Male,Operations Department,i6,97560
121902,5/9/2014 10:16,Hired,Male,Operations Department,i6,25403
72946,8/4/2014 9:34,Hired,Male,Operations Department,i6,79985
945961,8/8/2014 15:19,Hired,Female,Operations Department,i6,91185
203714,6/25/2014 20:41,Hired,Male,Operations Department,c9,75116
873237,5/21/2014 9:35,Hired,Female,Service Department,c5,18555
365081,5/21/2014 9:35,Hired,Male,Service Department,c5,92097
777804,8/25/2014 10:52,Hired,Male,Operations Department,c9,19035
574541,6/11/2014 9:33,Hired,Male,Service Department,c5,71065
320750,6/16/2014 1:00,Hired,Male,Marketing Department,c9,83315
654726,7/2/2014 11:09,Hired,Don’t want to say,Marketing Department,c9,52826
25694,8/21/2014 9:32,Hired,Don’t want to say,Service Department,i7,77478
51662,8/22/2014 12:46,Hired,Female,Service Department,i7,98662
829481,8/22/2014 12:48,Hired,Male,Service Department,i7,69017
726699,8/22/2014 12:49,Hired,Female,Service Department,i7,31542
149551,6/5/2014 18:13,Hired,Male,Operations Department,c5,15887
201882,6/5/2014 18:13,Hired,Female,Operations Department,c5,93106
595148,6/5/2014 18:14,Hired,Male,Operations Department,c5,3251
149844,7/17/2014 9:38,Hired,Male,Operations Department,c5,95833
461013,7/18/2014 14:13,Hired,Male,Operations Department,c5,27465
844190,7/18/2014 14:14,Hired,Male,Operations Department,c5,40744
707322,8/16/2014 9:42,Hired,Female,Operations Department,c5,52191
283689,8/21/2014 8:11,Hired,Male,Operations Department,c5,2654
609394,7/8/2014 11:04,Hired,Female,Sales Department,i6,43241
620338,6/13/2014 9:33,Hired,Male,Operations Department,i7,91273
662089,7/11/2014 9:35,Hired,Male,Operations Department,i7,29896
282188,7/11/2014 9:35,Hired,Male,Operations Department,i7,67135
563335,7/11/2014 9:36,Hired,Female,Operations Department,i7,24723
53039,6/22/2014 15:05,Hired,Male,Service Department,c8,38704
460744,6/28/2014 19:33,Hired,Male,Service Department,c8,62673
597345,7/2/2014 8:19,Hired,Male,Service Department,c8,49159
777203,7/2/2014 8:24,Hired,Male,Service Department,c8,98583
671784,7/4/2014 10:28,Hired,Male,Service Department,c8,39972
612796,7/15/2014 14:06,Hired,Male,Service Department,c8,36097
220918,7/15/2014 14:07,Hired,Female,Service Department,c8,85690
82002,7/16/2014 19:49,Hired,Male,Service Department,c8,31165
688724,6/21/2014 21:52,Hired,Male,Service Department,i1,13036
508655,6/21/2014 21:54,Hired,Female,Service Department,i1,52526
82215,6/21/2014 21:56,Hired,Female,Service Department,i1,86491
23223,7/28/2014 9:34,Hired,Male,Service Department,i1,81439
844493,5/6/2014 9:32,Hired,Male,Operations Department,i5,84470
233446,5/6/2014 10:34,Hired,Female,Operations Department,c8,46708
428368,5/23/2014 13:56,Hired,Female,Service Department,c5,38848
254722,5/16/2014 19:53,Hired,Male,Service Department,c5,1686
286810,8/22/2014 4:48,Hired,Male,Service Department,c5,68890
272792,8/23/2014 9:42,Hired,Female,Service Department,c5,51993
231924,8/23/2014 9:45,Hired,Female,Service Department,c5,89458
522338,8/30/2014 15:44,Hired,Female,Service Department,c5,44529
662487,5/21/2014 9:31,Hired,Male,Operations Department,c9,80916
803879,8/19/2014 17:13,Hired,Male,Production Department,i6,59043
926957,5/16/2014 17:56,Hired,Male,Operations Department,i6,66430
818752,5/22/2014 18:40,Hired,Female,Operations Department,i7,59012
554427,5/22/2014 18:40,Hired,Male,Operations Department,i7,5107
262806,5/22/2014 18:40,Hired,Don’t want to say,Operations Department,i7,87327
691563,6/26/2014 9:31,Hired,Male,Operations Department,i7,68344
145654,6/12/2014 9:32,Hired,Female,Service Department,i7,79265
450068,7/29/2014 15:50,Hired,Male,Service Department,i5,98599
991377,5/31/2014 18:15,Hired,Male,Sales Department,i1,5776
972418,7/18/2014 9:33,Hired,Male,Sales Department,c9,17920
758770,8/14/2014 17:04,Hired,Male,Sales Department,c9,26390
339709,8/14/2014 17:05,Hired,Male,Sales Department,c9,41454
665151,5/19/2014 9:31,Hired,Male,Service Department,i6,57695
918977,5/19/2014 9:33,Hired,Male,Service Department,i6,61359
59571,6/13/2014 19:04,Hired,Female,Service Department,i6,44515
763575,6/4/2014 16:45,Hired,Male,Service Department,b9,79839
907089,6/7/2014 18:35,Hired,Male,Service Department,c9,4882
327925,6/22/2014 15:56,Hired,Don’t want to say,Service Department,c9,85704
828285,7/2/2014 17:23,Hired,Male,Service Department,c9,24144
464131,7/2/2014 17:23,Hired,Male,Service Department,c9,71756
936032,8/31/2014 7:45,Hired,Male,Service Department,b9,14929
512510,7/29/2014 11:46,Hired,Female,Production Department,c9,29908
45706,7/30/2014 12:23,Hired,Male,Production Department,c9,69338
604191,7/30/2014 12:27,Hired,Female,Production Department,c9,7769
638258,8/13/2014 12:07,Hired,Female,Finance Department,c5,28497
581201,8/20/2014 9:32,Hired,Female,Operations Department,i6,18067
771782,7/8/2014 9:12,Hired,Female,General Management,i7,14603
539267,6/11/2014 14:59,Hired,Male,Purchase Department,c5,59472
282409,6/11/2014 15:03,Hired,Female,Purchase Department,c5,78804
967490,6/25/2014 12:40,Hired,Male,Purchase Department,c5,65576
450797,7/10/2014 9:32,Hired,Male,Production Department,i7,15586
176038,7/10/2014 9:31,Hired,Female,Production Department,i7,51636
448071,5/26/2014 10:22,Hired,Male,Sales Department,c8,13399
834760,5/26/2014 10:28,Hired,Female,Sales Department,c8,5776
46552,5/23/2014 9:31,Hired,Male,Sales Department,c5,14363
313780,5/26/2014 17:44,Hired,Male,Sales Department,c5,53084
751383,5/26/2014 17:45,Hired,Male,Sales Department,c5,42628
511866,5/26/2014 17:47,Hired,Female,Sales Department,c5,18669
440123,5/28/2014 3:21,Hired,Female,Sales Department,c5,41469
716926,6/7/2014 0:45,Hired,Male,Sales Department,c5,2102
721500,6/27/2014 9:31,Hired,Male,Sales Department,c5,30608
256965,6/27/2014 9:35,Hired,Male,Sales Department,c5,16789
708129,7/10/2014 8:35,Hired,Female,Sales Department,c5,20821
493681,5/15/2014 12:24,Hired,Male,Production Department,i5,58292
163682,6/14/2014 13:53,Hired,Male,Operations Department,c5,78826
690427,6/14/2014 13:54,Hired,Male,Operations Department,c5,99948
526126,6/27/2014 5:51,Hired,Female,Operations Department,c5,86706
303583,6/27/2014 5:54,Hired,Male,Operations Department,c5,91305
852401,6/27/2014 5:54,Hired,Female,Operations Department,c5,81579
494189,5/12/2014 14:18,Hired,Male,Operations Department,c9,92741
873066,5/16/2014 9:32,Hired,Male,Operations Department,c9,81960
655848,5/30/2014 9:31,Hired,Don’t want to say,Finance Department,i7,34584
502192,7/3/2014 14:07,Hired,Female,Finance Department,i7,24664
496087,6/12/2014 18:57,Hired,Female,General Management,c5,67205
269459,7/4/2014 9:32,Hired,Female,General Management,c5,36784
426605,7/4/2014 9:34,Hired,Female,General Management,c5,79450
965697,6/20/2014 9:32,Hired,Male,Service Department,b9,77969
273938,5/12/2014 9:32,Hired,Female,Service Department,i5,4408
502562,8/4/2014 18:19,Hired,Don’t want to say,Sales Department,i7,70851
838240,8/27/2014 17:20,Hired,Female,Sales Department,i7,17473
301382,5/5/2014 9:32,Hired,Female,Operations Department,i7,52816
841929,6/23/2014 9:33,Hired,Female,Operations Department,i7,54176
338221,6/23/2014 9:31,Hired,Female,Operations Department,i7,58527
394323,6/25/2014 17:56,Hired,Male,Operations Department,c9,57181
583920,6/25/2014 17:57,Hired,Male,Operations Department,c9,25059
849885,6/30/2014 15:43,Hired,Male,Operations Department,i1,2626
540241,7/4/2014 15:09,Hired,Male,Operations Department,i7,8433
715095,5/5/2014 19:26,Hired,Male,Operations Department,i7,65169
188572,7/22/2014 9:33,Hired,Male,Operations Department,i7,26028
836201,6/4/2014 9:32,Hired,Female,Service Department,c9,48402
399899,6/4/2014 9:32,Hired,Male,Service Department,c9,41353
799492,6/4/2014 9:32,Hired,Don’t want to say,Service Department,c9,9449
86558,5/1/2014 17:34,Hired,Male,Operations Department,i6,45622
968366,5/2/2014 17:15,Hired,Male,Purchase Department,i5,76109
962795,5/13/2014 18:57,Hired,Male,Purchase Department,c5,22110
150743,6/11/2014 14:49,Hired,Female,Purchase Department,c5,5068
140184,6/11/2014 14:50,Hired,Male,Purchase Department,c5,81546
117720,8/19/2014 18:18,Hired,Male,Purchase Department,c9,50784
392430,8/30/2014 8:12,Hired,Male,Purchase Department,c9,7350
135861,8/30/2014 8:14,Hired,Male,Purchase Department,c9,69448
111755,8/30/2014 8:15,Hired,Female,Purchase Department,c9,44632
581823,6/3/2014 13:28,Hired,Male,Operations Department,i5,86978
162502,6/3/2014 19:13,Hired,Male,Operations Department,i5,32356
752842,6/6/2014 19:33,Hired,Female,Operations Department,i5,69060
490961,6/13/2014 17:04,Hired,Male,Operations Department,i5,87059
775320,6/13/2014 17:04,Hired,Male,Operations Department,i5,10554
92908,6/27/2014 13:05,Hired,Male,Operations Department,i5,28427
410576,6/27/2014 13:06,Hired,Female,Operations Department,i5,76961
445934,6/27/2014 13:12,Hired,Female,Operations Department,i5,45433
347050,8/29/2014 9:34,Hired,Female,Operations Department,i5,72901
402395,8/29/2014 9:34,Hired,Male,Operations Department,i5,40686
714920,7/15/2014 14:28,Hired,Don’t want to say,Operations Department,c9,78340
192049,8/13/2014 16:03,Hired,Male,Operations Department,b9,11856
489111,8/13/2014 16:03,Hired,Male,Operations Department,b9,89202
81510,6/5/2014 14:54,Hired,Male,Sales Department,c9,58367
804019,7/8/2014 16:52,Hired,Female,Sales Department,c9,85130
402580,7/28/2014 9:34,Hired,Female,Service Department,i7,47672
574351,8/14/2014 10:02,Hired,Male,Service Department,i7,15263
760336,8/15/2014 4:20,Hired,Male,Service Department,i7,93321
654173,7/22/2014 18:11,Hired,Female,Purchase Department,i5,84213
723768,7/22/2014 18:12,Hired,Female,Purchase Department,i5,7276
796703,8/7/2014 17:28,Hired,Female,Purchase Department,i5,96490
839265,5/5/2014 13:15,Hired,Male,Operations Department,c9,33367
934573,5/5/2014 13:16,Hired,Female,Operations Department,c9,69471
41899,5/5/2014 13:19,Hired,Female,Operations Department,c9,12070
366947,5/6/2014 16:52,Hired,Male,Operations Department,b9,29273
873768,5/6/2014 16:53,Hired,Female,Operations Department,b9,48191
503622,7/18/2014 13:25,Hired,Male,Operations Department,c9,99127
543138,5/26/2014 15:56,Hired,Male,Operations Department,c5,68590
166850,5/30/2014 6:53,Hired,Female,Operations Department,c5,23249
562873,7/9/2014 9:34,Hired,Male,Operations Department,c5,30100
116216,7/9/2014 9:34,Hired,Female,Operations Department,c5,19850
65925,5/1/2014 14:57,Hired,Female,Sales Department,i7,40878
846476,5/27/2014 16:06,Hired,Male,Sales Department,i7,22937
448790,6/10/2014 18:08,Hired,Male,Sales Department,i7,40784
727895,8/11/2014 13:44,Hired,Don’t want to say,Sales Department,i7,18169
180428,8/15/2014 16:02,Hired,Female,Sales Department,i7,33097
822019,8/14/2014 10:50,Hired,Female,Sales Department,i7,51490
712086,8/28/2014 15:43,Hired,Male,Sales Department,i7,53964
765652,5/30/2014 17:47,Hired,Female,General Management,c5,7125
498321,5/30/2014 17:46,Hired,Don’t want to say,General Management,c5,10707
590807,6/19/2014 14:34,Hired,Male,Marketing Department,c9,34189
951578,7/2/2014 6:09,Hired,Female,Marketing Department,c9,56011
389877,7/4/2014 19:21,Hired,Male,Marketing Department,c9,86815
387963,5/28/2014 20:41,Hired,Male,Marketing Department,c9,17425
442094,5/28/2014 20:42,Hired,Male,Marketing Department,c9,47681
464509,6/12/2014 12:32,Hired,Female,Marketing Department,c9,95535
58937,7/4/2014 0:05,Hired,Female,Marketing Department,c9,15293
430925,7/4/2014 0:05,Hired,Female,Marketing Department,c9,97932
991451,7/4/2014 0:04,Hired,Female,Marketing Department,c9,25268
259269,5/27/2014 18:06,Hired,Male,Service Department,c9,15216
202730,5/27/2014 18:06,Hired,Female,Service Department,c9,22862
273112,8/22/2014 9:33,Hired,Male,Service Department,c9,58438
830024,5/19/2014 9:31,Hired,Male,Sales Department,c9,54712
938760,7/21/2014 9:31,Hired,Male,Sales Department,c9,62020
217754,8/6/2014 17:06,Hired,Male,Sales Department,c9,2463
353917,8/26/2014 16:39,Hired,Male,Sales Department,c9,14997
307390,8/27/2014 9:23,Hired,Male,Sales Department,c9,80927
824047,8/5/2014 8:33,Hired,Female,Service Department,c5,35844
99934,5/26/2014 9:34,Hired,Female,Service Department,c9,52182
232657,5/15/2014 13:31,Hired,Male,Operations Department,c5,57400
67488,8/4/2014 9:31,Hired,Male,Operations Department,c5,10631
640471,8/19/2014 17:08,Hired,Don’t want to say,Service Department,c9,37465
695891,6/17/2014 16:29,Hired,Female,Operations Department,i1,69597
415382,6/17/2014 16:31,Hired,Female,Operations Department,i1,79833
922942,8/18/2014 9:31,Hired,Male,Operations Department,i6,18480
746537,8/5/2014 9:33,Hired,Male,Sales Department,i7,68528
895640,7/9/2014 18:31,Hired,Female,Purchase Department,c9,72160
218613,5/6/2014 9:36,Hired,Male,Operations Department,i7,9149
525791,5/16/2014 7:34,Hired,Male,Operations Department,i7,76751
665191,5/16/2014 7:35,Hired,Male,Operations Department,i7,47531
25761,6/4/2014 15:53,Hired,Male,Operations Department,i5,55502
130020,6/25/2014 14:16,Hired,Male,Operations Department,i7,80256
402937,6/25/2014 14:35,Hired,Male,Operations Department,i7,38604
911871,7/8/2014 9:34,Hired,Male,Operations Department,i7,83971
102217,6/17/2014 9:32,Hired,Don’t want to say,Operations Department,c5,23608
151795,7/8/2014 16:16,Hired,Female,Operations Department,c5,31123
960256,8/11/2014 12:56,Hired,Male,Operations Department,c5,69108
530605,8/11/2014 12:56,Hired,Female,Operations Department,c5,10518
323612,8/19/2014 10:08,Hired,Don’t want to say,Operations Department,c5,54909
345891,7/11/2014 19:48,Hired,Female,Operations Department,c5,15450
987463,7/11/2014 19:49,Hired,Male,Operations Department,c5,37936
695272,7/22/2014 9:33,Hired,Male,Operations Department,c5,23379
732645,5/6/2014 17:01,Hired,Male,Sales Department,c5,4833
880865,6/12/2014 9:32,Hired,Male,Service Department,c9,18267
516982,5/1/2014 9:35,Hired,Male,Operations Department,i6,41757
91804,8/23/2014 8:57,Hired,Female,Operations Department,i6,43469
245050,5/1/2014 10:44,Hired,Male,Operations Department,c5,25888
892747,5/1/2014 10:46,Hired,Female,Operations Department,c5,32605
410772,5/9/2014 17:55,Hired,Male,Operations Department,c5,88636
908363,5/9/2014 17:57,Hired,Male,Operations Department,c5,59445
651481,5/23/2014 11:34,Hired,Male,Operations Department,c5,49827
708626,7/1/2014 12:01,Hired,Male,Purchase Department,i5,91881
687891,7/4/2014 9:29,Hired,Female,Sales Department,c9,14642
100256,7/14/2014 16:10,Hired,Female,Sales Department,c9,53297
67200,7/23/2014 12:11,Hired,Male,Sales Department,c9,52778
820771,8/15/2014 9:32,Hired,Male,Operations Department,c9,39064
16292,6/6/2014 9:32,Hired,Don’t want to say,Purchase Department,c9,28946
62419,6/13/2014 9:35,Hired,Male,Operations Department,i7,26272
65483,5/2/2014 9:32,Hired,Male,Marketing Department,c5,53883
170112,5/14/2014 8:54,Hired,Male,Service Department,c5,3360
69388,5/19/2014 15:26,Hired,Male,Service Department,c5,17536
817053,5/5/2014 9:32,Hired,Female,Production Department,i5,63967
430921,5/12/2014 14:06,Hired,Female,Production Department,i5,19571
26542,5/12/2014 15:55,Hired,Male,Service Department,c9,47561
143411,5/12/2014 15:55,Hired,Female,Service Department,c9,79879
250547,6/3/2014 9:32,Hired,Male,Service Department,i7,77318
446419,7/17/2014 16:10,Hired,Female,Sales Department,c5,76961
378793,6/25/2014 9:31,Hired,Male,Purchase Department,b9,29565
664799,8/20/2014 10:35,Hired,Female,Service Department,i5,40402
352309,8/20/2014 10:38,Hired,-,Service Department,i5,4308
409207,8/20/2014 10:41,Hired,Female,Service Department,i5,1619
809649,8/20/2014 10:42,Hired,Female,Service Department,i5,54852
834222,8/14/2014 18:37,Hired,Female,Sales Department,i7,96466
137521,8/14/2014 18:36,Hired,Female,Sales Department,i7,47861
411665,5/9/2014 12:55,Hired,Female,Operations Department,b9,36071
347912,6/3/2014 16:34,Hired,Male,Operations Department,b9,79645
214457,6/9/2014 9:47,Hired,Female,Operations Department,b9,22965
918944,6/17/2014 19:46,Hired,Male,Operations Department,b9,46943
640586,6/26/2014 10:09,Hired,Female,Operations Department,b9,14594
878164,8/27/2014 7:59,Hired,Male,Service Department,c9,65765
780358,5/7/2014 15:49,Hired,Male,Purchase Department,i6,20045
630226,5/13/2014 16:54,Hired,Male,Purchase Department,i6,72474
166022,6/6/2014 9:31,Hired,Male,Service Department,i7,84494
258244,6/13/2014 9:31,Hired,Male,Service Department,i7,88517
258521,5/23/2014 9:32,Hired,Male,Operations Department,i5,35273
368800,5/23/2014 9:35,Hired,Female,Operations Department,i5,22051
456819,5/23/2014 9:37,Hired,Male,Operations Department,i5,36358
816748,5/30/2014 9:32,Hired,Male,Marketing Department,i6,54557
175180,7/10/2014 15:28,Hired,Female,Sales Department,c9,16996
456871,7/10/2014 15:29,Hired,Male,Sales Department,c9,39016
909743,8/13/2014 12:12,Hired,Male,Sales Department,c9,77789
193614,8/13/2014 12:13,Hired,Male,Sales Department,c9,68820
926034,5/26/2014 9:33,Hired,Female,Service Department,i1,27492
741464,6/5/2014 8:35,Hired,Male,Service Department,c9,68397
218712,6/5/2014 8:38,Hired,Female,Service Department,c9,19371
141105,6/11/2014 6:19,Hired,Male,Service Department,i1,46369
602859,6/19/2014 16:26,Hired,Male,Service Department,c9,22619
888578,6/19/2014 16:28,Hired,Female,Service Department,c9,65299
310945,6/22/2014 10:14,Hired,Female,Service Department,i1,97594
336659,7/28/2014 9:32,Hired,Male,Service Department,c9,14963
558779,7/31/2014 18:24,Hired,Male,Service Department,c9,38265
887671,8/1/2014 8:10,Hired,Male,Service Department,i1,60500
985374,8/7/2014 13:39,Hired,Male,Service Department,i1,11611
479749,8/7/2014 13:42,Hired,Male,Service Department,i1,50403
347974,8/7/2014 13:43,Hired,Male,Service Department,i1,51996
318156,8/7/2014 13:39,Hired,Female,Service Department,i1,55936
951232,8/8/2014 8:13,Hired,Female,Service Department,i1,8971
44589,7/7/2014 9:31,Hired,Male,Sales Department,c9,1889
554122,8/18/2014 9:33,Hired,Female,Sales Department,c9,49368
965739,8/18/2014 9:34,Hired,Female,Sales Department,c9,83837
478118,5/2/2014 12:09,Hired,Female,Finance Department,i7,7992
109968,5/2/2014 12:10,Hired,Female,Finance Department,i7,64653
190873,7/22/2014 10:09,Hired,Female,Service Department,c9,4105
516140,5/16/2014 15:41,Hired,Female,Operations Department,b9,68202
538144,5/16/2014 15:42,Hired,Male,Operations Department,b9,76672
201849,5/16/2014 15:44,Hired,Male,Operations Department,b9,17810
249297,5/13/2014 9:34,Hired,Male,Sales Department,c9,75387
926184,5/2/2014 13:57,Hired,Male,Operations Department,c9,59961
311962,5/2/2014 13:58,Hired,Male,Operations Department,c9,43323
847124,5/2/2014 14:00,Hired,Female,Operations Department,c9,76724
235082,5/2/2014 13:58,Hired,Female,Operations Department,c9,35832
347068,5/8/2014 15:03,Hired,Male,Operations Department,c9,1177
669899,7/22/2014 9:35,Hired,Male,Operations Department,c9,39395
798412,7/22/2014 9:34,Hired,Female,Operations Department,c9,76159
388435,7/24/2014 23:20,Hired,Male,Operations Department,c9,23442
642984,7/24/2014 23:22,Hired,Female,Operations Department,c9,34424
294977,5/13/2014 9:31,Hired,Male,Operations Department,c9,21338
704623,5/19/2014 9:49,Hired,Male,Operations Department,c9,26301
969042,5/19/2014 9:49,Hired,Male,Operations Department,c9,85160
968197,5/19/2014 10:05,Hired,Male,Marketing Department,c8,15924
652326,6/24/2014 8:06,Hired,Male,Marketing Department,c8,5683
902094,6/24/2014 8:09,Hired,Male,Marketing Department,c8,74117
510862,7/26/2014 17:49,Hired,Male,Service Department,c9,70509
627708,8/18/2014 19:32,Hired,Female,Service Department,c9,44987
122069,8/9/2014 16:14,Hired,Male,Purchase Department,c5,87079
527659,6/4/2014 17:09,Hired,Female,Operations Department,i5,37630
31461,6/21/2014 8:17,Hired,Male,Operations Department,i5,73684
459524,5/1/2014 8:33,Hired,Male,Operations Department,i6,16195
275154,5/6/2014 17:44,Hired,Female,Operations Department,c5,34296
287494,5/8/2014 13:03,Hired,Male,Operations Department,i6,53935
100435,5/10/2014 10:58,Hired,Male,Operations Department,c5,79877
134343,5/18/2014 15:06,Hired,Female,Operations Department,c5,38364
865788,5/18/2014 15:13,Hired,Female,Operations Department,c5,7260
553857,5/19/2014 14:36,Hired,Male,Operations Department,i6,82873
769485,5/2/2014 9:32,Hired,Male,Operations Department,c5,93649
944835,5/8/2014 17:06,Hired,Male,Operations Department,i6,34674
541702,5/15/2014 7:39,Hired,Male,Operations Department,c5,12614
185279,5/15/2014 7:38,Hired,Don’t want to say,Operations Department,c5,43019
948017,5/24/2014 9:47,Hired,Male,Operations Department,c5,80756
103836,5/24/2014 9:51,Hired,Male,Operations Department,c5,34773
206453,5/30/2014 14:03,Hired,Male,Operations Department,i6,30863
837861,5/30/2014 14:04,Hired,Male,Operations Department,i6,50500
163162,6/6/2014 15:29,Hired,Female,Operations Department,i6,15888
550778,6/12/2014 8:48,Hired,Female,Operations Department,c5,95629
419081,7/8/2014 12:18,Hired,Male,Operations Department,i6,2668
238407,7/10/2014 8:54,Hired,Female,Operations Department,i6,52278
240004,7/11/2014 9:37,Hired,Female,Operations Department,i6,12991
664101,8/8/2014 9:33,Hired,Female,Operations Department,c5,41524
184275,8/12/2014 9:49,Hired,Male,Operations Department,i6,23504
818366,8/12/2014 9:50,Hired,Female,Operations Department,i6,84015
55833,8/23/2014 14:11,Hired,Male,Operations Department,c5,88439
603411,8/23/2014 14:11,Hired,Female,Operations Department,c5,12658
58648,8/29/2014 14:21,Hired,Female,Operations Department,c5,63894
347119,5/9/2014 9:33,Hired,Female,Service Department,b9,74299
832733,6/26/2014 9:56,Hired,Male,Service Department,b9,41796
255041,6/16/2014 16:52,Hired,Female,Human Resource Department,c5,4107
75454,6/6/2014 10:23,Hired,Male,Operations Department,i7,88514
990597,8/1/2014 17:37,Hired,Female,Service Department,c5,24433
380112,8/1/2014 17:41,Hired,Female,Service Department,c5,33740
555507,8/5/2014 13:37,Hired,Male,Service Department,c5,71637
174767,8/5/2014 13:38,Hired,Male,Service Department,c5,40992
711793,8/6/2014 12:09,Hired,Male,Service Department,c5,64853
571572,8/6/2014 12:11,Hired,Male,Service Department,c5,25710
440524,8/2/2014 14:43,Hired,Female,Finance Department,c9,17199
407565,8/11/2014 9:33,Hired,Female,Finance Department,c9,3772
998515,5/30/2014 10:08,Hired,Male,Service Department,i7,46623
304127,5/27/2014 16:27,Hired,Male,Operations Department,c8,93664
229283,8/17/2014 8:44,Hired,Male,Service Department,b9,88015
315371,8/17/2014 8:46,Hired,Female,Service Department,b9,65244
629397,8/30/2014 7:13,Hired,Female,Service Department,b9,54521
61079,7/28/2014 9:33,Hired,Female,Service Department,c5,2985
896621,7/28/2014 9:34,Hired,Male,Service Department,c5,77094
709462,6/9/2014 9:32,Hired,Male,Operations Department,i5,76421
894161,6/11/2014 11:48,Hired,Female,Operations Department,c5,23726
186172,6/24/2014 9:32,Hired,Female,Operations Department,b9,89244
967321,5/2/2014 16:41,Hired,Male,Sales Department,c5,3235
216398,5/2/2014 16:43,Hired,Male,Sales Department,c5,43446
992524,5/28/2014 12:14,Hired,Female,Sales Department,c5,61587
702719,5/28/2014 12:17,Hired,Male,Sales Department,c5,38751
564937,5/30/2014 19:21,Hired,Female,Sales Department,c5,17899
799844,6/5/2014 16:17,Hired,Male,Sales Department,c5,46877
107768,6/14/2014 13:25,Hired,Male,Sales Department,c5,90882
279879,7/2/2014 16:00,Hired,Male,Sales Department,c5,21816
784652,7/4/2014 17:38,Hired,Female,Sales Department,c5,18442
226229,7/10/2014 19:03,Hired,Male,Sales Department,c5,85610
189271,7/10/2014 19:03,Hired,Female,Sales Department,c5,86885
931211,7/10/2014 19:01,Hired,Female,Sales Department,c5,62325
665658,7/10/2014 19:05,Hired,Female,Sales Department,c5,50639
446038,7/10/2014 19:06,Hired,Female,Sales Department,c5,28980
213135,5/20/2014 9:31,Hired,Female,General Management,c9,87967
137375,7/22/2014 9:31,Hired,Female,General Management,c9,23628
947056,8/26/2014 9:32,Hired,Male,Marketing Department,i5,14525
458505,6/10/2014 9:31,Hired,Male,Marketing Department,c9,88355
91111,6/25/2014 9:32,Hired,Male,Operations Department,c9,90355
945207,5/14/2014 9:32,Hired,Male,Service Department,i6,79204
194975,5/14/2014 9:32,Hired,Female,Service Department,i6,50280
596025,7/2/2014 9:33,Hired,Male,Service Department,i6,90204
705751,7/2/2014 9:34,Hired,Female,Service Department,i6,40857
294269,7/15/2014 9:10,Hired,Male,Service Department,i6,37815
399600,7/15/2014 9:13,Hired,Male,Service Department,i6,89659
554095,5/22/2014 10:12,Hired,Male,Operations Department,i6,34588
126252,5/30/2014 15:17,Hired,Male,Operations Department,i6,41157
469996,5/21/2014 9:35,Hired,Male,Operations Department,i6,18464
101434,6/17/2014 14:57,Hired,Female,Operations Department,i6,82135
115579,6/17/2014 15:01,Hired,Male,Operations Department,i6,76291
432166,6/20/2014 7:33,Hired,Male,Operations Department,i6,39270
377160,6/20/2014 7:38,Hired,Male,Operations Department,i6,83734
727510,6/20/2014 7:39,Hired,Male,Operations Department,i6,58419
820716,6/24/2014 18:00,Hired,Male,Operations Department,i6,76090
797456,7/11/2014 9:00,Hired,Male,Operations Department,i6,10036
63948,5/2/2014 18:58,Hired,Female,Operations Department,i5,78389
773795,8/14/2014 15:26,Hired,Don’t want to say,Operations Department,i5,28477
809978,6/27/2014 14:04,Hired,Male,Operations Department,i7,85187
533072,8/27/2014 10:21,Hired,Male,Operations Department,c8,60231
402828,5/9/2014 9:32,Hired,Female,Operations Department,i5,20285
535927,5/17/2014 20:43,Hired,Don’t want to say,Operations Department,i5,87974
41523,5/19/2014 18:00,Hired,Female,Operations Department,i5,47394
684308,6/23/2014 10:02,Hired,Don’t want to say,Operations Department,i5,45677
567566,5/22/2014 18:41,Hired,Female,Operations Department,i6,76190
514518,5/28/2014 17:40,Hired,Male,Operations Department,i6,75838
880677,6/7/2014 19:59,Hired,Male,Operations Department,i6,47669
587140,6/9/2014 12:13,Hired,Male,Operations Department,i6,96520
907345,8/22/2014 9:31,Hired,Male,Operations Department,i6,38140
569637,6/13/2014 9:32,Hired,Don’t want to say,Service Department,i5,28973
952941,7/26/2014 9:32,Hired,Male,Service Department,c9,84076
960244,7/26/2014 9:32,Hired,Male,Service Department,c9,59122
496208,8/16/2014 16:13,Hired,Male,Service Department,i5,56076
265723,5/14/2014 12:19,Hired,Male,Operations Department,c9,55316
12289,6/3/2014 17:43,Hired,Male,Marketing Department,c5,65697
666242,8/4/2014 9:34,Hired,Male,Marketing Department,c5,97394
965315,8/16/2014 12:26,Hired,Male,Marketing Department,c5,75130
714755,8/16/2014 12:28,Hired,Male,Marketing Department,c5,87943
958624,8/27/2014 9:06,Hired,Female,Marketing Department,c5,67152
865900,6/23/2014 9:32,Hired,Female,Service Department,c5,86665
91590,6/10/2014 19:57,Hired,Female,General Management,i7,10775
870513,6/13/2014 10:26,Hired,Female,General Management,c8,98583
991691,6/13/2014 10:26,Hired,Female,General Management,c8,51925
603744,6/20/2014 0:06,Hired,Female,General Management,i7,77953
985432,6/26/2014 12:01,Hired,Female,General Management,c8,79311
843215,6/26/2014 12:03,Hired,Female,General Management,c8,49233
590543,6/10/2014 9:35,Hired,Female,General Management,i7,46329
182209,8/22/2014 15:10,Hired,Female,General Management,i7,6520
556195,8/22/2014 15:12,Hired,Female,General Management,i7,55770
28862,8/22/2014 15:14,Hired,Female,General Management,i7,80190
876875,8/29/2014 10:53,Hired,Female,General Management,i7,30855
777528,8/29/2014 10:54,Hired,Female,General Management,i7,33025
452098,8/29/2014 10:54,Hired,Female,General Management,i7,47169
205941,8/12/2014 9:31,Hired,Male,Service Department,i5,28332
248630,5/27/2014 9:32,Hired,Male,Service Department,i7,25026
17800,7/8/2014 9:32,Hired,Male,Service Department,i7,31177
800368,5/6/2014 9:34,Hired,Female,General Management,i7,28162
489970,5/6/2014 9:35,Hired,Female,General Management,i7,89007
421682,5/16/2014 9:22,Hired,Female,General Management,i7,39471
435230,5/24/2014 16:28,Hired,Female,General Management,c5,25883
413223,5/24/2014 16:33,Hired,Female,General Management,c5,39376
343603,5/25/2014 14:32,Hired,Female,General Management,i7,40400
989586,5/25/2014 14:33,Hired,Female,General Management,i7,58860
287595,5/29/2014 10:01,Hired,Female,General Management,i7,58224
303721,6/1/2014 19:39,Hired,Female,General Management,i7,71666
509501,6/3/2014 11:08,Hired,Don’t want to say,General Management,c5,59639
165066,7/22/2014 9:38,Hired,Female,General Management,i7,57870
443270,7/31/2014 17:26,Hired,Female,General Management,c5,80493
949454,7/29/2014 14:41,Hired,Female,General Management,i7,68253
94151,8/9/2014 14:58,Hired,Female,General Management,i7,39237
256431,8/22/2014 10:38,Hired,Female,General Management,c5,36942
540401,8/19/2014 9:32,Hired,Male,Sales Department,c5,53483
64540,8/26/2014 18:52,Hired,Male,Sales Department,c5,56041
524839,6/24/2014 9:31,Hired,Male,Sales Department,c9,90307
484833,7/22/2014 9:32,Hired,Male,Sales Department,c9,91643
399087,8/5/2014 9:31,Hired,Male,Sales Department,c9,48485
943287,5/8/2014 9:32,Hired,Male,Operations Department,c9,33202
712512,5/8/2014 9:34,Hired,Male,Operations Department,c9,42237
699072,7/24/2014 9:34,Hired,Male,Operations Department,c9,14556
551794,5/7/2014 14:11,Hired,Male,Operations Department,c9,41403
95527,6/13/2014 16:06,Hired,Male,Operations Department,c9,93290
657708,6/9/2014 12:24,Hired,Male,Sales Department,c8,60798
507171,5/3/2014 17:01,Hired,Female,Service Department,c9,5236
926580,5/23/2014 15:34,Hired,Male,Service Department,c9,77323
448075,5/16/2014 9:34,Hired,Female,Service Department,c9,86573
357815,5/16/2014 9:36,Hired,Female,Service Department,c9,97038
714233,5/22/2014 11:42,Hired,Male,Service Department,c9,92229
660970,6/16/2014 9:31,Hired,Male,Sales Department,c9,97789
24489,6/16/2014 9:41,Hired,Male,Sales Department,i5,32450
339684,7/28/2014 9:31,Hired,Male,Service Department,i7,44548
814562,5/12/2014 9:34,Hired,Female,Operations Department,c5,83617
516103,5/19/2014 17:05,Hired,Don’t want to say,Operations Department,c5,37668
339644,6/10/2014 7:03,Hired,Female,Service Department,c5,31627
240727,6/10/2014 7:05,Hired,Male,Service Department,c5,31340
188776,6/10/2014 7:06,Hired,Male,Service Department,c5,60853
885993,6/10/2014 15:45,Hired,Female,Service Department,c5,60458
26869,6/10/2014 15:47,Hired,Male,Service Department,c5,42315
52457,6/30/2014 18:32,Hired,Male,Service Department,c5,65290
719910,7/17/2014 12:45,Hired,Male,Service Department,c5,73988
943656,7/17/2014 12:46,Hired,Female,Service Department,c5,87176
442463,7/17/2014 12:49,Hired,Female,Service Department,c5,15430
864866,7/24/2014 11:21,Hired,Male,Service Department,c5,30653
593219,8/8/2014 18:23,Hired,Female,Service Department,c5,46299
868653,8/18/2014 9:31,Hired,Male,Service Department,c5,51839
361791,8/18/2014 9:32,Hired,Female,Service Department,c5,10347
468586,8/18/2014 9:33,Hired,Female,Service Department,c5,71083
852718,8/18/2014 9:37,Hired,Female,Service Department,c5,81245
102164,8/19/2014 9:31,Hired,Male,Service Department,c5,82448
820494,8/19/2014 9:34,Hired,Male,Service Department,c5,40154
318592,8/19/2014 9:37,Hired,Male,Service Department,c5,83637
669110,8/19/2014 9:39,Hired,Female,Service Department,c5,5148
34851,8/31/2014 16:47,Hired,Male,Service Department,c5,26908
231370,5/8/2014 9:38,Hired,Male,Service Department,c5,85076
866724,5/8/2014 9:38,Hired,Male,Service Department,c5,81111
107624,5/22/2014 13:12,Hired,Male,Production Department,c9,28974
789265,8/12/2014 9:31,Hired,Male,Service Department,c5,6917
728175,8/12/2014 9:32,Hired,Female,Service Department,c5,95528
576375,8/18/2014 12:42,Hired,Male,Service Department,i7,35795
716440,5/19/2014 7:33,Hired,Male,Service Department,c5,1752
289325,5/19/2014 7:36,Hired,Female,Service Department,c5,21988
356398,5/27/2014 12:13,Hired,Male,Operations Department,i7,55254
948977,5/30/2014 18:52,Hired,Female,Operations Department,i7,13302
446111,5/28/2014 9:33,Hired,Male,Operations Department,c5,46261
661687,6/4/2014 13:49,Hired,Female,Operations Department,c5,62921
462821,6/4/2014 13:49,Hired,Don’t want to say,Operations Department,c5,77888
385084,7/25/2014 13:30,Hired,Male,Service Department,i7,44649
648497,6/9/2014 8:06,Hired,Male,Operations Department,c5,91868
782375,6/17/2014 12:46,Hired,Male,Operations Department,c5,29213
497576,6/17/2014 12:47,Hired,Male,Operations Department,c5,57523
909684,6/17/2014 12:48,Hired,Male,Operations Department,c5,8728
387477,6/17/2014 12:48,Hired,Female,Operations Department,c5,53615
972508,7/10/2014 15:52,Hired,Female,Marketing Department,c5,7527
779639,5/15/2014 19:37,Hired,Female,Operations Department,c5,68294
887127,5/12/2014 8:33,Hired,Female,Operations Department,c5,30614
29295,5/12/2014 8:37,Hired,Male,Operations Department,c5,41964
855241,5/12/2014 8:32,Hired,Don’t want to say,Operations Department,c5,45191
809236,5/22/2014 9:32,Hired,Male,Operations Department,c5,14605
54723,5/29/2014 21:36,Hired,Female,Operations Department,c5,2860
95496,5/29/2014 21:42,Hired,Male,Operations Department,c5,24782
971957,6/12/2014 8:34,Hired,Male,Operations Department,c5,76181
155708,5/31/2014 14:06,Hired,Male,Operations Department,c5,61643
286547,6/6/2014 18:34,Hired,Female,Operations Department,c5,73559
455493,6/6/2014 18:34,Hired,Male,Operations Department,c5,17698
940819,6/6/2014 18:38,Hired,Female,Operations Department,c5,94677
661209,6/6/2014 18:38,Hired,Male,Operations Department,c5,17436
808006,6/6/2014 18:39,Hired,Male,Operations Department,c5,36887
921308,7/19/2014 18:32,Hired,Male,Operations Department,c9,31438
503906,8/23/2014 11:07,Hired,Male,Human Resource Department,i5,70176
863564,6/19/2014 9:31,Hired,Male,Operations Department,i5,65197
598901,5/1/2014 9:34,Hired,Female,Finance Department,c9,48485
321013,5/23/2014 2:06,Hired,Female,Finance Department,c9,60821
223885,6/26/2014 9:32,Hired,Female,Finance Department,c9,1362
368107,6/26/2014 9:33,Hired,Female,Finance Department,c9,72342
591934,6/27/2014 9:19,Hired,Female,Finance Department,c9,54161
138292,6/27/2014 9:21,Hired,Female,Finance Department,c9,71266
939079,7/9/2014 13:08,Hired,Female,Finance Department,c9,5463
464525,8/7/2014 9:38,Hired,Female,Finance Department,c9,67224
313111,8/18/2014 11:55,Hired,Female,Finance Department,c9,36531
344006,5/24/2014 18:29,Hired,Male,Human Resource Department,c5,92808
689821,6/6/2014 12:20,Hired,Female,Human Resource Department,c5,46043
610153,6/4/2014 19:20,Hired,Male,Sales Department,i5,31730
860046,8/1/2014 16:07,Hired,Male,Sales Department,i7,43187
227866,8/1/2014 16:08,Hired,Female,Sales Department,i7,54120
533468,8/4/2014 9:32,Hired,Female,Sales Department,i7,22019
598841,8/4/2014 9:33,Hired,Female,Sales Department,i7,5877
698761,8/4/2014 9:34,Hired,Female,Sales Department,i7,33667
262748,8/4/2014 9:31,Hired,Don’t want to say,Sales Department,i7,17951
805290,6/30/2014 9:31,Hired,Male,Service Department,i1,4849
225384,5/26/2014 9:31,Hired,Male,Operations Department,c5,77939
972195,8/19/2014 9:31,Hired,Male,Operations Department,c5,47164
78791,7/24/2014 10:44,Hired,Don’t want to say,Finance Department,c5,5949
232860,5/22/2014 11:58,Hired,Male,Service Department,c5,18887
553683,5/21/2014 9:32,Hired,Male,Service Department,c5,14689
403729,6/18/2014 9:32,Hired,Female,Service Department,i6,96315
556271,6/24/2014 12:25,Hired,Male,Service Department,i6,47449
323810,6/24/2014 12:26,Hired,Female,Service Department,i6,61337
75604,5/5/2014 12:58,Hired,Male,Service Department,c5,88226
883770,5/9/2014 7:16,Hired,Male,Service Department,c5,54585
774683,8/28/2014 9:31,Hired,Female,Finance Department,c9,50604
314450,8/28/2014 9:34,Hired,Female,Finance Department,c9,15294
978058,5/8/2014 9:33,Hired,Male,Marketing Department,c5,56575
908214,6/26/2014 9:32,Hired,Female,Marketing Department,c5,48007
601533,8/7/2014 15:35,Hired,Don’t want to say,Service Department,c9,42529
114265,8/22/2014 13:57,Hired,Female,Service Department,c9,81743
980636,6/27/2014 9:32,Hired,Male,Service Department,c5,64507
660138,6/16/2014 9:31,Hired,Male,Sales Department,c9,27018
381271,5/19/2014 9:31,Hired,Female,Finance Department,i1,85440
295044,7/22/2014 23:51,Hired,Female,Finance Department,i1,51283
951132,8/11/2014 9:36,Hired,Female,Finance Department,i5,67781
595633,8/12/2014 16:22,Hired,Female,Finance Department,i5,43830
997919,8/12/2014 16:26,Hired,Female,Finance Department,i5,37145
254251,8/19/2014 16:32,Hired,Female,Finance Department,c9,27741
32223,5/13/2014 19:24,Hired,Male,Sales Department,i7,21586
687825,5/13/2014 19:27,Hired,Female,Sales Department,i7,27577
715896,5/13/2014 19:28,Hired,Male,Sales Department,i7,73304
343676,7/14/2014 9:33,Hired,Female,Sales Department,i7,5061
903621,7/14/2014 9:33,Hired,Female,Sales Department,i7,38917
605511,5/27/2014 8:52,Hired,Male,Operations Department,i6,49865
810634,5/27/2014 8:54,Hired,Male,Operations Department,i6,93020
65996,6/17/2014 13:01,Hired,Male,Operations Department,i5,90336
436789,6/10/2014 9:33,Hired,Male,Operations Department,i5,78916
190528,6/10/2014 9:34,Hired,Male,Operations Department,i5,43024
825980,8/12/2014 9:35,Hired,Male,Operations Department,i5,13512
28171,7/4/2014 13:27,Hired,Female,Service Department,c5,3854
399830,7/10/2014 11:17,Hired,Female,Service Department,c5,43250
574816,7/10/2014 11:58,Hired,Male,Service Department,c5,93120
800023,7/10/2014 12:01,Hired,Female,Service Department,c5,83237
563352,7/11/2014 14:01,Hired,Male,Service Department,c5,86886
613506,7/14/2014 12:35,Hired,Male,Service Department,c5,33447
399679,5/13/2014 9:35,Hired,Female,Operations Department,c9,75625
366508,5/17/2014 9:26,Hired,Female,Operations Department,c9,92121
707189,6/16/2014 17:25,Hired,Male,Operations Department,c9,41350
854101,6/16/2014 17:27,Hired,Male,Operations Department,c9,72912
722399,6/16/2014 17:27,Hired,Female,Operations Department,c9,94700
358889,5/28/2014 16:15,Hired,Male,Operations Department,c9,90048
355385,5/28/2014 16:20,Hired,Female,Operations Department,c9,23702
132806,5/30/2014 18:16,Hired,Female,Operations Department,c9,47505
532565,5/30/2014 18:19,Hired,Female,Operations Department,c9,33998
362618,5/30/2014 18:13,Hired,Female,Operations Department,c9,48558
551447,6/4/2014 9:31,Hired,Female,Operations Department,c5,20232
902753,7/11/2014 15:26,Hired,Male,Purchase Department,c9,52681
957985,7/11/2014 15:27,Hired,Male,Purchase Department,c9,81806
620965,7/11/2014 15:28,Hired,Female,Purchase Department,c9,26468
377559,7/21/2014 16:03,Hired,Male,Purchase Department,c9,35971
988672,7/21/2014 16:03,Hired,Don’t want to say,Purchase Department,c9,62102
732435,6/25/2014 9:31,Hired,Male,Purchase Department,c9,56090
770615,6/25/2014 9:33,Hired,Male,Purchase Department,c9,37455
129661,6/26/2014 11:41,Hired,Female,Purchase Department,c9,78844
433885,6/26/2014 11:39,Hired,Don’t want to say,Purchase Department,c9,16155
190429,7/9/2014 16:30,Hired,Female,Purchase Department,c9,30479
310955,7/17/2014 16:49,Hired,Female,Purchase Department,c9,54545
523315,7/23/2014 9:33,Hired,Male,Purchase Department,c9,61840
798174,7/23/2014 9:36,Hired,Female,Purchase Department,c9,72885
708662,7/28/2014 10:28,Hired,Don’t want to say,Purchase Department,c9,90175
553366,7/10/2014 17:07,Hired,Male,Production Department,i5,33107
365544,7/19/2014 12:56,Hired,Male,Production Department,i7,88392
214108,7/19/2014 12:57,Hired,Male,Production Department,i7,20588
784011,6/4/2014 9:31,Hired,Male,Production Department,i5,61893
138560,6/4/2014 9:35,Hired,Male,Production Department,i5,88308
123989,8/21/2014 9:07,Hired,Female,Production Department,i5,92448
487619,8/21/2014 9:08,Hired,Female,Production Department,i5,94371
466987,8/21/2014 9:10,Hired,Female,Production Department,i5,57736
497423,5/15/2014 13:41,Hired,Female,Service Department,c5,59654
623846,5/27/2014 10:23,Hired,Male,Service Department,c5,95127
648615,5/27/2014 10:23,Hired,Male,Service Department,c5,25246
935227,6/11/2014 14:47,Hired,Female,Service Department,c5,86970
257181,6/17/2014 15:59,Hired,Female,Service Department,c5,62814
162517,6/19/2014 11:37,Hired,Male,Service Department,c5,61601
33827,6/20/2014 16:31,Hired,Male,Service Department,c5,30364
584822,6/26/2014 15:24,Hired,Male,Service Department,c5,19994
377801,6/26/2014 15:21,Hired,Female,Service Department,c5,46108
987281,6/28/2014 11:17,Hired,Female,Service Department,c5,46500
308343,8/21/2014 9:31,Hired,Male,Sales Department,i7,11330
490160,8/28/2014 9:32,Hired,Male,Sales Department,i7,95546
984313,6/16/2014 9:26,Hired,Male,Sales Department,c9,33967
58039,6/18/2014 9:42,Hired,Don’t want to say,Sales Department,c9,34157
920958,8/28/2014 9:32,Hired,Male,Sales Department,c9,11869
997474,7/3/2014 9:34,Hired,Male,Operations Department,c5,13143
146332,7/3/2014 9:35,Hired,Male,Operations Department,c5,36283
485005,7/15/2014 16:16,Hired,Don’t want to say,Operations Department,c5,47503
133581,7/15/2014 16:17,Hired,Don’t want to say,Operations Department,c5,49877
14318,8/28/2014 9:31,Hired,Female,Operations Department,c5,5223
541632,7/11/2014 9:32,Hired,Male,Purchase Department,c9,56674
115018,5/5/2014 9:32,Hired,Male,Service Department,i5,68941
16456,5/5/2014 9:32,Hired,Male,Service Department,i5,54974
228278,8/17/2014 13:22,Hired,Male,Operations Department,c5,90747
996910,8/17/2014 13:23,Hired,Female,Operations Department,c5,76895
737589,8/17/2014 13:24,Hired,Male,Operations Department,c5,91905
350567,8/17/2014 13:23,Hired,Don’t want to say,Operations Department,c5,35972
935580,6/11/2014 7:45,Hired,Male,Operations Department,i7,75137
998478,6/20/2014 9:47,Hired,Male,Operations Department,i7,5143
563648,6/20/2014 9:48,Hired,Male,Operations Department,i7,26508
531055,6/22/2014 13:50,Hired,Female,Operations Department,i7,24791
709538,7/4/2014 10:32,Hired,Female,Operations Department,i7,9733
233897,7/4/2014 10:37,Hired,Female,Operations Department,i7,8237
757668,6/17/2014 9:31,Hired,Male,Service Department,c5,74917
137775,7/15/2014 9:31,Hired,Male,Service Department,c5,75705
889336,8/4/2014 12:37,Hired,Male,Service Department,c5,16637
860049,7/15/2014 9:32,Hired,Male,Production Department,i5,81002
608169,7/15/2014 9:32,Hired,Male,Marketing Department,c8,17544
255806,8/1/2014 13:08,Hired,Male,Marketing Department,c8,61950
633002,6/3/2014 9:39,Hired,Female,Service Department,c9,79867
355348,6/3/2014 9:41,Hired,Female,Service Department,c9,69691
624692,6/3/2014 9:42,Hired,Female,Service Department,c9,54152
462488,6/3/2014 9:42,Hired,Male,Service Department,c9,81412
459590,5/5/2014 18:51,Hired,Male,Service Department,c8,4448
929923,5/8/2014 13:31,Hired,Male,Operations Department,i6,9150
102990,6/18/2014 16:56,Hired,Female,Operations Department,i6,81256
243390,6/18/2014 16:56,Hired,Male,Operations Department,i6,64629
329507,6/18/2014 16:56,Hired,Male,Operations Department,i6,77546
272114,6/18/2014 16:57,Hired,Male,Operations Department,i6,73785
205709,6/18/2014 17:00,Hired,Male,Operations Department,i6,78256
498450,8/29/2014 8:44,Hired,Female,Operations Department,i6,71264
316467,8/29/2014 8:45,Hired,Male,Operations Department,i6,50714
135319,8/29/2014 8:45,Hired,Female,Operations Department,i6,52257
359399,5/28/2014 9:33,Hired,Female,Sales Department,c5,10139
120227,5/28/2014 9:33,Hired,Male,Sales Department,c5,23130
236840,5/28/2014 9:35,Hired,Male,Sales Department,c5,57957
666814,5/28/2014 9:36,Hired,Male,Sales Department,c5,36605
294991,8/28/2014 18:40,Hired,Male,Service Department,c5,89333
216145,8/28/2014 18:41,Hired,Male,Service Department,c5,32682
521853,5/1/2014 11:43,Hired,Female,Operations Department,c9,68268
237408,5/10/2014 10:53,Hired,Male,Operations Department,i5,81535
327209,5/10/2014 10:54,Hired,Male,Operations Department,i5,39207
549553,5/10/2014 10:55,Hired,Male,Operations Department,i5,57385
547639,5/24/2014 8:38,Hired,Male,Operations Department,i5,72419
390500,5/24/2014 8:39,Hired,Male,Operations Department,i5,54871
767769,5/24/2014 8:43,Hired,Male,Operations Department,i5,17807
723418,5/25/2014 18:25,Hired,Male,Operations Department,i5,14421
939626,6/1/2014 9:58,Hired,Don’t want to say,Operations Department,i5,80760
40370,5/21/2014 9:31,Hired,Male,Operations Department,c9,89675
855651,5/28/2014 11:03,Hired,Male,Operations Department,c9,22128
304870,5/28/2014 11:06,Hired,Female,Operations Department,c9,10749
128164,5/29/2014 13:04,Hired,Male,Operations Department,c9,91247
71808,5/29/2014 13:07,Hired,Male,Operations Department,c9,65949
250294,6/3/2014 3:28,Hired,Male,Operations Department,c9,56371
188463,6/3/2014 3:30,Hired,Female,Operations Department,c9,2658
164394,6/13/2014 13:12,Hired,Male,Operations Department,c9,96235
899082,6/25/2014 19:49,Hired,Female,Operations Department,c9,88125
85276,7/2/2014 9:32,Hired,Male,Operations Department,c9,13558
334207,7/4/2014 13:39,Hired,Male,Operations Department,c9,59450
102923,7/4/2014 13:40,Hired,Male,Operations Department,c9,45602
915022,7/4/2014 15:09,Hired,Female,Operations Department,c9,99852
520654,7/4/2014 15:12,Hired,Male,Operations Department,c9,87236
994549,7/17/2014 7:51,Hired,Female,Operations Department,c9,36563
606323,7/17/2014 7:54,Hired,Male,Operations Department,c9,30205
209645,7/26/2014 12:34,Hired,Male,Operations Department,i5,50191
385163,7/31/2014 11:09,Hired,Male,Operations Department,i5,23054
400560,7/31/2014 11:18,Hired,Male,Operations Department,i5,13941
902013,7/16/2014 9:32,Hired,Male,Operations Department,c9,81465
229001,8/16/2014 17:31,Hired,Male,Operations Department,c9,31640
681945,8/30/2014 8:33,Hired,Male,Operations Department,i5,57024
225054,5/9/2014 16:43,Hired,Male,Marketing Department,i7,93457
50252,6/25/2014 9:31,Hired,Male,Marketing Department,i5,19873
752703,6/25/2014 19:56,Hired,Don’t want to say,Marketing Department,i5,36493
149895,7/30/2014 11:08,Hired,Male,Operations Department,c9,50495
283291,8/20/2014 9:32,Hired,Male,Operations Department,c9,86926
213119,8/20/2014 9:31,Hired,Don’t want to say,Operations Department,c9,85825
276604,8/20/2014 9:33,Hired,Don’t want to say,Operations Department,c9,77543
759940,5/14/2014 9:31,Hired,Male,Operations Department,c9,36728
321436,5/20/2014 10:13,Hired,Male,Operations Department,c9,54996
721878,6/4/2014 9:32,Hired,Female,Operations Department,c9,62340
197840,6/11/2014 9:31,Hired,Male,Operations Department,c9,3225
615676,6/11/2014 9:31,Hired,Male,Operations Department,c9,85562
722537,6/11/2014 9:33,Hired,Female,Operations Department,c9,98994
664237,8/15/2014 13:36,Hired,Female,Service Department,c9,73430
500527,8/20/2014 14:16,Hired,Male,Service Department,c9,78927
634732,8/20/2014 14:17,Hired,Male,Service Department,c9,12012
333076,8/20/2014 14:18,Hired,Male,Service Department,c9,42513
307061,5/6/2014 9:21,Hired,Male,Service Department,c5,39277
208659,5/6/2014 9:25,Hired,Female,Service Department,c5,96934
382964,8/31/2014 18:31,Hired,Female,Service Department,c5,69869
83528,7/3/2014 14:05,Hired,Female,Operations Department,c9,32999
315613,7/29/2014 10:50,Hired,Male,Service Department,c5,82780
890287,7/1/2014 22:35,Hired,Male,Operations Department,i7,50719
934036,7/3/2014 17:04,Hired,Male,Operations Department,i7,20776
725326,7/3/2014 17:07,Hired,Male,Operations Department,i7,44153
683143,7/9/2014 8:07,Hired,Female,Operations Department,i7,31497
337978,7/9/2014 8:07,Hired,Female,Operations Department,i7,57287
584084,7/9/2014 8:08,Hired,Female,Operations Department,i7,63870
967295,8/6/2014 11:47,Hired,Male,Operations Department,i7,30638
471614,7/21/2014 9:32,Hired,Female,Service Department,c9,36312
153577,7/28/2014 9:33,Hired,Male,Service Department,c9,94463
878147,5/19/2014 9:32,Hired,Male,Purchase Department,i5,40315
57507,5/6/2014 16:10,Hired,Female,Purchase Department,c5,6743
590363,5/6/2014 16:10,Hired,Male,Purchase Department,c5,17189
433347,5/7/2014 13:52,Hired,Female,Purchase Department,c8,47344
283190,5/20/2014 17:43,Hired,Male,Purchase Department,c5,10200
537955,6/4/2014 17:40,Hired,Male,Purchase Department,c5,4502
516907,6/2/2014 9:33,Hired,Female,Purchase Department,c5,9417
677630,6/2/2014 9:37,Hired,Female,Purchase Department,c5,22748
891817,6/2/2014 9:39,Hired,Male,Purchase Department,c5,82558
345091,6/3/2014 15:39,Hired,Female,Purchase Department,c5,6101
252596,6/7/2014 14:36,Hired,Male,Purchase Department,c5,49221
273668,6/7/2014 14:38,Hired,Male,Purchase Department,c5,30662
795136,6/11/2014 13:02,Hired,Male,Purchase Department,c5,85806
460939,6/11/2014 13:03,Hired,Female,Purchase Department,c5,64925
152139,6/12/2014 8:42,Hired,Female,Purchase Department,c5,49625
360592,6/12/2014 16:44,Hired,Male,Purchase Department,c5,28732
675878,6/19/2014 10:50,Hired,Female,Purchase Department,n6,44700
740422,6/23/2014 15:39,Hired,Male,Purchase Department,c5,32333
620777,6/23/2014 15:43,Hired,Male,Purchase Department,c5,92506
41585,6/23/2014 15:46,Hired,Female,Purchase Department,c5,92272
25349,6/23/2014 15:40,Hired,Female,Purchase Department,c5,84428
999118,6/24/2014 14:36,Hired,Male,Purchase Department,c5,91343
71745,6/25/2014 11:54,Hired,Female,Purchase Department,c5,6920
380463,7/3/2014 11:13,Hired,Female,Purchase Department,c5,51982
637881,7/15/2014 17:16,Hired,Male,Purchase Department,c5,4850
244499,7/15/2014 17:16,Hired,Male,Purchase Department,c5,88295
678132,7/15/2014 19:44,Hired,Male,Purchase Department,c5,9662
314550,7/23/2014 8:07,Hired,Male,Purchase Department,c5,75573
601721,7/23/2014 8:08,Hired,Male,Purchase Department,c5,46576
40000,7/23/2014 8:11,Hired,Female,Purchase Department,c5,64981
118864,7/30/2014 8:31,Hired,Female,Purchase Department,c5,49845
840274,7/30/2014 8:36,Hired,Female,Purchase Department,c5,7390
220764,7/30/2014 12:54,Hired,Male,Purchase Department,c5,45362
731483,7/30/2014 12:55,Hired,Male,Purchase Department,c5,62480
971162,5/19/2014 9:33,Hired,Male,Service Department,b9,62968
541358,5/22/2014 14:22,Hired,Female,Service Department,b9,19995
618012,5/22/2014 14:26,Hired,Female,Service Department,b9,44819
251929,5/22/2014 14:27,Hired,Male,Service Department,b9,36837
391333,5/22/2014 14:28,Hired,Male,Service Department,b9,78623
351563,5/30/2014 10:06,Hired,Male,Service Department,b9,53090
392566,6/4/2014 7:19,Hired,Female,Service Department,b9,29596
245882,5/26/2014 9:33,Hired,Female,Service Department,b9,73749
608950,5/26/2014 9:37,Hired,Male,Service Department,b9,86195
29624,5/30/2014 18:03,Hired,Male,Service Department,b9,76423
286661,5/30/2014 18:05,Hired,Male,Service Department,b9,19750
234992,5/30/2014 18:07,Hired,Male,Service Department,b9,99645
860546,6/3/2014 13:09,Hired,Male,Service Department,b9,58768
907437,6/4/2014 11:08,Hired,Male,Service Department,b9,21029
100074,7/28/2014 9:31,Hired,Male,Service Department,b9,52735
621297,5/12/2014 9:33,Hired,Female,Purchase Department,b9,47912
461385,5/12/2014 9:36,Hired,Female,Purchase Department,b9,23882
453777,5/12/2014 9:37,Hired,Female,Purchase Department,b9,40903
571467,7/28/2014 9:31,Hired,Male,Purchase Department,b9,74737
745801,7/29/2014 7:34,Hired,Female,Purchase Department,b9,89179
206055,7/30/2014 16:24,Hired,Male,Purchase Department,b9,58887
826824,6/2/2014 9:33,Hired,Male,Operations Department,i5,2420
497438,8/11/2014 9:31,Hired,Male,Operations Department,i5,39343
534827,5/27/2014 9:31,Hired,Male,Operations Department,m6,34298
12713,5/28/2014 14:28,Hired,Female,Operations Department,c9,53360
136222,5/28/2014 14:29,Hired,Female,Operations Department,c9,32173
48454,7/22/2014 9:32,Hired,Male,Operations Department,c9,67756
233518,7/25/2014 13:27,Hired,Male,Operations Department,i6,75652
217041,8/19/2014 9:31,Hired,Male,Service Department,c9,69061
41558,8/19/2014 9:32,Hired,Don’t want to say,Service Department,c9,35887
421656,5/27/2014 9:31,Hired,Male,Service Department,i6,13687
131236,5/27/2014 9:33,Hired,Male,Service Department,i6,59503
50753,6/17/2014 16:17,Hired,Male,Operations Department,c8,54034
41757,5/27/2014 9:32,Hired,Male,Service Department,i7,73197
497925,8/5/2014 9:32,Hired,Male,Service Department,i7,17227
445061,8/16/2014 9:30,Hired,Female,Service Department,i5,90464
556785,8/26/2014 9:33,Hired,Female,Service Department,i7,57482
700644,6/5/2014 14:19,Hired,Male,Sales Department,i5,24403
245585,7/23/2014 9:34,Hired,Female,Sales Department,i5,11594
176245,7/3/2014 17:59,Hired,Female,Service Department,c9,44677
734994,7/26/2014 18:33,Hired,Female,Service Department,c9,16974
311741,6/2/2014 11:11,Hired,Male,Service Department,c5,52261
713735,6/2/2014 16:56,Hired,Male,Service Department,c5,40822
402238,6/2/2014 16:58,Hired,Male,Service Department,c5,69622
469705,7/26/2014 19:24,Hired,Male,Service Department,c5,74833
861658,8/7/2014 12:33,Hired,Don’t want to say,Service Department,c5,3302
475159,7/13/2014 8:40,Hired,Male,Service Department,i5,61550
249545,8/20/2014 9:33,Hired,Female,Production Department,c9,6015
889182,8/20/2014 9:33,Hired,Female,Production Department,c9,62798
528534,5/14/2014 9:39,Hired,Female,Service Department,i7,69460
814015,5/14/2014 9:41,Hired,Female,Service Department,i7,41546
45512,7/31/2014 11:28,Hired,Male,Service Department,c8,34106
707556,7/23/2014 9:33,Hired,Male,Operations Department,c9,65491
971237,7/23/2014 13:20,Hired,Female,Operations Department,c5,88555
835182,7/23/2014 9:36,Hired,Female,Operations Department,i6,6902
701444,7/23/2014 9:36,Hired,Male,Operations Department,i6,13003
304773,5/30/2014 18:54,Hired,Male,Operations Department,i1,20844
631509,6/2/2014 15:49,Hired,Female,Service Department,i1,28991
399528,6/16/2014 8:47,Hired,Female,Service Department,i1,13702
121433,7/24/2014 16:05,Hired,Male,Service Department,i1,49365
339215,7/24/2014 16:06,Hired,Male,Service Department,i1,58226
891891,7/24/2014 16:07,Hired,Female,Service Department,i1,21893
320823,8/3/2014 14:41,Hired,Male,Service Department,i1,17057
375472,8/5/2014 0:58,Hired,Female,Service Department,i1,89526
871846,8/1/2014 8:48,Hired,Male,Service Department,i1,84889
98755,7/3/2014 9:32,Hired,Female,Finance Department,c9,80022
858621,7/3/2014 9:32,Hired,Female,Finance Department,c9,66005
407945,7/3/2014 9:35,Hired,Female,Finance Department,c9,44523
613320,7/17/2014 8:55,Hired,Female,Finance Department,c9,64709
160792,7/17/2014 8:56,Hired,Female,Finance Department,c9,23541
183298,7/17/2014 9:02,Hired,Female,Finance Department,c9,78071
839104,7/22/2014 9:59,Hired,Don’t want to say,Finance Department,c9,43771
816440,6/26/2014 9:31,Hired,Male,Operations Department,c5,85537
756018,6/26/2014 9:32,Hired,Male,Operations Department,c5,39162
539099,8/21/2014 9:32,Hired,Don’t want to say,Operations Department,c5,77997
267567,7/2/2014 5:23,Hired,Female,Sales Department,c9,57519
881688,7/2/2014 5:26,Hired,Male,Sales Department,c9,47231
417513,7/29/2014 17:24,Hired,Male,Service Department,c9,36618
111830,7/18/2014 9:34,Hired,Female,Service Department,c9,44948
423857,5/9/2014 19:11,Hired,Male,Service Department,c9,87337
66292,5/14/2014 7:50,Hired,Male,Service Department,c9,43325
764554,5/26/2014 9:32,Hired,Male,Service Department,i5,17408
447160,6/7/2014 15:20,Hired,Male,Service Department,i5,64607
325134,6/17/2014 12:36,Hired,Male,Service Department,i5,37983
428148,6/20/2014 12:14,Hired,Male,Service Department,i5,74877
216478,6/2/2014 9:33,Hired,Female,Operations Department,i7,20593
119239,6/2/2014 11:09,Hired,Male,Operations Department,i7,92386
505550,6/2/2014 11:10,Hired,Don’t want to say,Operations Department,i7,9066
635425,8/11/2014 9:32,Hired,Female,Operations Department,i7,61412
826175,5/26/2014 9:31,Hired,Female,Operations Department,i7,25875
624245,7/2/2014 11:58,Hired,Female,General Management,i5,20419
91423,7/2/2014 11:58,Hired,Don’t want to say,General Management,i5,70609
858004,6/3/2014 9:32,Hired,Female,Service Department,c9,30169
279118,6/3/2014 9:35,Hired,Female,Service Department,c9,30844
743755,6/6/2014 16:32,Hired,Male,Service Department,c9,29747
340482,6/11/2014 9:09,Hired,Female,Service Department,c9,55503
481014,6/11/2014 9:09,Hired,Don’t want to say,Service Department,c9,71090
40034,6/17/2014 6:06,Hired,Female,Service Department,c9,13865
634648,6/17/2014 6:07,Hired,Female,Service Department,c9,21778
993467,6/17/2014 6:08,Hired,Male,Service Department,c9,39815
489424,8/19/2014 9:31,Hired,Male,Service Department,c9,13739
903000,8/21/2014 14:32,Hired,Male,Service Department,c9,4419
935451,6/24/2014 9:31,Hired,Female,Production Department,i5,34640
184939,8/6/2014 9:31,Hired,Male,Sales Department,c9,59497
158172,8/6/2014 9:34,Hired,Male,Sales Department,c9,80368
224370,8/15/2014 7:54,Hired,Male,Sales Department,c9,20130
91601,5/14/2014 9:32,Hired,Male,Sales Department,i7,9054
547097,8/2/2014 12:26,Hired,Male,Marketing Department,c5,79945
59153,8/7/2014 14:42,Hired,Male,Marketing Department,b9,71051
977212,8/7/2014 14:46,Hired,Male,Marketing Department,b9,12816
154398,8/16/2014 17:03,Hired,Female,Marketing Department,c5,41258
363289,8/16/2014 17:03,Hired,Male,Marketing Department,c5,52192
473307,8/6/2014 10:47,Hired,Male,Marketing Department,b9,11170
474224,8/6/2014 10:49,Hired,Female,Marketing Department,b9,70640
984993,8/6/2014 10:49,Hired,Male,Marketing Department,b9,6447
573981,8/6/2014 10:49,Hired,Female,Marketing Department,b9,64302
545630,8/6/2014 10:50,Hired,Female,Marketing Department,b9,35156
88295,5/8/2014 9:32,Hired,Don’t want to say,Service Department,b9,65720
541077,7/31/2014 9:32,Hired,Male,Sales Department,i6,70925
516921,5/15/2014 9:32,Hired,Female,Service Department,c9,4843
204701,5/16/2014 17:38,Hired,Female,Operations Department,c5,65144
642017,5/16/2014 9:32,Hired,Female,Operations Department,c5,14698
385229,5/16/2014 9:33,Hired,Male,Operations Department,c5,67100
746123,5/16/2014 9:37,Hired,Male,Operations Department,c5,1962
825797,5/23/2014 16:50,Hired,Male,Operations Department,c5,84854
529845,5/27/2014 13:11,Hired,Male,Operations Department,c5,65253
774091,6/1/2014 1:59,Hired,Female,Operations Department,c5,18420
299967,6/1/2014 2:03,Hired,Female,Operations Department,c5,31807
528129,5/16/2014 9:33,Hired,Female,General Management,i5,72059
391838,5/17/2014 14:32,Hired,Female,General Management,b9,24895
271808,5/17/2014 14:33,Hired,Female,General Management,b9,93884
263505,7/25/2014 9:31,Hired,Female,Operations Department,c9,84716
755527,5/19/2014 9:31,Hired,Female,Operations Department,c9,31956
897584,7/3/2014 10:41,Hired,Male,Sales Department,c9,78934
704385,7/3/2014 18:33,Hired,Male,Sales Department,c9,82811
802616,7/19/2014 11:17,Hired,Male,Sales Department,c9,27627
93105,7/19/2014 11:17,Hired,Male,Sales Department,c9,22415
71035,7/19/2014 11:19,Hired,Male,Sales Department,c9,98445
557264,7/19/2014 19:55,Hired,Female,Sales Department,c9,10452
271160,8/25/2014 9:33,Hired,Male,Service Department,c9,8521
466767,6/6/2014 18:37,Hired,Female,Operations Department,i7,95512
662635,6/6/2014 18:40,Hired,Female,Operations Department,i7,11816
190037,6/18/2014 17:34,Hired,Female,Operations Department,i7,54823
963776,6/25/2014 7:29,Hired,Female,Operations Department,c5,96730
706764,6/30/2014 14:41,Hired,Female,Operations Department,i7,95802
545855,6/30/2014 14:42,Hired,Female,Operations Department,i7,35988
608935,6/30/2014 14:44,Hired,Female,Operations Department,i7,53545
296420,7/4/2014 17:28,Hired,Female,Operations Department,i7,19935
797838,6/16/2014 9:34,Hired,Female,Operations Department,i7,31670
944862,6/24/2014 11:12,Hired,Female,Operations Department,i7,85882
427953,6/25/2014 9:16,Hired,Female,Operations Department,c5,80224
716999,6/25/2014 9:18,Hired,Female,Operations Department,c5,3117
906233,6/25/2014 9:19,Hired,Female,Operations Department,c5,42107
472127,7/5/2014 10:40,Hired,Female,Operations Department,i7,1458
236028,7/14/2014 9:34,Hired,Female,Operations Department,c5,80787
452589,7/15/2014 11:22,Hired,Female,Operations Department,c5,43379
99825,7/22/2014 15:22,Hired,Female,Operations Department,c5,89541
159727,7/22/2014 15:23,Hired,Female,Operations Department,c5,42542
186817,7/22/2014 15:24,Hired,Female,Operations Department,c5,46062
885497,8/11/2014 9:32,Hired,Female,Human Resource Department,c5,94918
478865,8/11/2014 9:34,Hired,Male,Human Resource Department,c5,8544
729390,8/11/2014 9:38,Hired,Male,Human Resource Department,c5,73347
534627,8/13/2014 12:59,Hired,Male,Human Resource Department,c5,6152
787385,6/30/2014 12:44,Hired,Female,Operations Department,i6,5724
236831,6/30/2014 9:31,Hired,Female,Operations Department,c9,10300
573753,6/30/2014 9:32,Hired,Female,Operations Department,c9,88092
206524,6/30/2014 9:32,Hired,Don’t want to say,Operations Department,c9,42584
904324,6/30/2014 9:33,Hired,Don’t want to say,Operations Department,c9,97495
944662,6/23/2014 8:06,Hired,Female,Operations Department,c8,23879
960054,7/11/2014 4:33,Hired,Don’t want to say,Operations Department,c8,10105
858295,6/17/2014 9:30,Hired,Female,Operations Department,c9,23370
171055,7/1/2014 14:24,Hired,Female,Operations Department,c9,25617
488237,7/1/2014 14:22,Hired,Don’t want to say,Operations Department,c9,26504
606546,7/15/2014 9:31,Hired,Female,General Management,c5,43261
142908,7/22/2014 10:54,Hired,Don’t want to say,General Management,c9,38303
394412,6/17/2014 9:32,Hired,Female,Operations Department,c9,57956
312191,7/25/2014 11:20,Hired,Female,Operations Department,c5,96770
721233,7/25/2014 14:45,Hired,Female,Operations Department,c5,46555
638843,6/6/2014 19:41,Hired,Female,Service Department,c9,92294
713852,6/6/2014 19:41,Hired,Don’t want to say,Service Department,c9,87570
959646,6/6/2014 19:42,Hired,Don’t want to say,Service Department,c9,83035
371473,7/8/2014 22:56,Hired,Male,Service Department,c8,14554
506261,5/28/2014 9:34,Hired,Female,Finance Department,c9,21410
986261,6/5/2014 16:59,Hired,Female,Finance Department,b9,59673
38914,6/5/2014 18:33,Hired,Female,Finance Department,b9,38937
91819,6/12/2014 18:28,Hired,Female,Finance Department,c9,72934
153483,6/12/2014 18:30,Hired,Female,Finance Department,c9,58519
786458,6/23/2014 19:55,Hired,Female,Finance Department,c9,27415
474075,7/4/2014 8:52,Hired,Female,Finance Department,c9,47175
705468,7/16/2014 12:48,Hired,Female,Finance Department,c9,46949
181862,7/16/2014 12:50,Hired,Female,Finance Department,c9,69857
949056,7/16/2014 12:49,Hired,Don’t want to say,Finance Department,c9,51269
546053,7/17/2014 10:42,Hired,Female,Finance Department,c9,18012
953840,7/17/2014 10:44,Hired,Female,Finance Department,c9,61641
461963,7/23/2014 9:36,Hired,Female,Finance Department,c9,58337
467771,7/25/2014 19:52,Hired,Female,Finance Department,c9,1731
498947,7/25/2014 19:53,Hired,Female,Finance Department,c9,72164
859958,7/30/2014 15:50,Hired,Female,Finance Department,c9,50597
266084,7/30/2014 15:51,Hired,Female,Finance Department,c9,89372
403501,7/30/2014 15:50,Hired,Don’t want to say,Finance Department,c9,38247
659569,7/31/2014 8:39,Hired,Female,Finance Department,b9,71127
583906,8/27/2014 9:32,Hired,Female,Finance Department,c9,72053
828175,8/28/2014 14:35,Hired,Female,Finance Department,c9,59724
35325,8/29/2014 11:54,Hired,Female,Finance Department,b9,80183
567418,7/4/2014 7:04,Hired,Female,Operations Department,c5,81931
877141,7/4/2014 7:05,Hired,Female,Operations Department,c5,60131
584520,8/21/2014 9:33,Hired,Female,Operations Department,i5,2666
754551,8/7/2014 11:19,Hired,Male,Marketing Department,c5,67838
146893,7/3/2014 20:01,Hired,Female,Operations Department,c5,33996
143033,7/4/2014 9:32,Hired,Female,Operations Department,i5,90559
799163,7/4/2014 9:34,Hired,Female,Operations Department,i5,7786
16116,6/20/2014 9:37,Hired,Female,Operations Department,c9,50144
381454,6/26/2014 17:29,Hired,Female,Operations Department,c9,9476
831466,8/8/2014 9:32,Hired,Female,Operations Department,c9,17255
185908,8/18/2014 9:38,Hired,Female,Operations Department,c9,89861
171109,8/20/2014 13:38,Hired,Female,Operations Department,c9,97910
519908,8/20/2014 13:38,Hired,Female,Operations Department,c9,54394
634894,8/1/2014 9:31,Hired,Male,Sales Department,c5,2457
770411,8/13/2014 17:50,Hired,Female,Sales Department,c5,9885
733340,8/5/2014 9:06,Hired,Male,Sales Department,c9,59339
662521,8/26/2014 4:06,Hired,Don’t want to say,Sales Department,c5,74708
756594,7/16/2014 18:19,Hired,Female,Operations Department,c9,28483
772086,7/16/2014 18:21,Hired,Female,Operations Department,c9,1262
756620,6/26/2014 19:01,Hired,Male,Service Department,b9,4615
875165,6/26/2014 19:02,Hired,Don’t want to say,Service Department,b9,85584
903998,6/13/2014 9:19,Hired,Female,Operations Department,c8,75006
292518,7/15/2014 9:34,Hired,Female,Production Department,c5,86443
550775,7/15/2014 9:37,Hired,Female,Production Department,c5,45342
243625,8/13/2014 14:10,Hired,Female,Production Department,c5,13278
423354,8/13/2014 14:12,Hired,Female,Production Department,c5,25363
868439,5/27/2014 9:32,Hired,Female,Purchase Department,c9,70585
173156,6/19/2014 13:34,Hired,Female,Purchase Department,c9,34170
612189,6/24/2014 9:32,Hired,Female,Purchase Department,c9,35271
216919,7/11/2014 22:06,Hired,Don’t want to say,Purchase Department,c9,63491
328706,6/24/2014 10:37,Hired,Female,Production Department,c9,30982
309543,6/24/2014 10:38,Hired,Female,Production Department,c9,18041
260038,7/7/2014 12:23,Hired,Don’t want to say,Production Department,c9,74189
747909,6/18/2014 9:31,Hired,Male,Sales Department,c9,17911
493105,5/30/2014 8:29,Hired,Female,Finance Department,c8,26886
30935,7/23/2014 9:33,Hired,Female,Finance Department,c9,74320
106660,7/23/2014 9:35,Hired,Female,Finance Department,c9,30451
167126,8/13/2014 9:33,Hired,Female,Finance Department,c9,63271
787857,8/6/2014 9:31,Hired,Male,Sales Department,i5,49482
783242,7/8/2014 11:12,Hired,Female,Finance Department,c9,7859
872898,7/8/2014 11:14,Hired,Female,Finance Department,c9,47520
673410,6/5/2014 17:17,Hired,Female,Production Department,i7,18777
957901,6/5/2014 17:18,Hired,Female,Production Department,i7,5259
185447,6/5/2014 17:18,Hired,Female,Production Department,i7,48502
794851,6/20/2014 7:40,Hired,Female,Production Department,i7,75046
225516,6/20/2014 7:41,Hired,Female,Production Department,i7,37529
97162,6/20/2014 11:38,Hired,Female,Production Department,i7,14523
892707,6/26/2014 16:00,Hired,Female,Production Department,i7,54676
735435,8/16/2014 19:11,Hired,Female,Production Department,i7,13643
997824,8/31/2014 14:16,Hired,Female,Production Department,i7,23112
510022,8/22/2014 14:39,Hired,Female,Production Department,i7,6994
561271,8/29/2014 13:49,Hired,Female,Production Department,i7,47784
632138,8/28/2014 9:32,Hired,Female,Production Department,i7,42540
860271,7/3/2014 9:32,Hired,Male,Sales Department,c5,88274
390654,7/3/2014 9:32,Hired,Male,Sales Department,c5,59251
943300,8/7/2014 10:47,Hired,Female,General Management,c9,57373
718437,7/1/2014 9:17,Hired,Female,Operations Department,b9,37065
769287,7/4/2014 7:07,Hired,Female,Operations Department,b9,48223
250577,7/18/2014 9:32,Hired,Female,Operations Department,b9,21568
314821,8/7/2014 18:02,Hired,Female,Operations Department,b9,25320
849742,7/8/2014 11:25,Hired,Female,Operations Department,c5,46492
822263,7/25/2014 9:32,Hired,Male,Service Department,c5,56396
65936,8/2/2014 9:43,Hired,Male,Marketing Department,b9,28152
793607,7/18/2014 9:33,Hired,Female,Operations Department,c5,41403
975812,8/29/2014 9:33,Hired,Female,Operations Department,c5,93503
367308,7/4/2014 9:31,Hired,Female,Operations Department,b9,22376
86740,8/16/2014 16:23,Hired,Female,Operations Department,c9,35230
83318,6/2/2014 9:31,Hired,Female,Finance Department,c9,25181
213326,6/2/2014 9:32,Hired,Female,Finance Department,c9,55181
463173,7/7/2014 9:31,Hired,Female,Operations Department,i5,14640
695060,7/11/2014 12:39,Hired,Female,Operations Department,c5,73343
537402,6/16/2014 17:35,Hired,Female,Operations Department,i7,89931
35660,7/21/2014 9:33,Hired,Female,Operations Department,c5,9687
197879,7/21/2014 9:32,Hired,Don’t want to say,Operations Department,c5,40787
830455,8/21/2014 12:21,Hired,Female,Operations Department,c5,36607
950873,8/25/2014 9:34,Hired,Female,Operations Department,i7,88043
702038,8/25/2014 9:31,Hired,Female,Sales Department,i7,17389
932524,8/25/2014 9:34,Hired,Male,Sales Department,i7,17353
572607,8/25/2014 9:36,Hired,Male,Sales Department,i7,15884
676608,8/25/2014 9:38,Hired,Male,Sales Department,i7,12376
252925,8/25/2014 9:39,Hired,Female,Sales Department,i7,19962
794731,7/1/2014 7:18,Hired,Female,Service Department,c8,69332
579885,7/14/2014 9:31,Hired,Male,Service Department,c8,96590
546970,7/19/2014 15:35,Hired,Don’t want to say,Service Department,c8,65116
180813,8/19/2014 9:03,Hired,Don’t want to say,Operations Department,c9,93776
638194,8/5/2014 9:31,Hired,Female,Operations Department,i6,41584
245884,8/6/2014 10:37,Hired,Don’t want to say,Operations Department,i6,33170
445947,7/29/2014 9:31,Hired,Female,General Management,c5,4043
680938,7/24/2014 12:04,Hired,Female,Production Department,c5,23443
621039,6/9/2014 13:48,Hired,Female,Production Department,i6,75429
371445,7/16/2014 8:18,Hired,Female,Operations Department,c5,74516
170341,8/21/2014 9:31,Hired,Female,Operations Department,c5,80813
153039,8/21/2014 9:33,Hired,Female,Operations Department,c5,76503
987206,8/1/2014 17:04,Hired,Male,Purchase Department,c5,69538
16798,7/11/2014 22:43,Hired,Male,Purchase Department,c5,65644
323759,6/12/2014 9:32,Hired,Female,Service Department,c9,43917
91783,6/12/2014 9:33,Hired,Male,Service Department,c9,96783
155851,6/28/2014 19:59,Hired,Male,Service Department,c5,19916
420179,6/13/2014 9:33,Hired,Female,Operations Department,c9,64873
242694,6/13/2014 9:33,Hired,Female,Operations Department,c9,77056
129015,7/25/2014 9:31,Hired,Female,Operations Department,c5,99285
914251,8/16/2014 9:12,Hired,Female,Operations Department,c5,29608
731738,8/4/2014 9:59,Hired,Female,Operations Department,c5,81707
412236,8/22/2014 14:28,Hired,Female,Operations Department,c9,76874
667649,7/7/2014 9:31,Hired,Female,Operations Department,i6,18282
603541,7/7/2014 9:32,Hired,Female,Operations Department,i6,93902
311719,7/10/2014 9:26,Hired,Female,Operations Department,i1,10766
538346,7/10/2014 9:28,Hired,Female,Operations Department,i1,7636
249278,7/10/2014 9:25,Hired,Female,Operations Department,i1,73940
330398,7/25/2014 14:02,Hired,Female,Operations Department,i6,68535
288840,7/14/2014 9:34,Hired,Female,Operations Department,i6,29090
372526,7/14/2014 9:35,Hired,Female,Operations Department,i6,67021
781540,7/14/2014 15:41,Hired,Female,Operations Department,i1,65480
106134,7/9/2014 16:00,Hired,Don’t want to say,Sales Department,c8,31708
926387,6/9/2014 9:31,Hired,Female,Operations Department,b9,78537
681488,6/30/2014 9:31,Hired,Female,Operations Department,b9,70582
829642,7/8/2014 9:32,Hired,Male,Service Department,c9,6073
873896,7/11/2014 15:15,Hired,Male,Service Department,c9,20799
120935,7/11/2014 15:13,Hired,Female,Service Department,c9,76940
987755,7/18/2014 18:27,Hired,Male,Service Department,c9,49559
913989,7/31/2014 7:23,Hired,Male,Service Department,i5,38368
413207,7/31/2014 7:24,Hired,Male,Service Department,i5,10725
449619,8/25/2014 14:08,Hired,Female,Service Department,c9,45154
568107,8/28/2014 7:13,Hired,Male,Service Department,c9,17312
684825,8/28/2014 7:14,Hired,Male,Service Department,c9,72650
683544,6/24/2014 9:33,Hired,Female,Purchase Department,c5,34934
149110,7/29/2014 17:01,Hired,Female,Purchase Department,c5,82042
610384,8/21/2014 14:35,Hired,Female,Purchase Department,c5,54765
848363,6/17/2014 9:31,Hired,Male,Service Department,i5,56960
614699,6/17/2014 9:32,Hired,Female,Service Department,i5,8733
681859,7/10/2014 16:13,Hired,Male,Service Department,i5,92806
347693,8/12/2014 9:33,Hired,Female,Service Department,i5,43017
142149,8/12/2014 9:32,Hired,Don’t want to say,Service Department,i5,20919
62161,6/11/2014 9:33,Hired,Female,Operations Department,c5,24243
797741,6/11/2014 9:35,Hired,Female,Operations Department,c5,84299
205300,6/21/2014 8:57,Hired,Female,Operations Department,c5,53641
981943,6/24/2014 17:49,Hired,Female,Operations Department,c5,63574
722714,7/18/2014 10:17,Hired,Female,Operations Department,c5,63254
883487,8/8/2014 16:05,Hired,Female,Operations Department,c5,69583
552854,8/21/2014 8:52,Hired,Female,Operations Department,c5,37747
137390,8/21/2014 8:55,Hired,Female,Operations Department,c5,71919
841103,8/21/2014 8:56,Hired,Female,Operations Department,c5,10061
256211,8/21/2014 8:56,Hired,Female,Operations Department,c5,6718
58018,8/21/2014 8:57,Hired,Female,Operations Department,c5,63507
567566,6/16/2014 16:30,Hired,Female,Operations Department,c9,72628
427980,8/20/2014 9:32,Hired,Female,Operations Department,c9,5157
352232,7/30/2014 9:31,Hired,Don’t want to say,Operations Department,i5,91608
988022,8/4/2014 12:14,Hired,Female,Operations Department,i5,33025
976462,8/13/2014 9:32,Hired,Male,Operations Department,i5,63209
450766,8/28/2014 12:12,Hired,Male,Operations Department,i5,6272
278319,8/28/2014 12:13,Hired,Male,Operations Department,i5,75867
78498,7/24/2014 9:59,Hired,Female,Service Department,i6,37454
925783,7/24/2014 10:02,Hired,Male,Service Department,i6,75522
382073,7/30/2014 13:05,Hired,Male,Service Department,i6,82752
702003,7/9/2014 9:32,Hired,Female,Service Department,c9,12403
303777,7/17/2014 18:58,Hired,Male,Service Department,c9,98446
328427,7/17/2014 18:54,Hired,Don’t want to say,Service Department,c9,10522
962839,6/19/2014 9:31,Hired,Male,Service Department,i5,44635
237702,6/25/2014 10:07,Hired,Male,Service Department,i5,97744
434867,6/24/2014 8:17,Hired,Male,Service Department,b9,78274
703725,8/6/2014 11:58,Hired,Female,Service Department,b9,78504
469830,7/31/2014 9:33,Hired,Male,Service Department,b9,44739
479883,8/6/2014 0:35,Hired,Female,Sales Department,c9,66692
128481,6/23/2014 9:32,Hired,Male,Marketing Department,i5,58146
742782,7/2/2014 21:48,Hired,Male,Marketing Department,i5,78519
886512,7/11/2014 13:06,Hired,Male,Marketing Department,c8,88997
354468,6/9/2014 9:32,Hired,Female,Operations Department,i5,7308
387429,6/9/2014 9:37,Hired,Male,Operations Department,i5,36243
618542,6/9/2014 9:38,Hired,Male,Operations Department,i5,41580
261521,6/17/2014 17:54,Hired,Female,Sales Department,c5,9442
505352,6/17/2014 17:54,Hired,Male,Sales Department,c5,20477
370983,8/4/2014 11:52,Hired,Male,Sales Department,c5,61087
483489,6/16/2014 9:32,Hired,Male,Production Department,b9,53738
22943,6/16/2014 9:32,Hired,Female,Production Department,b9,48569
994223,6/16/2014 9:33,Hired,Male,Production Department,b9,56407
902725,6/18/2014 17:17,Hired,Male,Production Department,b9,20727
729319,6/18/2014 17:20,Hired,Male,Production Department,b9,24704
88447,6/18/2014 17:21,Hired,Male,Production Department,b9,92917
530699,6/20/2014 16:55,Hired,Male,Production Department,b9,54763
959449,7/1/2014 12:40,Hired,Male,Production Department,b9,73977
95119,7/1/2014 12:42,Hired,Male,Production Department,b9,88914
925960,7/18/2014 7:07,Hired,Male,Production Department,b9,44770
480305,7/18/2014 7:11,Hired,Female,Production Department,b9,7833
555677,7/18/2014 7:12,Hired,Male,Production Department,b9,22967
693520,7/21/2014 17:18,Hired,Male,Production Department,b9,84865
311119,7/21/2014 17:22,Hired,Male,Production Department,b9,26467
273366,7/23/2014 8:13,Hired,Male,Production Department,b9,49049
337448,7/24/2014 17:27,Hired,Female,Production Department,b9,4353
539304,8/6/2014 5:13,Hired,Female,Production Department,b9,54497
874467,8/20/2014 7:53,Hired,Female,Production Department,b9,41577
46052,8/20/2014 7:55,Hired,Male,Production Department,b9,1960
22595,8/26/2014 10:42,Hired,Male,Production Department,b9,63909
937631,7/7/2014 9:31,Hired,Male,Operations Department,c9,80405
157602,7/7/2014 9:34,Hired,Female,Operations Department,c9,58930
83452,7/28/2014 9:32,Hired,Male,Sales Department,c9,12719
867683,7/1/2014 18:41,Hired,Female,Service Department,i7,21390
501301,6/9/2014 9:31,Hired,Male,Service Department,c5,48826
865337,6/30/2014 9:31,Hired,Female,Service Department,c5,80996
584834,8/21/2014 13:23,Hired,Male,Service Department,c5,12740
53712,6/16/2014 9:32,Hired,Male,Service Department,c8,93566
128404,6/16/2014 9:32,Hired,Female,Service Department,c8,89661
91351,8/22/2014 17:07,Hired,Male,Service Department,i7,81537
285709,8/22/2014 17:08,Hired,Male,Service Department,i7,46653
120388,8/26/2014 9:32,Hired,Female,Service Department,c9,19029
342211,7/22/2014 9:31,Hired,Male,Purchase Department,c5,38409
813607,7/18/2014 14:00,Hired,Male,Operations Department,i6,22160
340249,7/18/2014 14:01,Hired,Male,Operations Department,i6,52281
649668,7/25/2014 19:50,Hired,Male,Operations Department,i6,62975
587481,7/25/2014 19:50,Hired,Male,Operations Department,i6,16717
471298,7/26/2014 16:23,Hired,Male,Operations Department,i6,12202
103119,8/12/2014 8:49,Hired,Male,Operations Department,c9,79306
611600,8/13/2014 16:25,Hired,Female,Operations Department,i6,32006
631449,8/13/2014 16:27,Hired,Female,Operations Department,i6,20431
602680,8/6/2014 9:32,Hired,Male,Operations Department,c9,81254
496437,8/15/2014 16:55,Hired,Male,Operations Department,c9,44936
576537,8/22/2014 12:43,Hired,Male,Operations Department,c9,18839
728911,8/22/2014 12:48,Hired,Female,Operations Department,c9,57519
515151,8/27/2014 9:33,Hired,Female,Operations Department,i6,76958
794344,8/27/2014 9:34,Hired,Female,Operations Department,i6,49745
934715,6/20/2014 10:28,Hired,Female,Operations Department,c5,72027
232512,6/20/2014 10:32,Hired,Female,Operations Department,c5,57295
586566,7/17/2014 19:24,Hired,Female,Operations Department,i7,1763
629604,7/23/2014 16:06,Hired,Male,Operations Department,i7,59726
779204,6/19/2014 9:32,Hired,Female,Service Department,c5,73833
390996,6/19/2014 9:33,Hired,Female,Service Department,c5,13487
75020,7/18/2014 10:22,Hired,Male,Service Department,c5,55563
508465,7/21/2014 10:10,Hired,Male,Service Department,c5,58637
209520,7/21/2014 10:11,Hired,Female,Service Department,c5,30975
257953,8/7/2014 11:34,Hired,Male,Service Department,c5,58254
895899,6/20/2014 9:31,Hired,Male,Operations Department,c5,76694
265397,6/20/2014 9:32,Hired,Female,Operations Department,c5,4063
336556,6/22/2014 12:03,Hired,Female,Operations Department,c9,79072
561070,6/22/2014 12:04,Hired,Don’t want to say,Operations Department,c9,87749
311547,6/22/2014 12:05,Hired,Don’t want to say,Operations Department,c9,14183
102613,7/11/2014 9:33,Hired,Male,Operations Department,c5,70361
689825,7/11/2014 9:34,Hired,Female,Operations Department,c5,1461
487029,7/16/2014 16:14,Hired,Female,Operations Department,c5,29355
488003,6/20/2014 9:31,Hired,Male,Operations Department,i7,7026
607767,7/31/2014 19:12,Hired,Male,Operations Department,i7,24608
914951,7/29/2014 11:47,Hired,Male,Operations Department,c5,98491
363581,8/18/2014 9:35,Hired,Male,Production Department,c9,24788
565931,8/18/2014 19:37,Hired,Male,Production Department,c9,6518
399956,8/25/2014 12:00,Hired,Male,Production Department,i7,21399
806924,7/28/2014 9:32,Hired,Don’t want to say,Service Department,c5,33459
674165,8/4/2014 9:31,Hired,Male,Service Department,c5,19238
833080,8/4/2014 9:31,Hired,Don’t want to say,Service Department,c5,66297
452406,8/6/2014 6:34,Hired,Male,Service Department,c5,19790
181036,7/29/2014 14:13,Hired,Male,Operations Department,i5,62406
903132,7/21/2014 9:32,Hired,Female,General Management,i5,6957
103124,7/15/2014 9:32,Hired,Male,Service Department,c8,9524
648085,7/22/2014 16:17,Hired,Male,Service Department,c8,55240
682822,7/22/2014 16:17,Hired,Male,Service Department,c8,58886
491599,8/19/2014 9:32,Hired,Male,Operations Department,c5,73104
960228,7/1/2014 23:38,Hired,Female,Operations Department,c5,64110
747382,7/15/2014 11:40,Hired,Male,Operations Department,i1,81465
870130,7/24/2014 14:47,Hired,Male,Operations Department,i1,18468
462319,7/24/2014 14:48,Hired,Male,Operations Department,i1,98164
158949,7/24/2014 14:51,Hired,Female,Operations Department,i1,13296
892655,7/24/2014 14:52,Hired,Female,Operations Department,i1,17931
467789,6/25/2014 9:33,Hired,Don’t want to say,Operations Department,i5,50670
540410,8/6/2014 9:32,Hired,Male,Service Department,c5,5309
563880,8/6/2014 9:32,Hired,Female,Service Department,c5,60492
886098,8/8/2014 14:54,Hired,Male,Service Department,c5,31528
763727,8/16/2014 9:29,Hired,Male,Service Department,c5,50854
139450,8/16/2014 9:30,Hired,Female,Service Department,c5,32201
518271,8/13/2014 9:31,Hired,Male,Service Department,c5,99637
37962,8/13/2014 9:31,Hired,Female,Service Department,c5,24704
196290,8/13/2014 9:32,Hired,Female,Service Department,c5,77572
212291,8/9/2014 17:04,Hired,Female,Marketing Department,c9,27162
646824,6/25/2014 9:31,Hired,Male,Service Department,c9,57531
408894,8/5/2014 13:10,Hired,Male,Service Department,c9,81977
82374,7/24/2014 11:48,Hired,Male,Production Department,c5,40686
544970,8/12/2014 14:05,Hired,Male,Service Department,c9,63744
816081,7/18/2014 9:31,Hired,Male,Operations Department,c5,64333
545956,7/18/2014 9:32,Hired,Male,Operations Department,c5,8196
865579,7/28/2014 8:16,Hired,Male,Operations Department,c5,10302
777814,7/28/2014 8:18,Hired,Female,Operations Department,c5,16771
546214,8/29/2014 9:31,Hired,Male,Service Department,c5,35173
405649,8/29/2014 9:32,Hired,Female,Service Department,c5,21407
416139,8/29/2014 9:34,Hired,Male,Service Department,c5,17002
570273,8/11/2014 9:31,Hired,Male,Purchase Department,c9,37537
205159,8/18/2014 9:31,Hired,Male,Operations Department,c5,64183
205366,7/7/2014 9:32,Hired,Female,Service Department,c9,98558
127082,7/10/2014 13:09,Hired,Male,Service Department,c9,95300
767348,7/10/2014 13:13,Hired,Male,Service Department,c9,11288
864519,7/14/2014 12:41,Hired,Male,Service Department,c9,98640
226825,7/22/2014 1:52,Hired,Female,Service Department,c9,2518
680787,8/19/2014 10:31,Hired,Female,Service Department,c9,48439
998198,7/30/2014 17:59,Hired,Male,Operations Department,c9,82051
916063,7/31/2014 7:03,Hired,Female,Operations Department,c9,42610
17272,8/19/2014 9:31,Hired,Male,Operations Department,c9,35716
417612,8/25/2014 9:47,Hired,Male,Operations Department,c5,30769
555537,7/8/2014 7:15,Hired,Female,Sales Department,c5,30442
584633,7/8/2014 7:17,Hired,Male,Sales Department,c5,41137
837629,7/10/2014 9:38,Hired,Female,Sales Department,c5,70354
149176,7/14/2014 15:41,Hired,Female,Sales Department,c5,58976
511867,7/17/2014 12:00,Hired,Female,Sales Department,c5,18000
262729,7/8/2014 9:33,Hired,Male,Sales Department,c5,14946
882861,7/8/2014 9:35,Hired,Female,Sales Department,c5,21461
861742,7/10/2014 10:43,Hired,Female,Sales Department,c5,95338
860895,7/10/2014 10:45,Hired,Female,Sales Department,c5,73505
298646,7/10/2014 10:47,Hired,Male,Sales Department,c5,26995
612348,8/19/2014 9:31,Hired,Male,Operations Department,i5,4969
902601,8/19/2014 9:31,Hired,Male,Operations Department,i5,35088
753146,8/19/2014 10:53,Hired,Male,Operations Department,i5,33946
558034,8/19/2014 10:54,Hired,Female,Operations Department,i5,87990
986541,8/19/2014 10:54,Hired,Male,Operations Department,i5,57840
661432,8/19/2014 10:55,Hired,Female,Operations Department,i5,2840
572012,8/19/2014 10:55,Hired,Male,Operations Department,i5,27602
383387,8/19/2014 10:56,Hired,Female,Operations Department,i5,32323
552568,8/19/2014 10:56,Hired,Female,Operations Department,i5,6929
627457,8/13/2014 9:32,Hired,Female,Service Department,c9,74485
119165,8/13/2014 9:32,Hired,Male,Service Department,c9,69095
389268,8/26/2014 11:21,Hired,Male,Service Department,c9,71495
292805,8/6/2014 15:41,Hired,Male,Marketing Department,c5,1346
908937,8/6/2014 15:43,Hired,Female,Marketing Department,c5,4036
339677,8/8/2014 11:16,Hired,Male,Marketing Department,c5,35473
58620,7/22/2014 8:29,Hired,Male,Operations Department,c9,43912
969719,8/27/2014 12:04,Hired,Male,Human Resource Department,b9,60480
984364,7/24/2014 9:31,Hired,Male,Operations Department,i7,41854
991280,7/29/2014 16:35,Hired,Male,Operations Department,i5,61686
383763,7/29/2014 16:35,Hired,Female,Operations Department,i5,22123
520929,7/29/2014 16:36,Hired,Female,Operations Department,i5,77001
926573,8/6/2014 16:30,Hired,Male,Operations Department,i5,77755
571610,8/8/2014 17:49,Hired,Male,Operations Department,i5,65650
487597,8/11/2014 8:34,Hired,Female,Operations Department,c9,74590
323196,8/11/2014 9:08,Hired,Female,Operations Department,c9,55302
897963,7/30/2014 15:59,Hired,Male,Operations Department,c9,50825
312322,7/30/2014 16:02,Hired,Male,Operations Department,c9,38268
511022,8/19/2014 14:53,Hired,Male,Operations Department,i5,35436
734194,8/19/2014 14:54,Hired,Male,Operations Department,i5,61102
600707,8/21/2014 9:35,Hired,Male,Operations Department,i5,39745
230580,8/29/2014 17:20,Hired,Male,Operations Department,c9,76013
771896,8/25/2014 9:34,Hired,Male,Human Resource Department,i5,55699
504495,8/25/2014 9:42,Hired,Female,Human Resource Department,i5,2842
90305,8/29/2014 9:26,Hired,Male,Human Resource Department,i5,77503
277040,8/29/2014 12:26,Hired,Male,Human Resource Department,i5,78677
369355,8/29/2014 12:27,Hired,Female,Human Resource Department,i5,1415
278571,7/14/2014 9:32,Hired,Female,Service Department,i7,5213
427047,8/11/2014 9:34,Hired,Male,Service Department,c9,23232
455112,8/20/2014 8:29,Hired,Male,Purchase Department,c5,85093
476712,8/20/2014 16:44,Hired,Male,Purchase Department,c5,54937
844186,8/20/2014 16:44,Hired,Male,Purchase Department,c5,17790
236512,8/20/2014 16:45,Hired,Male,Purchase Department,c5,23993
392211,8/22/2014 19:22,Hired,Female,Purchase Department,c5,96473
307037,8/24/2014 15:04,Hired,Male,Purchase Department,c5,22654
322304,8/24/2014 15:06,Hired,Male,Purchase Department,c5,46110
65551,7/25/2014 16:00,Hired,Male,Sales Department,i6,63278
95066,7/29/2014 16:47,Hired,Female,Sales Department,i6,26174
580775,7/29/2014 16:47,Hired,Male,Sales Department,i6,75378
341724,7/29/2014 16:48,Hired,Female,Sales Department,i6,83457
935823,7/29/2014 16:49,Hired,Male,Sales Department,i6,91079
567816,8/19/2014 23:36,Hired,Male,Human Resource Department,i7,11270
707930,8/19/2014 23:37,Hired,Male,Human Resource Department,i7,56888
843561,8/1/2014 7:33,Hired,Male,Operations Department,c9,88087
881883,8/25/2014 10:23,Hired,Male,Operations Department,c9,70574
747976,7/23/2014 9:51,Hired,Male,Service Department,c8,86096
436683,8/9/2014 10:21,Hired,Male,Sales Department,i7,51093
962443,8/2/2014 5:21,Hired,Male,Operations Department,c5,88896
258763,7/29/2014 16:16,Hired,Female,Production Department,c9,67945
300098,7/25/2014 9:32,Hired,Female,Finance Department,c5,58484
108214,8/29/2014 13:04,Hired,Female,Service Department,i6,21384
17527,8/5/2014 9:56,Hired,Male,Sales Department,c9,82144
728382,7/22/2014 9:03,Hired,Male,Service Department,c9,62693
774559,7/22/2014 9:04,Hired,Female,Service Department,c9,41540
282211,7/29/2014 11:10,Hired,Male,Service Department,c9,3743
851128,7/29/2014 11:10,Hired,Male,Service Department,c9,36526
94588,8/30/2014 18:00,Hired,Female,Finance Department,b9,5027
632223,8/11/2014 9:31,Hired,Female,Operations Department,c5,63429
355422,7/27/2014 11:09,Hired,Female,Finance Department,i5,24504
752453,7/27/2014 11:10,Hired,Female,Finance Department,i5,52153
716859,8/22/2014 16:05,Hired,Female,Finance Department,i5,51564
230535,8/22/2014 16:05,Hired,Female,Finance Department,i5,50302
861702,8/22/2014 16:08,Hired,Female,Finance Department,i5,44878
62115,8/22/2014 16:08,Hired,Female,Finance Department,i5,71249
449773,8/22/2014 16:09,Hired,Female,Finance Department,i5,93501
293874,8/22/2014 16:09,Hired,Female,Finance Department,i5,79325
236738,8/29/2014 14:57,Hired,Male,Human Resource Department,c9,5439
98075,7/29/2014 9:31,Hired,Male,Service Department,i7,68719
329299,7/29/2014 9:32,Hired,Male,Service Department,i7,38600
449558,7/29/2014 9:35,Hired,Male,Service Department,i7,22147
860916,8/6/2014 9:31,Hired,Male,Purchase Department,i7,42657
408498,8/8/2014 11:26,Hired,Female,Purchase Department,i7,67149
70151,8/13/2014 16:03,Hired,Female,Purchase Department,i7,68790
637404,8/13/2014 16:06,Hired,Female,Purchase Department,i7,7177
696668,7/26/2014 19:50,Hired,Male,Operations Department,i6,70229
289399,8/1/2014 16:29,Hired,Male,Operations Department,i6,89749
15315,8/20/2014 11:14,Hired,Female,Operations Department,i6,48303
83737,8/20/2014 11:12,Hired,Don’t want to say,Operations Department,i6,41256
533925,8/26/2014 12:16,Hired,Male,Operations Department,i6,85388
96361,8/26/2014 12:21,Hired,Male,Operations Department,i6,14622
854129,8/26/2014 12:22,Hired,Male,Operations Department,i6,37532
800904,8/26/2014 12:16,Hired,Don’t want to say,Operations Department,i6,49509
569891,8/27/2014 15:35,Hired,Male,Operations Department,i6,2090
831300,7/17/2014 9:31,Hired,Female,Finance Department,i6,30756
782875,8/1/2014 7:47,Hired,Female,Finance Department,i6,54920
634766,8/23/2014 17:48,Hired,Female,Operations Department,c5,42226
118038,7/24/2014 16:44,Hired,Male,Operations Department,c5,39556
534433,7/24/2014 16:45,Hired,Male,Operations Department,c5,95832
623706,7/26/2014 9:53,Hired,Female,Operations Department,c5,47217
181703,7/26/2014 9:53,Hired,Don’t want to say,Operations Department,c5,71151
111469,7/30/2014 9:49,Hired,Female,Operations Department,c5,36419
910075,8/5/2014 18:47,Hired,Female,Operations Department,c5,16181
312655,8/29/2014 9:33,Hired,Female,Operations Department,c9,23726
634674,7/31/2014 3:04,Hired,Male,Human Resource Department,c5,63556
574495,7/31/2014 3:05,Hired,Male,Human Resource Department,c5,23537
795229,8/2/2014 18:30,Hired,Male,Sales Department,c5,42487
101339,8/3/2014 9:18,Hired,Male,Operations Department,c9,6604
602766,8/16/2014 16:04,Hired,Male,Operations Department,c9,76581
544249,8/11/2014 7:57,Hired,Female,Operations Department,c9,54308
181724,7/22/2014 9:31,Hired,Male,Purchase Department,c5,40027
491865,8/12/2014 9:31,Hired,Female,Purchase Department,c5,50726
472159,7/22/2014 9:37,Hired,Male,Operations Department,c9,21527
214831,7/22/2014 9:32,Hired,Female,Operations Department,c9,64561
469291,8/15/2014 17:32,Hired,Female,Operations Department,c9,2418
520857,8/21/2014 16:04,Hired,Don’t want to say,Operations Department,c9,82095
70068,8/27/2014 19:50,Hired,Male,Operations Department,c9,69583
469233,8/26/2014 9:31,Hired,Male,Service Department,i5,23772
592432,8/28/2014 14:35,Hired,Male,Service Department,i5,10144
576494,8/28/2014 18:28,Hired,Male,Service Department,i5,44526
910136,8/28/2014 18:29,Hired,Female,Service Department,i5,52402
986428,8/27/2014 9:31,Hired,Male,Operations Department,c5,13969
203823,8/27/2014 21:26,Hired,Female,Operations Department,c5,38047
609607,8/6/2014 9:32,Hired,Male,Marketing Department,i5,36294
580000,7/23/2014 9:31,Hired,Male,Service Department,c8,62097
968762,8/11/2014 15:53,Hired,Male,Marketing Department,i1,92420
653469,8/11/2014 15:54,Hired,Female,Marketing Department,i1,57993
246856,7/31/2014 9:34,Hired,Female,Service Department,i6,24756
631532,7/29/2014 17:32,Hired,Female,Sales Department,b9,96610
471224,7/30/2014 16:08,Hired,Male,Sales Department,b9,36681
524337,7/24/2014 9:31,Hired,Male,Sales Department,c5,84524
946203,7/30/2014 4:06,Hired,Female,Sales Department,c5,72462
519413,7/30/2014 4:07,Hired,Male,Sales Department,c5,7774
481753,7/30/2014 9:24,Hired,Female,Sales Department,c5,98350
218458,8/5/2014 11:22,Hired,Male,Sales Department,c5,49148
309231,8/5/2014 11:23,Hired,Male,Sales Department,c5,84249
282766,8/28/2014 16:50,Hired,Male,Service Department,i5,50287
55764,8/8/2014 22:27,Hired,Male,Sales Department,c5,65442
141436,8/4/2014 9:33,Hired,Female,Sales Department,c5,57496
934067,8/4/2014 9:35,Hired,Female,Sales Department,c5,16902
839964,8/4/2014 9:33,Hired,Female,Sales Department,c5,83294
850081,8/6/2014 18:54,Hired,Male,Sales Department,c5,42812
543245,8/15/2014 10:05,Hired,Female,Sales Department,c5,54473
322454,8/15/2014 10:07,Hired,Male,Sales Department,c5,99824
20989,8/11/2014 9:32,Hired,Female,Service Department,c9,60605
800047,8/7/2014 7:27,Hired,Female,Sales Department,c9,31737
467278,8/7/2014 7:29,Hired,Male,Sales Department,c9,18647
981779,8/12/2014 21:56,Hired,Male,Operations Department,i5,27537
541258,8/7/2014 16:22,Hired,Male,Marketing Department,b9,37896
763252,8/19/2014 9:32,Hired,Male,Operations Department,i5,42231
576187,8/7/2014 8:55,Hired,Male,Human Resource Department,i7,52210
608018,8/21/2014 9:33,Hired,Female,Finance Department,c9,83678
438895,8/21/2014 9:34,Hired,Female,Finance Department,c9,73323
649743,8/14/2014 9:31,Hired,Male,Operations Department,c9,36760
114306,8/15/2014 9:32,Hired,Male,Operations Department,i6,48320
948487,8/11/2014 9:32,Hired,Female,Service Department,i7,97686
496594,8/4/2014 9:31,Hired,Male,Service Department,c5,98665
400371,8/8/2014 19:27,Hired,Male,Marketing Department,c9,2176
440318,8/8/2014 19:27,Hired,Female,Marketing Department,c9,35977
937905,8/8/2014 19:29,Hired,-,Marketing Department,c9,94032
538330,8/8/2014 9:32,Hired,Female,Operations Department,i7,52310
320458,8/8/2014 9:36,Hired,Female,Operations Department,i7,4239
884604,8/18/2014 9:33,Hired,Male,Service Department,c5,78962
287111,8/19/2014 10:46,Hired,Male,Service Department,c5,18169
526382,8/19/2014 10:53,Hired,Male,Service Department,c5,19572
750015,8/19/2014 10:54,Hired,Male,Service Department,c5,4938
820910,8/22/2014 7:07,Hired,Male,Service Department,c5,76950
121878,8/11/2014 9:31,Hired,Female,Sales Department,i6,2017
839931,8/24/2014 13:28,Hired,Male,Operations Department,c8,39122
966110,8/30/2014 15:31,Hired,Male,Operations Department,c9,68121
937115,8/26/2014 14:33,Hired,Male,Operations Department,c5,53427
606170,8/12/2014 9:31,Hired,Male,Service Department,c5,17384
123900,8/12/2014 9:32,Hired,Don’t want to say,Service Department,c5,73766
598860,8/13/2014 11:09,Hired,Male,Service Department,c5,87702
148154,8/27/2014 9:32,Hired,Male,Purchase Department,c5,41843
593448,8/27/2014 9:31,Hired,Don’t want to say,Purchase Department,c5,72810
999367,8/14/2014 9:33,Hired,Male,Operations Department,i6,55977
379272,8/14/2014 9:37,Hired,Male,Operations Department,i6,49897
323588,8/15/2014 18:57,Hired,Male,Operations Department,b9,89133
343794,8/18/2014 18:43,Hired,Male,Operations Department,i6,55509
421772,8/18/2014 18:44,Hired,Male,Operations Department,i6,23583
852384,8/15/2014 9:34,Hired,Female,Operations Department,c5,10158
349018,8/15/2014 9:36,Hired,Female,Operations Department,c5,6225
207990,8/15/2014 9:32,Hired,Male,Service Department,c5,76707
386379,8/22/2014 13:18,Hired,Male,Service Department,c5,52044
282279,8/27/2014 13:21,Hired,Male,Purchase Department,b9,55483
769814,8/19/2014 16:57,Hired,Male,Service Department,c9,36391
310509,8/27/2014 14:05,Hired,Male,Service Department,c9,33445
691883,8/27/2014 14:06,Hired,Female,Service Department,c9,10475
206995,8/27/2014 14:06,Hired,Male,Service Department,c9,2713
399721,8/27/2014 14:07,Hired,Male,Service Department,c9,54367
277316,8/19/2014 9:31,Hired,Male,Operations Department,i5,30060
932245,8/19/2014 9:33,Hired,Male,Operations Department,i5,2202
514442,8/19/2014 9:33,Hired,Female,Operations Department,i5,97066
585171,8/26/2014 9:31,Hired,Male,Service Department,i7,50987
414781,8/26/2014 9:33,Hired,Male,Service Department,i7,83282
198006,8/27/2014 9:33,Hired,Male,Operations Department,c5,8690
971257,8/27/2014 9:31,Hired,Female,Operations Department,c9,12527
748016,8/28/2014 17:21,Hired,Female,Operations Department,c9,13152
308705,8/28/2014 9:34,Hired,Female,Sales Department,c5,51542
241980,8/15/2014 9:32,Hired,Female,Production Department,c9,40276
482083,8/28/2014 10:23,Hired,Female,Production Department,c9,50187
224909,8/28/2014 10:24,Hired,Female,Production Department,c9,6366
978212,8/28/2014 10:24,Hired,Female,Production Department,c9,92378
778082,8/28/2014 10:25,Hired,Don’t want to say,Production Department,c9,79200
314008,8/29/2014 9:17,Hired,Male,Sales Department,i5,13851
347116,8/29/2014 9:17,Hired,Male,Sales Department,i5,96439
878270,5/2/2014 0:49,Hired,Male,Operations Department,c5,64941
117555,5/17/2014 8:18,Hired,Female,Service Department,i7,84440
627173,5/17/2014 8:19,Hired,Female,Service Department,i7,97713
160023,5/1/2014 6:59,Hired,Female,Operations Department,c9,94328
591543,5/1/2014 7:04,Hired,Male,Operations Department,c9,29216
778435,5/1/2014 6:56,Hired,Female,Operations Department,c9,55524
356964,5/9/2014 23:56,Hired,Male,Operations Department,c9,16944
271667,5/23/2014 16:41,Hired,Female,Sales Department,c9,45996
737128,5/27/2014 14:31,Hired,Male,Sales Department,c9,56931
46756,5/7/2014 8:42,Hired,Female,Service Department,i5,96923
655350,5/18/2014 14:42,Hired,Male,Service Department,i5,75932
568104,5/20/2014 9:33,Hired,Male,Service Department,i5,79823
234645,5/10/2014 8:17,Hired,Male,Service Department,c5,38225
110203,5/10/2014 8:19,Hired,Female,Service Department,c5,57411
916251,5/10/2014 8:19,Hired,Male,Service Department,c5,49891
308808,5/5/2014 17:50,Hired,Male,Operations Department,c9,59865
32890,5/12/2014 10:57,Hired,Female,Operations Department,c9,86902
867722,5/20/2014 17:59,Hired,Female,Operations Department,c9,73710
528833,5/1/2014 16:02,Hired,Male,Service Department,c9,10343
154263,5/1/2014 16:03,Hired,Male,Service Department,c9,66298
132094,5/27/2014 9:22,Hired,Male,Service Department,c5,89000
223234,5/27/2014 9:21,Hired,Don’t want to say,Service Department,c5,48445
708613,5/31/2014 11:07,Hired,Male,Service Department,i6,74414
385530,5/31/2014 11:10,Hired,Male,Service Department,i6,43374
141019,5/31/2014 11:12,Hired,Male,Service Department,i6,6207
793738,6/4/2014 13:33,Hired,Female,Service Department,i6,47365
418576,5/9/2014 9:29,Hired,Male,Service Department,c8,20776
932712,5/9/2014 10:19,Hired,Male,Service Department,c8,97708
566874,5/2/2014 11:21,Hired,Male,Sales Department,c5,68740
975136,5/2/2014 11:21,Hired,Male,Sales Department,c5,91958
722596,5/2/2014 11:22,Hired,Female,Sales Department,c5,58496
411974,5/2/2014 11:18,Hired,Female,Sales Department,c5,52331
402204,5/21/2014 9:37,Hired,Male,Sales Department,i7,91680
888494,5/30/2014 16:54,Hired,Female,Sales Department,c5,60155
898678,5/30/2014 16:55,Hired,Female,Sales Department,c5,43006
60203,6/23/2014 15:08,Hired,Male,Sales Department,c5,29486
524586,6/23/2014 15:08,Hired,Male,Sales Department,c5,73138
618905,6/25/2014 2:53,Hired,Male,Sales Department,c5,34966
971748,7/3/2014 17:26,Hired,Female,Sales Department,c5,40614
190045,5/18/2014 12:55,Hired,Female,Marketing Department,c5,57636
679004,6/4/2014 17:14,Hired,Male,Marketing Department,c5,8974
998761,5/23/2014 15:48,Hired,Female,Operations Department,b9,1422
381255,6/7/2014 15:11,Hired,Male,Service Department,i7,22589
250982,6/7/2014 15:12,Hired,Male,Service Department,i7,33034
233900,5/12/2014 11:20,Hired,Male,Service Department,c9,92302
172450,5/13/2014 9:40,Hired,Male,Service Department,c9,54702
236554,5/13/2014 9:41,Hired,Female,Service Department,c9,74129
472086,5/13/2014 9:42,Hired,Female,Service Department,c9,45742
750657,6/1/2014 15:41,Hired,Female,Operations Department,c9,53580
257710,6/1/2014 15:43,Hired,Female,Operations Department,c9,37001
918375,6/11/2014 18:33,Hired,Male,Operations Department,c9,67934
829413,6/13/2014 15:10,Hired,Female,Operations Department,c9,9139
445069,6/13/2014 15:11,Hired,Female,Operations Department,c9,6697
502566,7/9/2014 12:39,Hired,Male,Service Department,c9,73057
100924,6/13/2014 2:04,Hired,Male,Service Department,i5,90938
952538,6/13/2014 2:05,Hired,Female,Service Department,i5,53979
329816,6/6/2014 14:34,Hired,Female,Service Department,b9,34428
301689,6/6/2014 14:35,Hired,Male,Service Department,b9,62860
859920,6/18/2014 13:10,Hired,Male,Operations Department,i5,88264
73132,6/5/2014 17:08,Hired,Male,Operations Department,c5,72695
244602,6/17/2014 9:44,Hired,Male,Operations Department,c5,29874
163967,6/17/2014 9:49,Hired,Female,Operations Department,c5,35610
747323,7/12/2014 19:08,Hired,Male,Operations Department,c5,21635
772703,7/12/2014 19:09,Hired,Male,Operations Department,c5,9068
773099,7/21/2014 10:59,Hired,Male,Operations Department,c5,16189
735017,7/9/2014 7:35,Hired,Male,Operations Department,c9,3565
609384,7/9/2014 7:36,Hired,Female,Operations Department,c9,13413
762231,7/4/2014 15:56,Hired,Female,Operations Department,c5,80531
217367,6/3/2014 12:04,Hired,Female,Marketing Department,c5,8228
750747,6/3/2014 12:09,Hired,Female,Marketing Department,c5,14950
126380,6/16/2014 12:03,Hired,Male,Sales Department,i7,8011
400072,6/16/2014 11:59,Hired,Don’t want to say,Sales Department,i7,62015
430942,5/9/2014 19:28,Hired,Male,Marketing Department,c9,31509
24006,6/18/2014 8:22,Hired,Male,Service Department,b9,52336
792202,6/18/2014 8:24,Hired,Female,Service Department,b9,33112
20597,7/7/2014 7:35,Hired,Female,Service Department,b9,76889
830520,5/19/2014 2:24,Hired,Male,Service Department,i5,49591
571631,5/19/2014 2:25,Hired,Male,Service Department,i5,91555
282543,5/19/2014 9:52,Hired,Female,Service Department,i5,80672
966602,5/19/2014 9:53,Hired,Female,Service Department,i5,13380
479003,5/19/2014 9:54,Hired,Female,Service Department,i5,18310
948061,5/19/2014 9:54,Hired,Male,Service Department,i5,38076
55915,7/2/2014 20:31,Hired,Female,Operations Department,c9,78339
570200,5/29/2014 13:34,Hired,Female,Finance Department,c9,22689
280913,5/29/2014 13:35,Hired,Female,Finance Department,c9,17924
633396,7/22/2014 7:35,Hired,Male,Service Department,b9,65876
121763,7/3/2014 15:47,Hired,Male,Operations Department,i1,69114
421134,6/18/2014 7:05,Hired,Female,Service Department,c5,62143
611679,7/13/2014 11:15,Hired,Female,Marketing Department,b9,64224
392173,7/24/2014 8:45,Hired,Male,Marketing Department,i5,11766
897760,7/19/2014 14:51,Hired,Female,Production Department,c5,91018
432393,7/12/2014 9:34,Hired,Don’t want to say,Service Department,c5,11946
860440,5/5/2014 12:50,Hired,Male,Service Department,c9,75033
368421,5/5/2014 12:53,Hired,Male,Service Department,c9,25854
921157,5/6/2014 17:55,Hired,Female,Service Department,c9,74230
399547,5/8/2014 15:43,Hired,Female,Service Department,c9,80569
432941,5/16/2014 9:34,Hired,Male,Service Department,c9,52165
431934,5/16/2014 9:38,Hired,Male,Service Department,c9,2911
108534,6/9/2014 19:42,Hired,Male,Operations Department,c5,50604
635221,7/11/2014 13:58,Hired,Male,Marketing Department,c5,46313
15580,7/11/2014 14:02,Hired,Female,Marketing Department,c5,16046
665552,7/17/2014 16:54,Hired,Male,Marketing Department,c5,7937
700608,7/17/2014 16:56,Hired,Female,Marketing Department,c5,66629
314970,7/17/2014 16:58,Hired,Male,Marketing Department,c5,6903
231126,7/17/2014 17:00,Hired,Male,Marketing Department,c5,98323
633554,7/19/2014 9:22,Hired,Male,Marketing Department,b9,56646
386933,5/30/2014 9:00,Hired,Male,Service Department,c5,82821
61098,5/30/2014 9:01,Hired,Female,Service Department,c5,88247
485455,5/30/2014 9:02,Hired,Male,Service Department,c5,43460
980297,6/4/2014 12:50,Hired,Male,Service Department,c5,30475
460725,6/4/2014 12:50,Hired,Don’t want to say,Service Department,c5,23471
952297,6/11/2014 14:11,Hired,Male,Service Department,c5,99345
319324,6/17/2014 12:12,Hired,Don’t want to say,Operations Department,c9,38036
926485,6/5/2014 3:27,Hired,Female,Operations Department,c9,88363
791273,6/5/2014 8:38,Hired,Female,Operations Department,c9,15721
833656,6/5/2014 8:40,Hired,Female,Operations Department,c9,14663
312354,5/22/2014 14:32,Hired,Male,Service Department,c9,26307
275632,5/10/2014 3:56,Hired,Female,Service Department,c9,64619
975719,5/12/2014 16:22,Hired,Male,Service Department,c9,3866
711836,5/12/2014 16:22,Hired,Male,Service Department,c9,76533
277216,5/22/2014 10:35,Hired,Male,Service Department,c9,10435
126363,6/11/2014 17:08,Hired,Female,Service Department,c9,82245
658056,6/11/2014 18:07,Hired,Male,Service Department,c9,89217
115237,6/3/2014 15:01,Hired,Male,Operations Department,c9,42735
303831,6/10/2014 18:14,Hired,Female,Operations Department,c9,59506
849468,6/15/2014 13:04,Hired,Male,Operations Department,c9,78755
447358,6/15/2014 13:05,Hired,Female,Operations Department,c9,37559
632916,7/2/2014 12:18,Hired,Female,Operations Department,c9,40018
843195,7/2/2014 12:18,Hired,Male,Operations Department,c9,6905
29717,7/8/2014 15:53,Hired,Female,Operations Department,c9,12085
237765,7/17/2014 9:37,Hired,Male,Service Department,c5,12913
909583,5/10/2014 17:30,Hired,Male,Sales Department,c5,34628
666002,5/18/2014 17:39,Hired,Male,Sales Department,c5,92464
933034,5/26/2014 11:23,Hired,Female,Marketing Department,c5,68706
536859,5/26/2014 11:22,Hired,Female,Marketing Department,c5,96147
221819,5/30/2014 10:21,Hired,Male,Marketing Department,c5,40569
67507,5/30/2014 10:23,Hired,Male,Marketing Department,c5,74044
82282,6/3/2014 18:10,Hired,Male,Marketing Department,c5,33730
389520,6/3/2014 18:11,Hired,Male,Marketing Department,c5,29273
131235,6/14/2014 15:09,Hired,Male,Operations Department,i6,91565
408778,6/21/2014 19:27,Hired,Male,Operations Department,i6,3066
411113,6/30/2014 17:29,Hired,Male,Operations Department,i6,49984
422866,6/30/2014 17:30,Hired,Male,Operations Department,i6,31394
647542,5/28/2014 11:48,Hired,Male,Operations Department,c9,59826
50483,6/15/2014 14:48,Hired,Male,Service Department,c9,82817
790653,6/15/2014 14:49,Hired,Don’t want to say,Service Department,c9,69188
919910,5/28/2014 10:48,Hired,Male,Operations Department,i5,76058
27804,5/28/2014 15:00,Hired,Female,Service Department,c9,67852
489930,8/2/2014 3:56,Hired,Male,Marketing Department,i7,30997
60276,8/3/2014 16:48,Hired,Female,Marketing Department,i7,43082
669778,5/29/2014 9:07,Hired,Female,Production Department,c9,58903
688250,5/29/2014 9:06,Hired,Don’t want to say,Production Department,c9,88360
281313,6/24/2014 11:47,Hired,Female,Sales Department,b9,72798
772413,6/24/2014 11:48,Hired,Male,Sales Department,b9,28195
625760,7/3/2014 16:52,Hired,Male,Sales Department,b9,76734
859676,5/4/2014 19:51,Hired,Male,Service Department,c8,76658
146168,5/6/2014 8:03,Hired,Male,Service Department,c8,92429
91498,7/3/2014 10:52,Hired,Male,Service Department,i1,28871
253623,7/8/2014 7:44,Hired,Female,Service Department,i1,14941
156697,5/30/2014 18:23,Hired,Male,Service Department,c9,21099
94736,6/3/2014 16:53,Hired,Female,Service Department,c9,9447
592784,6/13/2014 13:14,Hired,Male,Service Department,c9,80863
461424,6/16/2014 13:19,Hired,Male,Service Department,c9,22475
894106,6/27/2014 17:17,Hired,Male,Operations Department,b9,12503
278724,5/8/2014 9:22,Hired,Male,Operations Department,b9,13431
860835,5/8/2014 9:23,Hired,Male,Operations Department,b9,69793
668373,7/12/2014 3:52,Hired,Male,Marketing Department,c8,45402
125692,7/12/2014 3:54,Hired,Female,Marketing Department,c8,15834
154352,7/12/2014 3:55,Hired,Female,Marketing Department,c8,63197
356275,6/11/2014 12:40,Hired,Male,Operations Department,c9,25857
893070,6/11/2014 12:41,Hired,Female,Operations Department,c9,64416
899148,6/11/2014 12:42,Hired,Male,Operations Department,c9,26938
151108,6/11/2014 12:43,Hired,Female,Operations Department,c9,54652
156770,5/13/2014 17:44,Hired,Female,Operations Department,i6,75139
943777,5/14/2014 18:16,Hired,Male,Operations Department,c5,89261
932009,5/14/2014 18:17,Hired,Female,Operations Department,c5,3786
138840,5/14/2014 18:17,Hired,Female,Operations Department,c5,81456
785073,5/27/2014 10:24,Hired,Male,Operations Department,c5,82691
827748,6/7/2014 16:22,Hired,Male,Operations Department,c5,10110
409844,8/14/2014 14:41,Hired,Male,Operations Department,c9,77577
362705,7/30/2014 14:50,Hired,Male,Sales Department,i1,77394
421057,5/5/2014 17:11,Hired,Female,Service Department,c9,47126
70808,5/9/2014 10:54,Hired,Female,Service Department,c9,86508
661739,5/9/2014 10:57,Hired,Female,Service Department,c9,37777
691136,8/6/2014 17:57,Hired,Male,Marketing Department,i7,58247
382387,5/20/2014 9:01,Hired,Female,General Management,c9,86725
946568,5/20/2014 9:04,Hired,Female,General Management,c9,78003
948402,5/22/2014 10:10,Hired,Female,General Management,c9,54631
135232,5/22/2014 10:11,Hired,Female,General Management,c9,63220
133624,5/7/2014 14:43,Hired,Female,Sales Department,c8,28210
222024,5/7/2014 14:45,Hired,Male,Sales Department,c8,83494
297961,5/7/2014 14:46,Hired,Female,Sales Department,c8,61143
150870,5/7/2014 14:47,Hired,Male,Sales Department,c8,54873
87283,8/6/2014 18:51,Hired,Female,Operations Department,i7,79161
814767,8/7/2014 10:22,Hired,Female,Operations Department,i7,75341
571940,8/7/2014 12:42,Hired,Male,Operations Department,i7,79154
503930,8/7/2014 12:44,Hired,Male,Operations Department,i7,41599
874235,8/12/2014 12:46,Hired,Female,Operations Department,i7,23122
340062,5/3/2014 17:26,Hired,Female,Purchase Department,b9,61762
526541,5/3/2014 17:32,Hired,Female,Purchase Department,b9,15965
120988,5/5/2014 10:50,Hired,Male,Purchase Department,c5,56655
779461,8/24/2014 10:29,Hired,Male,Operations Department,c9,35445
674624,8/16/2014 11:22,Hired,Male,Operations Department,i5,37309
938650,7/27/2014 8:54,Hired,Male,Service Department,i5,94308
708799,8/4/2014 1:07,Hired,Male,Service Department,i5,15213
286947,8/4/2014 1:09,Hired,Male,Service Department,i5,86950
450991,7/7/2014 9:09,Hired,Male,Purchase Department,c5,41301
539025,6/25/2014 10:32,Hired,Male,Sales Department,c5,96781
341600,7/5/2014 13:43,Hired,Don’t want to say,Sales Department,c5,38086
987391,7/22/2014 15:55,Hired,Female,Operations Department,i7,38276
949707,7/1/2014 4:41,Hired,Male,Operations Department,c9,19600
844076,8/13/2014 3:48,Hired,Male,Operations Department,i5,22579
251432,6/18/2014 8:13,Hired,Male,Service Department,i5,76327
67572,7/15/2014 15:25,Hired,Male,Sales Department,c5,78680
648580,6/3/2014 2:41,Hired,Female,Service Department,c5,2684
999936,6/3/2014 2:45,Hired,Female,Service Department,c5,62188
28537,6/27/2014 12:58,Hired,Male,Service Department,c5,56780
582675,7/1/2014 10:43,Hired,Male,Service Department,c5,48114
769677,7/1/2014 10:50,Hired,Female,Service Department,c5,15925
306586,7/6/2014 15:12,Hired,Male,Service Department,c5,32149
441660,7/9/2014 9:40,Hired,Male,Service Department,c5,19127
972929,7/9/2014 9:38,Hired,Female,Service Department,c5,71092
662567,7/9/2014 9:41,Hired,Female,Service Department,c5,33569
991288,5/13/2014 14:18,Hired,Male,Service Department,b9,8521
648573,5/13/2014 14:19,Hired,Female,Service Department,b9,3778
453112,5/13/2014 16:54,Hired,Male,Service Department,c5,90391
800426,5/27/2014 8:44,Hired,Male,Operations Department,i5,59438
622564,5/27/2014 8:45,Hired,Male,Operations Department,i5,43722
212348,5/27/2014 8:45,Hired,Female,Operations Department,i5,3486
227831,5/27/2014 8:46,Hired,Female,Operations Department,i5,47435
221854,5/2/2014 14:58,Hired,Female,Operations Department,i5,88022
450914,6/12/2014 16:54,Hired,Female,Finance Department,i5,17409
582300,5/15/2014 10:11,Hired,Female,Operations Department,c5,24440
47755,7/1/2014 17:36,Hired,Female,Operations Department,i5,59354
817476,8/4/2014 9:06,Hired,Male,Service Department,c5,82645
389474,8/6/2014 12:36,Hired,Female,Service Department,c5,29733
798839,5/1/2014 7:56,Hired,Male,Human Resource Department,i1,46227
658482,5/8/2014 13:53,Hired,Female,Human Resource Department,i1,33480
265024,5/5/2014 9:30,Hired,Don’t want to say,Service Department,c5,29192
584067,5/7/2014 10:46,Hired,Male,Service Department,c5,80076
48374,5/29/2014 12:55,Hired,Male,Service Department,i5,54682
203218,7/8/2014 11:43,Hired,Male,Service Department,c8,75884
255697,5/24/2014 13:50,Hired,Female,Finance Department,c5,35838
828206,7/7/2014 16:38,Hired,Don’t want to say,Purchase Department,c9,55211
685504,7/7/2014 16:39,Hired,Don’t want to say,Purchase Department,c9,98962
79040,7/11/2014 19:38,Hired,Male,Service Department,c5,40535
720189,5/14/2014 18:45,Hired,Female,Service Department,c5,12253
639990,5/14/2014 18:47,Hired,Female,Service Department,c5,45789
245473,5/14/2014 18:48,Hired,-,Service Department,c5,66948
54863,5/21/2014 2:23,Hired,Male,Purchase Department,c9,63877
414026,5/26/2014 9:54,Hired,Male,Service Department,c5,96779
365946,5/26/2014 9:57,Hired,Male,Service Department,c5,31052
602838,8/5/2014 11:16,Hired,Male,Operations Department,i7,31458
306948,7/28/2014 11:37,Hired,Female,Operations Department,i7,60988
710529,5/14/2014 13:27,Hired,Don’t want to say,Service Department,c9,66337
266489,5/14/2014 16:03,Hired,Male,Service Department,c9,22361
424171,8/15/2014 7:22,Hired,Don’t want to say,Service Department,i7,23667
635982,5/3/2014 10:15,Hired,Male,Purchase Department,b9,53111
504811,5/14/2014 15:17,Hired,Male,Purchase Department,i6,1258
364288,5/22/2014 8:19,Hired,Male,Service Department,i5,86358
712188,5/22/2014 8:23,Hired,Male,Service Department,i5,6138
298249,6/25/2014 13:44,Hired,Female,Finance Department,c9,88772
524309,6/25/2014 13:45,Hired,Female,Finance Department,c9,46516
445863,6/25/2014 13:50,Hired,Female,Finance Department,c9,10929
785456,6/25/2014 13:51,Hired,Female,Finance Department,c9,86570
691723,6/25/2014 13:51,Hired,Female,Finance Department,c9,19026
102892,7/4/2014 22:16,Hired,Female,Finance Department,c9,58567
268788,7/4/2014 22:18,Hired,Female,Finance Department,c9,50833
785223,7/4/2014 22:19,Hired,Female,Finance Department,c9,54785
203331,7/4/2014 22:21,Hired,Female,Finance Department,c9,91183
796985,7/8/2014 9:45,Hired,Female,Finance Department,c9,26447
870348,7/9/2014 21:53,Hired,Female,Finance Department,c9,60185
32896,7/9/2014 21:56,Hired,Female,Finance Department,c9,95263
70696,6/26/2014 18:13,Hired,Male,Operations Department,b9,65265
313499,7/5/2014 18:43,Hired,Female,Operations Department,b9,61897
725901,7/20/2014 12:21,Hired,Male,Operations Department,b9,68070
295258,7/20/2014 12:23,Hired,Male,Operations Department,b9,8444
886674,6/25/2014 12:59,Hired,Don’t want to say,Operations Department,i1,90690
12882,6/25/2014 13:00,Hired,Don’t want to say,Operations Department,i1,43137
196817,7/11/2014 19:12,Hired,Male,Operations Department,i1,91721
261079,8/28/2014 9:41,Hired,Male,Purchase Department,i6,11284
46106,8/28/2014 9:45,Hired,Female,Purchase Department,i6,26673
877228,8/28/2014 9:45,Hired,Male,Purchase Department,i6,43570
767744,5/9/2014 15:56,Hired,Male,Service Department,c9,57627
830066,5/9/2014 15:57,Hired,Female,Service Department,c9,23224
814175,8/28/2014 13:22,Hired,Female,Sales Department,c9,90779
61325,8/29/2014 14:30,Hired,Male,Sales Department,c9,73321
947494,5/11/2014 13:27,Hired,Female,Service Department,c9,48889
778401,5/14/2014 12:12,Hired,Female,Service Department,i1,75015
696815,5/14/2014 12:13,Hired,Male,Service Department,i1,71577
723509,5/14/2014 12:15,Hired,Male,Service Department,i1,11008
988332,5/14/2014 12:17,Hired,Male,Service Department,i1,27136
341338,6/25/2014 19:28,Hired,Male,Operations Department,c8,38098
505926,6/30/2014 12:46,Hired,Female,Finance Department,i7,87971
610161,6/30/2014 12:47,Hired,Female,Finance Department,i7,81425
360856,8/31/2014 19:58,Hired,Male,Operations Department,i6,84045
88591,6/17/2014 12:15,Hired,Male,Human Resource Department,c8,13900
329539,5/9/2014 19:20,Hired,Male,Operations Department,c9,3766
19536,5/13/2014 15:35,Hired,Male,Operations Department,c9,60688
695719,5/13/2014 15:36,Hired,Female,Operations Department,c9,39254
826953,5/20/2014 10:12,Hired,Male,Operations Department,c9,13640
504463,5/20/2014 19:57,Hired,Female,Operations Department,c9,60745
309686,5/20/2014 20:01,Hired,Male,Operations Department,c9,81799
929357,7/25/2014 10:15,Hired,Female,General Management,c9,15320
29268,7/25/2014 10:16,Hired,Female,General Management,c9,64387
549528,5/14/2014 8:04,Hired,Male,Service Department,i7,50136
106682,5/14/2014 8:05,Hired,Male,Service Department,i7,25317
282628,5/14/2014 8:06,Hired,Male,Service Department,i7,30838
45384,5/14/2014 8:08,Hired,Male,Service Department,i7,64766
505801,5/1/2014 6:58,Hired,Female,Operations Department,i6,42169
211136,5/1/2014 7:00,Hired,Female,Operations Department,i6,38217
580219,5/6/2014 11:26,Hired,Male,Operations Department,c5,47799
650957,5/8/2014 15:52,Hired,Female,Operations Department,c5,77943
432575,5/14/2014 11:20,Hired,Female,Operations Department,c5,59797
375225,5/20/2014 16:03,Hired,Male,Operations Department,c5,34478
158941,5/30/2014 15:52,Hired,Male,Operations Department,c5,80272
482029,5/2/2014 6:16,Hired,Female,Operations Department,c5,60250
546281,5/28/2014 16:42,Hired,Don’t want to say,Operations Department,i5,2347
841544,5/11/2014 7:13,Hired,Male,Sales Department,c5,18410
568254,5/12/2014 10:41,Hired,Female,Sales Department,c5,57825
882350,5/12/2014 15:57,Hired,Female,Sales Department,c5,57773
467417,5/12/2014 10:30,Hired,Male,Operations Department,c8,67143
400109,5/12/2014 10:30,Hired,Don’t want to say,Operations Department,c8,37109
657548,5/8/2014 9:44,Hired,Male,Service Department,c5,81692
476962,5/20/2014 13:34,Hired,Male,Service Department,c5,27534
890605,5/20/2014 15:32,Hired,Female,Service Department,c5,5895
455150,5/27/2014 18:02,Hired,Male,Service Department,c5,56175
167454,5/28/2014 14:32,Hired,Female,Service Department,c5,43164
179861,6/5/2014 9:05,Hired,Male,Service Department,c5,81869
800429,6/5/2014 9:07,Hired,Male,Service Department,c5,86270
854925,5/21/2014 10:44,Hired,Male,Operations Department,c5,17524
922353,5/6/2014 5:35,Hired,Male,Service Department,b9,48728
723896,5/15/2014 17:13,Hired,Male,Operations Department,i6,96709
318306,5/15/2014 17:18,Hired,Female,Operations Department,i6,60897
725251,5/20/2014 5:44,Hired,Male,Operations Department,i5,54623
760568,5/20/2014 5:48,Hired,Male,Operations Department,i5,50461
814037,7/4/2014 11:45,Hired,Male,Human Resource Department,i7,83704
131734,5/24/2014 19:40,Hired,Male,Operations Department,c5,21824
831661,5/16/2014 6:42,Hired,Don’t want to say,Operations Department,i7,99617
841761,5/19/2014 9:26,Hired,Male,Operations Department,i7,98334
481379,6/5/2014 14:13,Hired,Female,Operations Department,i7,3819
618043,6/5/2014 14:14,Hired,Male,Operations Department,i7,70766
662128,6/5/2014 14:10,Hired,Female,Operations Department,i7,51254
794235,6/11/2014 12:33,Hired,Female,Operations Department,i7,11757
524784,7/29/2014 11:22,Hired,Male,Sales Department,c9,77879
957784,8/5/2014 10:03,Hired,Male,Sales Department,c9,19664
254807,8/5/2014 10:04,Hired,Don’t want to say,Sales Department,c9,38517
824893,5/1/2014 13:38,Hired,Male,Operations Department,c5,28134
89108,5/1/2014 13:35,Hired,Don’t want to say,Operations Department,c5,33139
608559,5/2/2014 16:30,Hired,Male,Operations Department,c5,4981
268296,5/9/2014 9:59,Hired,Male,Operations Department,c5,17266
825656,5/10/2014 14:21,Hired,Male,Operations Department,i7,65891
551379,5/10/2014 14:22,Hired,Male,Operations Department,i7,77830
737409,5/10/2014 14:23,Hired,Male,Operations Department,i7,47739
212110,5/10/2014 14:23,Hired,Male,Operations Department,i7,84096
475564,5/23/2014 7:02,Hired,Male,Service Department,i6,99397
946421,5/8/2014 17:29,Hired,Female,Operations Department,i6,29769
464009,5/29/2014 17:18,Hired,Male,Operations Department,i6,58049
150983,8/12/2014 21:58,Hired,Female,Finance Department,c5,33907
245279,8/18/2014 17:28,Hired,Female,Finance Department,c5,52322
537509,7/9/2014 12:48,Hired,Male,Operations Department,i5,42224
243956,5/10/2014 18:38,Hired,Male,Operations Department,i1,4665
276185,8/7/2014 18:00,Hired,Female,Operations Department,i5,23966
758805,8/13/2014 17:31,Hired,Male,Operations Department,i5,93138
919971,5/5/2014 1:44,Hired,Male,Purchase Department,c5,19763
169443,5/5/2014 1:47,Hired,Female,Purchase Department,c5,59744
646392,5/27/2014 9:52,Hired,Don’t want to say,Service Department,c8,51564
273066,6/23/2014 17:31,Hired,Female,Operations Department,c9,61824
562353,5/1/2014 9:45,Hired,Female,General Management,i7,99745
375556,5/1/2014 9:46,Hired,Female,General Management,i7,81434
719895,5/1/2014 9:47,Hired,Female,General Management,i7,86399
422222,5/13/2014 14:52,Hired,Female,General Management,c5,95521
464899,5/14/2014 11:57,Hired,Female,General Management,i7,1022
603672,5/8/2014 8:15,Hired,Male,Operations Department,c5,25843
480487,5/8/2014 8:18,Hired,Female,Operations Department,c5,77827
186971,5/9/2014 9:12,Hired,Female,Operations Department,c5,26211
703792,7/5/2014 9:51,Hired,Male,Sales Department,c5,13696
600570,7/12/2014 16:49,Hired,Female,Finance Department,c5,5841
209973,7/12/2014 16:50,Hired,Don’t want to say,Finance Department,c5,7439
525836,8/22/2014 16:59,Hired,Male,Service Department,c9,81259
896401,8/30/2014 9:11,Hired,Don’t want to say,Service Department,c9,27760
626067,7/27/2014 9:05,Hired,Male,Purchase Department,i5,52925
83466,7/29/2014 17:44,Hired,Male,Purchase Department,i5,91040
867000,7/29/2014 17:44,Hired,Male,Purchase Department,i5,58832
539299,8/11/2014 16:21,Hired,Male,Purchase Department,i5,91620
838359,8/27/2014 14:03,Hired,Don’t want to say,Purchase Department,i5,90339
79268,5/19/2014 8:30,Hired,Male,Operations Department,i5,95073
231232,5/19/2014 8:31,Hired,Male,Operations Department,i5,6425
70189,5/19/2014 8:28,Hired,Female,Operations Department,i5,22922
592340,5/19/2014 8:31,Hired,Female,Operations Department,i5,76995
917822,7/4/2014 8:08,Hired,Female,Operations Department,i5,80943
889834,8/27/2014 4:10,Hired,Female,Production Department,i7,1524
129994,5/15/2014 15:52,Hired,Female,Operations Department,c5,3843
98831,5/15/2014 15:54,Hired,Female,Operations Department,c5,52653
531445,5/15/2014 15:54,Hired,Male,Operations Department,c5,18127
782465,5/28/2014 10:17,Hired,Female,Operations Department,c5,38840
302371,6/2/2014 8:58,Hired,Male,Operations Department,c5,23496
147868,6/3/2014 10:53,Hired,Male,Operations Department,c5,43528
374162,6/18/2014 11:07,Hired,Female,Production Department,c9,67819
632936,6/18/2014 11:08,Hired,Female,Production Department,c9,41010
87830,7/5/2014 18:06,Hired,Female,Production Department,i1,45873
773003,7/7/2014 16:05,Hired,Male,Production Department,i1,57779
650321,7/7/2014 16:07,Hired,Male,Production Department,i1,37657
961036,7/16/2014 8:06,Hired,Female,Production Department,i1,89013
244866,7/9/2014 14:19,Hired,Male,Service Department,c5,56513
641625,5/8/2014 10:50,Hired,Male,Service Department,c9,10523
463211,5/19/2014 15:43,Hired,Male,Operations Department,c9,43943
617820,5/19/2014 15:43,Hired,Female,Operations Department,c9,42322
51205,5/19/2014 15:44,Hired,Female,Operations Department,c9,5161
769136,5/19/2014 15:45,Hired,Male,Operations Department,c9,94223
734711,6/13/2014 15:02,Hired,Don’t want to say,Operations Department,c9,10106
120968,6/14/2014 11:13,Hired,Male,Operations Department,c9,73584
79248,6/15/2014 7:34,Hired,Male,Operations Department,c9,8869
189498,6/15/2014 7:35,Hired,Male,Operations Department,c9,47082
842559,6/20/2014 18:40,Hired,Female,Operations Department,c9,48922
955451,6/28/2014 8:11,Hired,Male,Operations Department,c9,98059
81073,5/2/2014 18:30,Hired,Male,Operations Department,c5,36405
143163,5/2/2014 18:33,Hired,Male,Operations Department,c5,14144
609420,7/25/2014 17:34,Hired,Male,Service Department,c5,77203
702029,7/25/2014 17:36,Hired,Male,Service Department,c5,82653
897499,5/7/2014 16:28,Hired,Female,Service Department,c5,29833
796914,7/17/2014 9:31,Hired,Male,Service Department,c5,29013
34818,7/17/2014 9:31,Hired,Female,Service Department,c5,76929
304751,5/4/2014 18:50,Hired,Male,Service Department,c9,71543
593118,5/22/2014 15:09,Hired,Male,Operations Department,c5,22471
837077,5/22/2014 19:20,Hired,Female,Operations Department,c5,21669
192813,5/23/2014 16:50,Hired,Male,Operations Department,c5,6240
253747,5/23/2014 16:54,Hired,Male,Operations Department,c5,77250
532574,6/5/2014 16:50,Hired,Male,Operations Department,c9,29420
283050,6/5/2014 16:52,Hired,Female,Operations Department,c9,10172
697330,6/5/2014 16:53,Hired,Male,Operations Department,c9,6685
271797,5/7/2014 13:25,Hired,Male,Production Department,i5,19722
140986,5/15/2014 10:02,Hired,Male,Production Department,i5,53848
455195,5/1/2014 22:04,Hired,Female,Service Department,c9,62141
264004,5/15/2014 13:29,Hired,Male,Service Department,c9,45743
889329,5/16/2014 16:54,Hired,Male,Service Department,c9,49061
708422,5/16/2014 16:56,Hired,Male,Service Department,c9,47131
17946,5/16/2014 16:58,Hired,Male,Service Department,c9,65192
646630,7/25/2014 8:47,Hired,Male,Operations Department,i5,47344
707138,7/25/2014 8:48,Hired,Female,Operations Department,i5,1710
601032,5/16/2014 14:01,Hired,Female,Operations Department,c5,95656
628178,5/16/2014 20:21,Hired,Male,Operations Department,c5,84347
920568,5/30/2014 17:41,Hired,Male,Operations Department,c5,48346
326252,5/30/2014 17:43,Hired,Female,Operations Department,c5,73261
294236,6/4/2014 13:17,Hired,Female,Operations Department,c5,34216
841824,5/6/2014 5:10,Hired,Female,Production Department,c9,99800
108336,7/4/2014 19:51,Hired,Male,Operations Department,c9,64990
750179,7/4/2014 19:52,Hired,Male,Operations Department,c9,83047
783470,6/24/2014 12:36,Hired,Male,Human Resource Department,i5,73568
498520,7/11/2014 13:08,Hired,Male,Human Resource Department,i5,55559
623017,7/22/2014 17:31,Hired,Male,Sales Department,c9,53737
709308,7/22/2014 17:37,Hired,Male,Sales Department,c9,96448
69966,7/28/2014 8:09,Hired,Female,Sales Department,c9,5425
949642,7/28/2014 8:15,Hired,Male,Sales Department,c9,3786
812396,7/28/2014 8:15,Hired,Female,Sales Department,c9,46585
139670,7/8/2014 18:08,Hired,Female,Finance Department,i5,62098
851735,7/17/2014 17:01,Hired,Female,Finance Department,i5,68941
619369,7/17/2014 17:01,Hired,Female,Finance Department,i5,38755
535404,6/30/2014 17:20,Hired,Male,Service Department,i7,80793
808296,7/5/2014 11:15,Hired,Female,Service Department,c5,66220
887128,7/5/2014 11:15,Hired,Female,Service Department,c5,8647
754500,7/5/2014 11:16,Hired,Female,Service Department,c5,35926
535845,7/5/2014 11:18,Hired,Female,Service Department,c5,62571
186298,5/24/2014 17:19,Hired,Female,Sales Department,i5,46436
631661,5/24/2014 17:21,Hired,Female,Sales Department,i5,77767
45142,5/8/2014 14:32,Hired,Male,Sales Department,i7,92750
621237,5/13/2014 11:05,Hired,Don’t want to say,Sales Department,i7,29415
772763,5/21/2014 1:06,Hired,Male,Operations Department,c5,34097
759253,5/21/2014 1:04,Hired,Female,Operations Department,c5,13397
640069,5/26/2014 15:25,Hired,Male,Operations Department,c5,84025
553750,5/26/2014 15:27,Hired,Male,Operations Department,c5,61988
231855,5/26/2014 15:29,Hired,Male,Operations Department,c5,49658
446456,5/26/2014 15:31,Hired,Male,Operations Department,c5,75624
13205,5/26/2014 15:32,Hired,Male,Operations Department,c5,3045
220740,5/31/2014 12:30,Hired,Female,Operations Department,c5,79897
373338,5/31/2014 12:30,Hired,Male,Operations Department,c5,76938
969959,5/31/2014 12:32,Hired,Male,Operations Department,c5,87482
784146,5/31/2014 12:29,Hired,Female,Operations Department,c5,71496
753534,6/5/2014 9:33,Hired,Female,Operations Department,c5,35976
978134,5/28/2014 18:57,Hired,Male,Operations Department,b9,62619
813663,6/4/2014 15:37,Hired,Male,Purchase Department,i7,63058
705905,6/4/2014 15:40,Hired,Female,Purchase Department,i7,3013
761086,6/4/2014 15:40,Hired,Male,Purchase Department,i7,22789
538257,5/28/2014 11:48,Hired,Female,Service Department,c5,24540
151162,5/31/2014 7:29,Hired,Female,Service Department,c5,45367
515499,5/31/2014 7:29,Hired,Male,Service Department,c5,7645
116963,5/4/2014 13:26,Hired,Male,Service Department,b9,22482
179862,8/13/2014 16:28,Hired,Male,Operations Department,i5,6017
787849,5/8/2014 16:28,Hired,Don’t want to say,Operations Department,c5,98373
265772,6/25/2014 15:32,Hired,Female,Operations Department,c5,4925
559807,6/25/2014 15:32,Hired,Male,Operations Department,c5,35734
407784,7/11/2014 0:16,Hired,Male,Service Department,b9,15319
584676,7/11/2014 0:21,Hired,Female,Service Department,b9,43076
949511,5/20/2014 5:02,Hired,Female,Purchase Department,c9,88147
966645,5/22/2014 8:06,Hired,Male,Service Department,c5,15072
75569,5/22/2014 8:05,Hired,Don’t want to say,Service Department,c5,71558
630022,5/23/2014 11:32,Hired,Female,Service Department,c5,36764
363668,5/23/2014 11:33,Hired,Female,Service Department,c5,74316
27581,5/27/2014 9:52,Hired,Male,Service Department,c5,4376
267657,5/27/2014 9:55,Hired,Female,Service Department,c5,67126
804795,5/27/2014 9:59,Hired,Male,Service Department,c5,35627
462727,6/14/2014 8:01,Hired,Male,Service Department,c5,28310
49946,6/5/2014 14:31,Hired,Male,Service Department,c5,40007
21962,6/5/2014 14:33,Hired,Male,Service Department,c5,97461
110239,6/12/2014 9:34,Hired,Male,Service Department,c5,88714
738139,6/12/2014 9:36,Hired,Male,Service Department,c5,19741
590453,6/14/2014 14:05,Hired,Male,Marketing Department,c5,85888
296632,6/18/2014 18:35,Hired,Female,Marketing Department,c5,92695
16491,5/18/2014 17:21,Hired,Male,Service Department,c9,58653
888516,5/18/2014 17:21,Hired,Female,Service Department,c9,25411
814496,5/19/2014 9:53,Hired,Male,Service Department,c9,67873
391299,5/13/2014 18:07,Hired,Male,Production Department,c5,60368
617134,5/13/2014 18:08,Hired,Female,Production Department,c5,28163
984162,5/14/2014 1:30,Hired,Male,Production Department,c5,91232
203159,5/14/2014 8:05,Hired,Male,Production Department,c5,69763
213587,5/24/2014 12:09,Hired,Female,Production Department,c9,65532
663070,5/24/2014 12:10,Hired,Male,Production Department,c9,78054
231972,8/9/2014 8:08,Hired,Male,Sales Department,i7,12522
138265,6/4/2014 8:30,Hired,Male,Service Department,b9,83048
458452,6/4/2014 8:31,Hired,Female,Service Department,b9,80942
711214,8/15/2014 12:37,Hired,Male,Operations Department,c9,70449
268017,8/15/2014 12:39,Hired,Female,Operations Department,c9,79879
431197,7/18/2014 8:04,Hired,Male,Production Department,c5,44362
795117,6/22/2014 14:51,Hired,Male,Sales Department,c8,40211
565058,5/13/2014 18:39,Hired,Female,Service Department,i7,40800
361672,5/13/2014 18:40,Hired,Male,Service Department,i7,94090
840847,5/15/2014 3:05,Hired,Male,Service Department,i7,39551
970044,5/17/2014 13:35,Hired,Male,Service Department,i7,14813
274537,5/23/2014 14:11,Hired,Female,Service Department,i7,43296
339849,5/23/2014 14:13,Hired,Male,Service Department,i7,94382
241980,5/23/2014 14:14,Hired,Female,Service Department,i7,75669
845130,5/23/2014 14:15,Hired,Male,Service Department,i7,46391
264697,6/6/2014 5:11,Hired,Female,Production Department,i6,5719
227578,6/6/2014 5:11,Hired,Female,Production Department,i6,33148
948186,5/30/2014 16:07,Hired,Male,Service Department,i7,31537
425228,7/11/2014 12:05,Hired,Female,Service Department,c5,12823
771166,7/11/2014 12:09,Hired,Female,Service Department,c5,7562
272244,7/12/2014 8:40,Hired,Female,Service Department,c5,39347
761511,7/12/2014 8:41,Hired,Female,Service Department,c5,90092
875630,7/12/2014 8:41,Hired,Male,Service Department,c5,92668
897030,7/12/2014 8:42,Hired,Male,Service Department,c5,88402
295764,7/29/2014 17:59,Hired,Male,Service Department,c5,18040
732316,7/29/2014 18:00,Hired,Male,Service Department,c5,44858
238780,5/12/2014 8:31,Hired,Female,Operations Department,c9,8149
486438,5/12/2014 8:33,Hired,Male,Operations Department,c9,39748
781085,6/2/2014 8:56,Hired,Male,Operations Department,c5,9877
160306,6/11/2014 1:16,Hired,Male,Operations Department,c5,71235
543489,6/11/2014 1:17,Hired,Female,Operations Department,c5,98424
850447,6/11/2014 1:18,Hired,Male,Operations Department,c5,4243
535574,6/13/2014 11:50,Hired,Male,Operations Department,c5,36156
350361,6/20/2014 7:32,Hired,Female,Operations Department,c5,73640
688882,5/28/2014 10:41,Hired,Male,Sales Department,i7,48959
767512,5/28/2014 10:41,Hired,Male,Sales Department,i7,72651
119333,5/28/2014 10:43,Hired,Female,Sales Department,i7,97293
915359,5/28/2014 10:44,Hired,Male,Sales Department,i7,5280
787255,5/29/2014 19:08,Hired,Male,Sales Department,i7,84530
670473,5/29/2014 19:13,Hired,Female,Sales Department,i7,64888
857773,6/16/2014 18:51,Hired,Male,Sales Department,i7,33458
409904,6/3/2014 5:18,Hired,Male,Purchase Department,c9,73859
765785,6/11/2014 19:01,Hired,Male,Purchase Department,c9,32102
488225,6/13/2014 16:28,Hired,Male,Purchase Department,c9,57786
631107,6/13/2014 16:30,Hired,Male,Purchase Department,c9,21177
354992,8/30/2014 14:59,Hired,Male,Service Department,i7,4846
55660,5/26/2014 14:55,Hired,Male,Service Department,i7,84360
20775,5/29/2014 16:19,Hired,Female,Service Department,i7,75404
102520,5/29/2014 16:21,Hired,Male,Service Department,i7,71906
364734,5/31/2014 8:19,Hired,Female,Service Department,c8,88244
727428,5/31/2014 8:21,Hired,Male,Service Department,c8,84631
391358,6/11/2014 11:47,Hired,Male,Service Department,i7,59948
189233,6/11/2014 11:51,Hired,Male,Service Department,i7,73242
477807,5/15/2014 19:23,Hired,Male,Operations Department,i7,55597
898121,5/30/2014 16:05,Hired,Male,Operations Department,i7,76013
722804,5/30/2014 16:06,Hired,Female,Operations Department,i7,30207
168749,5/30/2014 16:07,Hired,Male,Operations Department,i7,7394
683810,6/6/2014 14:00,Hired,Don’t want to say,Operations Department,c9,91112
292742,6/24/2014 11:50,Hired,Male,Service Department,b9,57823
441041,6/24/2014 11:53,Hired,Male,Service Department,b9,7239
56603,7/8/2014 13:26,Hired,Female,Service Department,b9,54973
997569,5/29/2014 18:44,Hired,Female,Marketing Department,i5,68698
573927,8/12/2014 15:33,Hired,Male,Human Resource Department,c5,32801
611822,7/22/2014 12:54,Hired,Female,Operations Department,i7,48568
867708,7/23/2014 12:14,Hired,Male,Operations Department,i7,82325
199470,7/25/2014 19:24,Hired,Male,Operations Department,c5,97038
539550,7/25/2014 19:27,Hired,Male,Operations Department,c5,72434
613607,7/25/2014 19:29,Hired,Male,Operations Department,c5,22161
68275,7/25/2014 19:21,Hired,Don’t want to say,Operations Department,c5,10759
873486,8/13/2014 17:39,Hired,Female,Service Department,c9,33189
594223,8/13/2014 17:39,Hired,Male,Service Department,c9,7867
120522,5/1/2014 18:55,Hired,Female,Operations Department,c9,54630
725449,5/19/2014 10:38,Hired,Male,Operations Department,c9,15033
784107,5/19/2014 10:39,Hired,Male,Operations Department,c9,1027
386548,5/31/2014 7:01,Hired,Male,Operations Department,c9,43552
821333,6/1/2014 19:10,Hired,Female,Operations Department,c9,26094
129183,6/13/2014 8:37,Hired,Male,Operations Department,c9,83823
432912,6/21/2014 12:13,Hired,Female,Operations Department,c9,2249
950373,7/16/2014 9:23,Hired,Female,Operations Department,c9,72516
544751,5/12/2014 19:08,Hired,Male,Production Department,b9,91106
856292,5/12/2014 19:13,Hired,Male,Production Department,b9,50920
437124,6/23/2014 13:01,Hired,Male,Operations Department,c9,41249
302597,7/29/2014 6:59,Hired,Male,Service Department,i5,41967
274323,8/7/2014 16:50,Hired,Female,Service Department,i5,52881
679821,5/5/2014 14:18,Hired,Male,Operations Department,i5,10400
953504,5/5/2014 14:19,Hired,Male,Operations Department,i5,13658
313431,5/5/2014 14:19,Hired,Male,Operations Department,i5,45800
735524,5/9/2014 19:09,Hired,Don’t want to say,Operations Department,i5,66299
891269,5/9/2014 19:10,Hired,Don’t want to say,Operations Department,i5,76257
840666,6/2/2014 11:29,Hired,Female,Service Department,c5,9239
80191,6/2/2014 11:30,Hired,Male,Service Department,c5,24611
659053,6/2/2014 11:29,Hired,Don’t want to say,Service Department,c5,33063
622545,6/12/2014 9:32,Hired,Female,Service Department,c5,83249
216559,6/12/2014 9:34,Hired,Female,Service Department,c5,81440
80631,6/24/2014 15:03,Hired,Male,Operations Department,c9,19001
959607,6/26/2014 17:58,Hired,Male,Operations Department,c9,54297
284374,6/27/2014 12:36,Hired,Male,Operations Department,c9,15605
834943,6/27/2014 12:37,Hired,Female,Operations Department,c9,79647
332598,6/27/2014 12:38,Hired,Male,Operations Department,c9,45687
194021,6/17/2014 15:14,Hired,Female,General Management,i1,96469
104148,5/14/2014 15:11,Hired,Female,Service Department,i5,76769
914348,8/2/2014 9:25,Hired,Male,Service Department,c9,65430
933819,8/3/2014 13:54,Hired,Male,Service Department,c9,39190
428392,8/3/2014 13:56,Hired,Male,Service Department,c9,24547
349379,6/26/2014 14:42,Hired,Female,Service Department,c9,30754
99001,5/24/2014 11:34,Hired,Female,Service Department,c5,91005
807834,5/14/2014 10:18,Hired,Male,Service Department,c9,76171
747091,5/29/2014 17:27,Hired,Female,Service Department,c9,89188
407569,5/29/2014 17:29,Hired,Female,Service Department,c9,56937
882516,6/6/2014 15:35,Hired,Male,Service Department,b9,81497
964616,6/6/2014 15:37,Hired,Male,Service Department,b9,73705
139932,6/6/2014 15:38,Hired,Male,Service Department,b9,11292
269036,6/9/2014 9:26,Hired,Male,Service Department,c9,32743
924897,6/11/2014 13:52,Hired,Male,Service Department,c9,59616
426029,6/11/2014 13:53,Hired,Female,Service Department,c9,13347
242383,6/11/2014 13:53,Hired,Male,Service Department,c9,36348
899150,6/11/2014 13:54,Hired,Female,Service Department,c9,42654
573978,6/11/2014 13:56,Hired,Female,Service Department,c9,90203
206593,7/29/2014 8:20,Hired,Male,Marketing Department,i6,70239
955275,7/29/2014 8:21,Hired,Male,Marketing Department,i6,14810
195343,6/22/2014 14:36,Hired,Female,Operations Department,i1,66540
411295,6/22/2014 14:38,Hired,-,Operations Department,i1,98070
927062,6/29/2014 11:34,Hired,Female,Operations Department,i1,11124
462575,7/5/2014 12:04,Hired,Male,Operations Department,i1,18428
798002,7/5/2014 12:05,Hired,Male,Operations Department,i1,13714
704987,5/14/2014 11:29,Hired,Male,Service Department,i5,78918
818107,5/14/2014 11:29,Hired,Female,Service Department,i5,40759
839005,5/14/2014 11:29,Hired,Don’t want to say,Service Department,i5,52645
154483,6/24/2014 17:46,Hired,Male,Operations Department,i7,67602
943922,6/24/2014 17:47,Hired,Male,Operations Department,i7,1282
335959,6/25/2014 16:58,Hired,Male,Service Department,i7,93852
253006,5/22/2014 8:27,Hired,Male,Purchase Department,c5,40692
95442,6/3/2014 22:49,Hired,Male,Service Department,b9,24829
284227,6/5/2014 11:44,Hired,Female,Service Department,b9,16168
340030,6/5/2014 11:47,Hired,Male,Service Department,b9,60454
233335,5/25/2014 14:43,Hired,Male,Service Department,i5,15998
670258,5/14/2014 15:55,Hired,Female,Operations Department,c8,30567
714579,5/19/2014 10:22,Hired,Male,Operations Department,c8,31784
428003,6/13/2014 18:44,Hired,Male,Service Department,c5,16146
166730,6/15/2014 14:04,Hired,Female,Service Department,c5,49047
393306,6/15/2014 14:09,Hired,Female,Service Department,c5,86931
766601,6/15/2014 14:06,Hired,Female,Service Department,c5,12777
205081,6/27/2014 7:37,Hired,Female,Service Department,c5,63025
590033,6/27/2014 7:40,Hired,Male,Service Department,c5,80132
600601,6/27/2014 7:41,Hired,Male,Service Department,c5,66395
654314,7/3/2014 12:30,Hired,Female,Service Department,c5,96192
861346,7/9/2014 11:42,Hired,Male,Service Department,c5,24321
461784,7/15/2014 15:17,Hired,Male,Operations Department,c5,51887
648830,6/20/2014 18:00,Hired,Male,Production Department,c5,3733
278190,6/20/2014 18:01,Hired,Male,Production Department,c5,72534
947445,7/17/2014 8:02,Hired,Male,Operations Department,c9,66288
524355,5/29/2014 13:39,Hired,Male,Sales Department,i5,82115
546318,7/15/2014 15:37,Hired,Male,Operations Department,i5,65881
55540,7/15/2014 15:41,Hired,Male,Operations Department,i5,85386
985010,7/15/2014 15:41,Hired,Female,Operations Department,i5,10527
199723,7/18/2014 13:01,Hired,Male,Operations Department,i5,88305
490261,5/20/2014 15:35,Hired,Female,Service Department,c5,92225
304067,5/22/2014 23:11,Hired,Female,Service Department,i7,32807
318093,5/29/2014 11:40,Hired,Male,Operations Department,i5,28028
523093,5/30/2014 9:43,Hired,Male,Operations Department,i5,45999
492638,5/16/2014 16:42,Hired,Male,Service Department,c5,86944
819274,7/19/2014 6:11,Hired,Male,Operations Department,c5,19525
421386,6/7/2014 15:15,Hired,Female,Operations Department,c5,40852
13735,6/16/2014 14:33,Hired,Male,Operations Department,c9,14881
616356,6/16/2014 14:34,Hired,Female,Operations Department,c9,6949
53065,6/16/2014 14:35,Hired,Male,Operations Department,c9,35111
383237,6/16/2014 14:34,Hired,Female,Operations Department,c9,12081
706241,6/16/2014 14:35,Hired,Female,Operations Department,c9,36774
569075,6/16/2014 14:36,Hired,Female,Operations Department,c9,95509
662219,6/16/2014 14:37,Hired,Female,Operations Department,c9,72425
168115,6/27/2014 16:26,Hired,Female,Service Department,i7,3183
182618,6/27/2014 16:27,Hired,Female,Service Department,i7,20389
234055,6/27/2014 16:27,Hired,Male,Service Department,i7,13109
653501,7/4/2014 16:30,Hired,Male,Service Department,i7,91531
629522,7/9/2014 11:54,Hired,Male,Service Department,i7,35998
17432,7/5/2014 8:03,Hired,Male,Operations Department,c9,95140
339628,6/12/2014 6:43,Hired,Male,Service Department,c5,41408
73232,6/26/2014 23:10,Hired,Male,Service Department,c5,56962
156292,5/9/2014 18:08,Hired,Male,Purchase Department,b9,77565
476027,5/9/2014 18:09,Hired,Female,Purchase Department,b9,92403
933790,6/11/2014 10:36,Hired,Female,Operations Department,c9,11580
182794,8/30/2014 7:40,Hired,Female,Operations Department,i6,80811
485625,8/4/2014 11:14,Hired,Male,Purchase Department,c9,62722
990300,8/4/2014 11:16,Hired,Male,Purchase Department,c9,18892
409594,5/18/2014 22:56,Hired,Female,Operations Department,i1,7677
264149,5/18/2014 22:57,Hired,Female,Operations Department,i1,44771
226172,6/5/2014 9:28,Hired,Male,Operations Department,i1,5779
98591,6/5/2014 18:01,Hired,Male,Operations Department,i1,51692
634304,6/5/2014 18:03,Hired,Female,Operations Department,i1,66637
596133,6/5/2014 18:04,Hired,Male,Operations Department,i1,94111
633529,6/5/2014 18:06,Hired,Male,Operations Department,i1,5060
706520,6/13/2014 7:05,Hired,Male,Operations Department,i1,26938
374727,6/13/2014 20:10,Hired,Female,Operations Department,i1,76349
501695,6/6/2014 16:02,Hired,Male,Operations Department,i6,24715
535309,6/18/2014 9:32,Hired,Male,Sales Department,c9,45460
285768,6/18/2014 9:33,Hired,Female,Sales Department,c9,91750
415316,8/14/2014 11:31,Hired,Male,Marketing Department,i1,35569
612639,8/14/2014 11:31,Hired,Male,Marketing Department,i1,96769
941062,8/23/2014 17:47,Hired,Male,Marketing Department,i1,14743
574048,6/3/2014 18:25,Hired,Male,Service Department,c5,77512
472996,6/3/2014 18:27,Hired,Male,Service Department,c5,48927
178003,7/10/2014 9:49,Hired,Female,General Management,c9,75118
66238,6/3/2014 18:46,Hired,Female,Marketing Department,i5,89311
961835,6/26/2014 12:23,Hired,Male,Operations Department,c9,22738
475558,6/26/2014 12:24,Hired,Female,Operations Department,c9,66607
357832,8/19/2014 1:10,Hired,Female,Marketing Department,c5,30964
926493,7/21/2014 8:09,Hired,Don’t want to say,Service Department,b9,39650
589590,5/15/2014 17:08,Hired,Male,Purchase Department,c5,63605
491765,5/15/2014 17:12,Hired,Male,Purchase Department,c5,88348
125741,5/16/2014 9:12,Hired,Male,Purchase Department,c5,77249
231591,5/16/2014 9:16,Hired,Female,Purchase Department,c5,90088
580404,5/11/2014 18:02,Hired,Male,Service Department,c5,66946
793978,5/24/2014 8:11,Hired,Male,Service Department,i6,14774
41617,5/24/2014 8:12,Hired,Female,Service Department,i6,31427
808301,5/24/2014 8:12,Hired,Male,Service Department,i6,49255
104740,5/17/2014 15:06,Hired,Female,Marketing Department,c5,80114
490111,5/17/2014 15:11,Hired,Female,Marketing Department,c5,99182
467705,7/3/2014 15:43,Hired,Female,Finance Department,c5,56274
694601,5/13/2014 12:24,Hired,Female,Service Department,i5,55832
138442,6/4/2014 16:06,Hired,Male,Operations Department,c5,17739
513209,6/6/2014 14:47,Hired,Male,Operations Department,c9,15455
89237,6/18/2014 11:15,Hired,Female,Operations Department,c9,25541
765967,6/18/2014 11:15,Hired,Female,Operations Department,c9,47975
898625,6/18/2014 11:15,Hired,Male,Operations Department,c9,80321
406137,6/18/2014 11:16,Hired,Female,Operations Department,c9,60566
663061,6/17/2014 14:59,Hired,Male,Sales Department,c5,4832
529892,6/17/2014 15:02,Hired,Female,Sales Department,c5,61668
122616,5/19/2014 9:22,Hired,Female,Operations Department,i6,24253
570911,5/19/2014 14:43,Hired,Male,Operations Department,i7,74831
898509,5/19/2014 14:45,Hired,Male,Operations Department,i7,54528
50750,5/19/2014 14:42,Hired,Don’t want to say,Operations Department,i7,87106
796688,5/23/2014 8:59,Hired,Male,Operations Department,i7,93276
763318,5/23/2014 8:58,Hired,Don’t want to say,Operations Department,i7,7574
449477,5/24/2014 11:18,Hired,Female,Operations Department,i6,73254
300620,5/30/2014 7:20,Hired,Female,Operations Department,i6,97566
641318,5/31/2014 10:05,Hired,Male,Operations Department,b9,8293
680766,5/31/2014 10:04,Hired,Don’t want to say,Operations Department,b9,77991
786441,6/2/2014 0:15,Hired,Male,Operations Department,i6,94835
861278,6/4/2014 19:39,Hired,Male,Operations Department,b9,96288
130036,6/4/2014 19:39,Hired,Don’t want to say,Operations Department,b9,65617
15328,6/9/2014 12:33,Hired,Male,Operations Department,i7,58002
668740,5/30/2014 13:29,Hired,Female,Finance Department,c5,78083
940627,5/13/2014 15:37,Hired,Male,Marketing Department,c9,17062
478288,8/1/2014 16:43,Hired,Male,Operations Department,c9,94500
521610,8/1/2014 16:43,Hired,Female,Operations Department,c9,16175
349534,5/27/2014 9:30,Hired,Male,Service Department,c9,19290
187100,6/26/2014 7:05,Hired,Male,Service Department,c9,14042
376742,5/31/2014 8:07,Hired,Female,Production Department,i5,16716
583650,5/31/2014 8:07,Hired,Don’t want to say,Production Department,i5,17749
936363,8/3/2014 18:01,Hired,Male,Sales Department,c9,91384
622175,8/3/2014 18:02,Hired,Female,Sales Department,c9,98060
355899,8/3/2014 18:00,Hired,Don’t want to say,Sales Department,c9,94561
491578,5/16/2014 10:57,Hired,Male,Operations Department,i6,18307
970803,5/21/2014 16:08,Hired,Female,Operations Department,i6,41190
144099,5/29/2014 11:50,Hired,Male,Operations Department,i6,63663
839952,6/11/2014 11:07,Hired,Male,Production Department,c9,93876
157701,6/11/2014 11:08,Hired,Female,Production Department,c9,21921
78199,6/11/2014 11:11,Hired,Male,Production Department,c9,77116
741202,6/11/2014 11:13,Hired,Male,Production Department,c9,17999
200800,6/26/2014 18:51,Hired,Male,Production Department,c9,48457
372302,6/27/2014 17:01,Hired,Female,Production Department,c9,56446
160508,6/27/2014 17:02,Hired,Female,Production Department,c9,18068
673739,6/7/2014 9:27,Hired,Male,Operations Department,i7,11129
271994,5/17/2014 3:15,Hired,Male,Sales Department,c9,98352
228561,6/24/2014 19:17,Hired,Don’t want to say,Operations Department,i1,11292
754872,6/26/2014 14:55,Hired,Female,Operations Department,i1,32638
390532,6/26/2014 14:57,Hired,Male,Operations Department,i1,59708
834520,6/26/2014 14:57,Hired,Female,Operations Department,i1,71841
519957,6/15/2014 21:41,Hired,Male,Operations Department,c9,37753
254555,6/29/2014 13:08,Hired,Male,Operations Department,c9,89012
104955,5/20/2014 15:21,Hired,Female,Marketing Department,i5,20400
694395,6/12/2014 13:07,Hired,Male,Marketing Department,i7,29981
548288,6/5/2014 11:42,Hired,Male,Sales Department,c9,46681
63422,7/1/2014 7:45,Hired,Male,Service Department,c9,84568
859898,8/28/2014 7:17,Hired,Female,Operations Department,c5,5828
643698,7/3/2014 20:07,Hired,Male,Sales Department,c9,3720
139170,7/3/2014 20:08,Hired,Male,Sales Department,c9,34032
633392,7/12/2014 16:30,Hired,Male,Sales Department,c9,63619
122829,7/13/2014 10:20,Hired,Female,Sales Department,c9,10952
986708,7/13/2014 10:23,Hired,Male,Sales Department,c9,65393
153345,7/13/2014 10:25,Hired,Male,Sales Department,c9,39891
804720,6/22/2014 13:58,Hired,Male,Operations Department,c5,54083
552148,6/25/2014 1:11,Hired,Male,Operations Department,i7,76633
377553,6/25/2014 14:15,Hired,Male,Operations Department,c5,38724
42048,5/29/2014 17:43,Hired,Male,Service Department,c8,22471
488044,6/5/2014 16:10,Hired,Male,Sales Department,c5,55980
105911,6/19/2014 18:32,Hired,Male,Service Department,c5,97989
541487,5/24/2014 8:29,Hired,Male,Operations Department,i5,55349
598820,5/24/2014 8:30,Hired,Male,Operations Department,i5,6160
573243,5/24/2014 8:30,Hired,Don’t want to say,Operations Department,i5,31096
58738,6/27/2014 17:46,Hired,Male,Operations Department,c5,88127
180462,6/27/2014 17:47,Hired,Male,Operations Department,c5,26653
78171,6/27/2014 17:48,Hired,Male,Operations Department,c5,50528
98812,7/11/2014 14:46,Hired,Male,Operations Department,i6,33374
229281,7/15/2014 8:38,Hired,Male,Operations Department,i6,92128
605724,7/15/2014 8:40,Hired,Female,Operations Department,i6,45685
850187,7/4/2014 13:47,Hired,Female,Operations Department,c9,51950
754910,7/11/2014 8:43,Hired,Male,Marketing Department,b9,52785
139791,7/17/2014 12:26,Hired,Male,Marketing Department,b9,2054
868702,6/7/2014 11:02,Hired,Male,Operations Department,i6,97360
377101,6/20/2014 16:55,Hired,Male,Operations Department,b9,62901
735490,7/22/2014 13:07,Hired,Male,Service Department,i7,26928
303254,7/22/2014 13:08,Hired,Female,Service Department,i7,24335
763925,8/1/2014 14:01,Hired,Male,Service Department,i7,48477
635420,8/1/2014 14:02,Hired,Male,Service Department,i7,19213
158853,8/1/2014 14:02,Hired,Male,Service Department,i7,59832
640143,8/1/2014 14:05,Hired,Male,Service Department,i7,76659
509365,8/6/2014 18:48,Hired,Female,Service Department,i7,60466
462340,8/13/2014 13:06,Hired,Female,Service Department,i7,64551
783121,8/20/2014 11:16,Hired,Female,Service Department,i7,62106
144353,8/20/2014 11:20,Hired,Female,Service Department,i7,65990
543156,8/20/2014 11:15,Hired,Don’t want to say,Service Department,i7,65092
457575,7/8/2014 18:26,Hired,Male,Operations Department,i5,19335
214571,7/8/2014 18:30,Hired,Male,Operations Department,i5,10624
80607,6/1/2014 16:18,Hired,Male,Marketing Department,c5,43276
552133,6/1/2014 16:20,Hired,Male,Marketing Department,c5,88279
38154,6/21/2014 3:27,Hired,Male,Marketing Department,c5,38926
696666,6/28/2014 7:35,Hired,Female,Marketing Department,c5,10168
314635,6/28/2014 7:36,Hired,Male,Marketing Department,c5,12939
649189,7/11/2014 11:12,Hired,Male,Service Department,c5,59004
929708,7/11/2014 11:15,Hired,Female,Service Department,c5,40563
349973,7/11/2014 11:17,Hired,Male,Service Department,c5,25449
334051,7/12/2014 11:00,Hired,Female,Service Department,c5,44372
624057,7/12/2014 10:58,Hired,Don’t want to say,Service Department,c5,88147
616644,7/23/2014 7:22,Hired,Male,Service Department,c5,94615
642318,7/23/2014 21:43,Hired,Female,Service Department,c5,19308
335156,6/29/2014 5:47,Hired,Male,Service Department,c5,94879
22679,6/29/2014 5:48,Hired,Male,Service Department,c5,54776
438449,7/11/2014 9:15,Hired,Male,Service Department,i7,91716
390555,7/11/2014 9:17,Hired,Male,Service Department,i7,91334
827552,6/6/2014 14:15,Hired,Female,Sales Department,c5,15983
492781,6/24/2014 13:03,Hired,Female,Sales Department,c5,48821
540868,7/3/2014 12:37,Hired,Male,Service Department,c5,28771
986280,7/4/2014 9:21,Hired,Male,Service Department,c5,38156
326715,7/4/2014 9:22,Hired,Male,Service Department,c5,8981
482088,7/10/2014 14:31,Hired,Female,Service Department,c5,5940
171561,5/30/2014 10:28,Hired,Female,Operations Department,c5,2752
399788,6/1/2014 14:31,Hired,Male,Operations Department,c5,15998
448408,8/28/2014 18:32,Hired,Male,Service Department,i7,32011
624246,8/28/2014 18:33,Hired,Female,Service Department,i7,93101
543902,8/28/2014 18:33,Hired,Male,Service Department,i7,16763
262588,7/20/2014 6:25,Hired,Female,Operations Department,c5,39578
156531,8/11/2014 8:31,Hired,Male,Operations Department,c5,55365
699289,8/11/2014 8:32,Hired,Male,Operations Department,c5,6551
474646,5/23/2014 18:06,Hired,Male,Human Resource Department,i5,26741
973186,5/23/2014 18:08,Hired,Female,Human Resource Department,i5,33792
184799,7/15/2014 9:28,Hired,Female,Human Resource Department,c8,34270
809548,6/11/2014 17:43,Hired,Male,Production Department,c9,43171
287615,6/11/2014 17:44,Hired,Don’t want to say,Production Department,c9,80434
408436,6/11/2014 17:45,Hired,Don’t want to say,Production Department,c9,65183
589345,6/30/2014 16:43,Hired,Male,Service Department,c8,81274
775750,7/17/2014 10:18,Hired,Female,Production Department,c9,1352
436622,7/17/2014 15:26,Hired,Male,Production Department,c9,15698
221001,7/17/2014 15:27,Hired,Male,Production Department,c9,1666
653763,6/2/2014 17:47,Hired,Female,Operations Department,i1,29288
774639,6/2/2014 17:47,Hired,Male,Operations Department,i1,72311
763638,6/10/2014 14:15,Hired,Male,Operations Department,i1,84840
144983,6/10/2014 14:21,Hired,Male,Operations Department,i1,45289
776206,6/10/2014 14:23,Hired,Female,Operations Department,i1,37431
513247,6/10/2014 14:24,Hired,Male,Operations Department,i1,50500
481085,6/20/2014 14:55,Hired,Male,Sales Department,c5,69080
66199,6/20/2014 14:56,Hired,Female,Sales Department,c5,68509
651652,5/26/2014 17:57,Hired,Female,Operations Department,i6,41011
29691,8/29/2014 6:03,Hired,Male,Sales Department,i7,10700
297501,7/1/2014 11:37,Hired,Female,Finance Department,i5,39211
25669,7/9/2014 6:25,Hired,Male,Operations Department,c9,28175
215367,7/9/2014 6:26,Hired,Male,Operations Department,c9,14446
821116,7/9/2014 6:30,Hired,Male,Operations Department,c9,73081
565374,7/11/2014 9:37,Hired,Female,Operations Department,c9,34329
745878,7/20/2014 9:42,Hired,Female,Operations Department,c9,48013
810787,7/20/2014 9:43,Hired,Female,Operations Department,c9,98990
624629,8/2/2014 13:49,Hired,Female,Operations Department,c9,19651
621049,6/21/2014 14:34,Hired,Male,Operations Department,c9,27120
784361,6/25/2014 15:28,Hired,Female,General Management,i5,54258
317366,6/25/2014 15:29,Hired,Female,General Management,i5,20730
211433,6/25/2014 15:33,Hired,Female,General Management,i5,25467
771344,6/25/2014 15:36,Hired,Female,General Management,i5,29214
552304,7/1/2014 6:58,Hired,Female,General Management,i5,75164
698890,7/2/2014 14:22,Hired,Female,General Management,i5,30117
674480,7/2/2014 14:23,Hired,Female,General Management,i5,98848
310212,7/2/2014 17:16,Hired,Male,Service Department,c5,26175
393797,7/31/2014 12:16,Hired,Male,Sales Department,b9,96306
208336,7/11/2014 18:04,Hired,Male,Operations Department,c5,36862
421114,6/12/2014 18:57,Hired,Female,Service Department,c8,30246
353328,6/24/2014 17:04,Hired,Female,General Management,c5,63454
265942,7/4/2014 15:55,Hired,Female,General Management,c5,85504
316119,7/4/2014 15:56,Hired,Female,General Management,c5,80425
696413,6/9/2014 14:13,Hired,Female,Service Department,c9,63497
839393,6/9/2014 14:13,Hired,Male,Service Department,c9,1537
457071,6/8/2014 18:06,Hired,Don’t want to say,Service Department,c9,49520
491660,7/9/2014 7:37,Hired,Male,Service Department,c9,20736
342183,7/9/2014 7:40,Hired,Male,Service Department,c9,80343
678922,6/3/2014 17:37,Hired,Male,Service Department,c9,3688
738001,6/27/2014 4:04,Hired,Male,Operations Department,c5,56881
891558,6/29/2014 9:23,Hired,Male,Operations Department,c5,94543
227116,7/3/2014 20:55,Hired,Male,Operations Department,c5,60609
848217,8/19/2014 13:47,Hired,Male,Sales Department,c9,25553
174164,8/19/2014 13:48,Hired,Don’t want to say,Sales Department,c9,18653
653149,6/19/2014 8:57,Hired,Female,Finance Department,c9,31116
631703,6/19/2014 8:59,Hired,Female,Finance Department,c9,88886
257613,7/8/2014 11:13,Hired,Female,Finance Department,c9,90535
818110,7/8/2014 11:15,Hired,Female,Finance Department,c9,46825
294003,7/11/2014 18:28,Hired,Female,Finance Department,c5,2939
404097,7/22/2014 19:35,Hired,Male,Finance Department,c5,64122
569723,7/25/2014 8:42,Hired,Male,Sales Department,b9,86726
722315,5/30/2014 16:26,Hired,Female,Service Department,c8,56422
487617,5/30/2014 16:29,Hired,-,Service Department,c8,12470
497227,6/25/2014 11:30,Hired,Male,Operations Department,b9,98380
395332,6/25/2014 14:11,Hired,Male,Operations Department,c8,27105
445648,6/25/2014 14:11,Hired,Female,Operations Department,c8,97712
67339,7/2/2014 9:21,Hired,Female,Operations Department,c5,50925
52355,7/7/2014 14:07,Hired,Male,Operations Department,b9,17672
173134,7/7/2014 14:16,Hired,Male,Operations Department,b9,57532
792293,7/7/2014 14:07,Hired,Don’t want to say,Operations Department,b9,76814
997050,7/13/2014 8:41,Hired,Male,Operations Department,c5,98018
121699,8/2/2014 16:21,Hired,Female,Operations Department,c9,37155
202541,7/12/2014 17:13,Hired,Male,Service Department,c5,17475
486166,7/3/2014 4:36,Hired,Male,Operations Department,c9,43159
88940,7/7/2014 10:59,Hired,Male,Operations Department,c9,60165
888007,7/7/2014 11:01,Hired,Male,Operations Department,c9,73820
542513,7/7/2014 11:03,Hired,Male,Operations Department,c9,89395
293701,7/8/2014 19:23,Hired,Female,Operations Department,c9,54346
967787,7/11/2014 13:38,Hired,Male,Operations Department,c9,71504
260987,8/14/2014 13:50,Hired,Female,General Management,c5,94768
96601,7/24/2014 10:56,Hired,Male,Finance Department,c9,22060
790303,7/9/2014 9:48,Hired,Female,Production Department,c5,11677
671664,6/12/2014 11:32,Hired,Male,Operations Department,c8,33946
510970,6/16/2014 0:38,Hired,Male,Operations Department,i7,44686
257815,6/14/2014 19:01,Hired,Don’t want to say,Marketing Department,c5,4338
465643,6/19/2014 11:36,Hired,Female,Operations Department,c5,8240
207123,7/24/2014 14:12,Hired,Female,Production Department,i6,50682
654389,7/29/2014 2:58,Hired,Male,Production Department,i6,68448
833317,8/10/2014 19:37,Hired,Male,Production Department,i6,35418
346496,8/29/2014 14:21,Hired,Male,Production Department,i6,98295
511315,8/29/2014 14:22,Hired,Female,Production Department,i6,38091
916734,8/31/2014 6:50,Hired,Female,Production Department,i6,62598
623474,6/9/2014 13:33,Hired,Female,Operations Department,i6,51930
13981,6/9/2014 13:38,Hired,Male,Operations Department,i6,19537
573316,6/23/2014 18:36,Hired,Female,Sales Department,c5,45578
425172,6/23/2014 18:33,Hired,Don’t want to say,Sales Department,c5,57474
276411,6/29/2014 17:11,Hired,Male,Sales Department,c5,58403
526283,7/11/2014 12:44,Hired,Male,Production Department,i1,38413
883322,7/11/2014 12:45,Hired,Female,Production Department,i1,12065
123315,7/25/2014 17:13,Hired,Male,Production Department,i1,99331
894740,7/30/2014 19:48,Hired,Male,Operations Department,b9,3138
942753,7/30/2014 19:50,Hired,Female,Operations Department,b9,48718
613831,7/30/2014 19:51,Hired,Female,Operations Department,b9,54821
471695,7/30/2014 19:54,Hired,Female,Operations Department,b9,47876
620292,7/30/2014 19:51,Hired,Female,Operations Department,b9,90453
455567,7/1/2014 12:30,Hired,Male,Operations Department,c5,12897
23486,7/9/2014 19:02,Hired,Male,Operations Department,c5,46842
551411,7/3/2014 16:39,Hired,Male,Operations Department,i1,94625
826335,7/3/2014 16:42,Hired,Male,Operations Department,i1,36904
540235,7/3/2014 16:43,Hired,Male,Operations Department,i1,33760
318071,7/11/2014 12:56,Hired,Female,Operations Department,i1,8454
911802,7/11/2014 12:57,Hired,Male,Operations Department,i1,7568
911477,7/16/2014 7:42,Hired,Male,Operations Department,i1,37212
822268,7/16/2014 7:41,Hired,Female,Operations Department,i1,9158
486463,7/14/2014 13:38,Hired,Male,Service Department,i7,28649
908229,6/24/2014 18:47,Hired,Female,Operations Department,c8,44700
754747,6/19/2014 22:34,Hired,Male,Operations Department,c9,79437
51463,6/21/2014 9:37,Hired,Female,Operations Department,c9,64370
311488,7/6/2014 17:26,Hired,Male,Production Department,c8,12269
175095,6/11/2014 23:15,Hired,Male,Purchase Department,c5,51976
855992,6/18/2014 8:29,Hired,Male,Service Department,c9,90903
229817,6/18/2014 8:27,Hired,Don’t want to say,Service Department,c9,76987
906695,8/16/2014 3:37,Hired,Male,Production Department,c9,46388
846460,8/28/2014 13:23,Hired,Male,Production Department,c9,91417
945509,8/30/2014 20:48,Hired,Male,Service Department,c8,68728
187708,7/21/2014 21:43,Hired,Male,Operations Department,c5,33989
75450,7/31/2014 19:03,Hired,Female,Operations Department,c5,17165
183451,7/3/2014 10:41,Hired,Male,Service Department,b9,9278
957861,7/3/2014 10:42,Hired,Male,Service Department,b9,46236
561126,7/3/2014 10:46,Hired,Male,Service Department,b9,22935
401508,8/7/2014 7:58,Hired,Male,Operations Department,b9,55353
947251,8/12/2014 9:44,Hired,Female,Operations Department,i5,72477
800494,6/28/2014 10:49,Hired,Female,Operations Department,i5,77110
835229,7/11/2014 17:25,Hired,Female,Service Department,c9,73989
678790,7/11/2014 17:28,Hired,Male,Service Department,c9,78359
927124,6/26/2014 16:36,Hired,Male,Operations Department,i6,95976
232315,6/26/2014 16:37,Hired,Male,Operations Department,i6,8300
645912,6/9/2014 15:14,Hired,Female,Service Department,c9,53778
249938,6/9/2014 15:18,Hired,Male,Service Department,c9,4689
680388,7/9/2014 8:20,Hired,Male,Operations Department,i5,50984
379391,8/11/2014 17:38,Hired,Male,Sales Department,c9,80619
182272,8/11/2014 17:40,Hired,Female,Sales Department,c9,6932
489960,8/11/2014 17:37,Hired,Don’t want to say,Sales Department,c9,43920
695427,6/25/2014 18:03,Hired,Male,Operations Department,i7,90323
231247,6/25/2014 18:07,Hired,Male,Operations Department,i7,59167
481258,7/7/2014 16:23,Hired,Female,Operations Department,i7,78543
162500,6/29/2014 7:32,Hired,Male,Production Department,c9,61900
568407,6/29/2014 7:33,Hired,Male,Production Department,c9,72899
394641,6/17/2014 2:56,Hired,Male,Finance Department,c9,25172
585873,8/11/2014 8:59,Hired,Male,Operations Department,i5,90457
495165,8/11/2014 9:02,Hired,Male,Operations Department,i5,98351
636825,7/21/2014 3:21,Hired,Female,Marketing Department,c9,12051
874516,8/14/2014 10:29,Hired,Female,Operations Department,c9,92393
638114,8/14/2014 10:32,Hired,Male,Operations Department,c9,40974
974354,8/15/2014 15:06,Hired,Male,Operations Department,c9,55821
737274,8/22/2014 17:37,Hired,Female,Operations Department,c9,31854
935622,8/26/2014 15:50,Hired,Male,Operations Department,c9,73758
312884,7/25/2014 13:33,Hired,Male,Service Department,c5,95550
520452,7/25/2014 13:34,Hired,Female,Service Department,c5,91387
75320,6/16/2014 23:59,Hired,Female,Service Department,i5,86754
357660,6/18/2014 14:58,Hired,Male,Service Department,i5,32258
603116,6/18/2014 9:47,Hired,Male,Production Department,b9,44583
459090,6/18/2014 9:54,Hired,Male,Production Department,b9,84065
790727,6/25/2014 8:49,Hired,Female,Production Department,b9,18615
749336,6/26/2014 8:59,Hired,Male,Production Department,b9,73876
782123,6/26/2014 9:01,Hired,Male,Production Department,b9,35416
223060,7/15/2014 9:06,Hired,Male,Service Department,i7,41485
792720,7/26/2014 0:14,Hired,Male,Service Department,c8,31304
857597,7/26/2014 0:14,Hired,Female,Service Department,c8,86741
86704,7/26/2014 0:16,Hired,Female,Service Department,c8,10814
405687,7/26/2014 0:18,Hired,Male,Service Department,c8,81410
693654,7/31/2014 18:03,Hired,Male,Service Department,c8,74739
230826,7/23/2014 19:17,Hired,Male,Purchase Department,c5,53591
229281,8/8/2014 17:46,Hired,Male,Sales Department,i7,10461
971094,8/8/2014 17:51,Hired,Female,Sales Department,i7,95713
422942,6/22/2014 14:14,Hired,Male,Operations Department,i7,57973
799388,6/22/2014 14:16,Hired,Male,Operations Department,i7,89685
752774,7/3/2014 7:43,Hired,Male,Operations Department,i7,46769
155967,7/3/2014 7:45,Hired,Male,Operations Department,i7,79213
692637,8/20/2014 12:04,Hired,Male,Purchase Department,c5,68826
893226,8/20/2014 12:04,Hired,Female,Purchase Department,c5,31205
273820,7/4/2014 11:55,Hired,Male,Service Department,c5,76605
64301,7/4/2014 11:58,Hired,Male,Service Department,c5,38076
760667,7/4/2014 12:01,Hired,Female,Service Department,c5,49134
574374,7/10/2014 15:53,Hired,Male,Service Department,c5,54711
634386,8/1/2014 14:36,Hired,Male,Service Department,c5,94007
836089,6/16/2014 10:48,Hired,Male,Sales Department,i5,27358
873507,6/24/2014 16:16,Hired,Male,Sales Department,i5,76732
949965,6/24/2014 16:16,Hired,Male,Sales Department,i5,87388
248804,6/28/2014 10:57,Hired,Female,Sales Department,i5,82436
374625,7/11/2014 6:44,Hired,Female,Production Department,i5,85440
254790,7/11/2014 6:45,Hired,Male,Production Department,i5,77581
892399,7/27/2014 20:16,Hired,Male,Operations Department,c9,79480
327160,8/7/2014 9:54,Hired,Male,Operations Department,b9,17191
288459,7/26/2014 11:30,Hired,Female,Marketing Department,c8,54521
893314,8/26/2014 16:07,Hired,Male,Operations Department,c5,18647
620974,8/26/2014 16:08,Hired,Female,Operations Department,c5,22684
129826,7/30/2014 19:28,Hired,Female,Human Resource Department,c9,24304
800131,7/4/2014 18:01,Hired,Female,Service Department,i7,23739
677760,7/4/2014 18:00,Hired,Female,Service Department,i7,38600
545345,6/26/2014 17:40,Hired,Male,General Management,i5,88457
154197,6/26/2014 17:44,Hired,Female,General Management,i5,56819
153170,7/2/2014 11:14,Hired,Male,General Management,i5,79081
462209,7/18/2014 7:21,Hired,Female,General Management,i5,81726
359954,7/18/2014 7:22,Hired,Female,General Management,i5,3947
18808,7/18/2014 7:22,Hired,Male,General Management,i5,46160
103305,7/18/2014 7:25,Hired,Male,General Management,i5,95960
573332,7/19/2014 14:00,Hired,Male,General Management,i5,46109
874368,7/21/2014 15:39,Hired,Male,General Management,i7,300000
709159,8/9/2014 2:50,Hired,Female,Marketing Department,i7,98589
952623,8/13/2014 10:56,Hired,Male,Marketing Department,i7,72477
851730,8/15/2014 12:37,Hired,Male,Marketing Department,i7,14815
412615,8/15/2014 12:39,Hired,Female,Marketing Department,i7,19732
380221,8/15/2014 12:41,Hired,Female,Marketing Department,i7,76350
386930,8/18/2014 17:59,Hired,Female,Marketing Department,i7,28912
718973,8/27/2014 15:35,Hired,Male,Operations Department,i7,75131
396732,8/27/2014 15:37,Hired,Female,Operations Department,i7,95417
199652,8/27/2014 15:40,Hired,Female,Operations Department,i7,89453
139435,8/30/2014 13:17,Hired,Female,Operations Department,i7,96163
69669,7/2/2014 10:09,Hired,Female,Service Department,b9,43038
695647,7/2/2014 10:11,Hired,Male,Service Department,b9,73636
607894,8/19/2014 16:16,Hired,Female,Sales Department,i7,81434
154851,7/28/2014 7:51,Hired,Female,Operations Department,c9,40678
145730,7/8/2014 20:16,Hired,Male,Service Department,c5,89905
543349,7/17/2014 9:19,Hired,Female,Operations Department,c5,82172
542358,7/4/2014 17:42,Hired,Male,Service Department,i6,45675
104440,8/8/2014 15:57,Hired,Female,Sales Department,c5,47378
966122,8/27/2014 1:55,Hired,Male,Sales Department,c5,27917
596580,8/11/2014 11:54,Hired,Male,Operations Department,i1,51586
511259,7/14/2014 10:03,Hired,Female,Operations Department,c5,83412
302714,8/4/2014 12:42,Hired,Male,Service Department,c5,12210
583914,7/4/2014 14:29,Hired,Don’t want to say,Operations Department,i6,21224
834330,7/3/2014 14:41,Hired,Female,Operations Department,i7,93668
106513,7/8/2014 9:18,Hired,Male,Operations Department,i7,41080
391565,7/20/2014 14:52,Hired,Male,Marketing Department,i7,97633
367054,7/20/2014 14:52,Hired,Don’t want to say,Marketing Department,i7,79412
778954,7/30/2014 15:47,Hired,Male,Marketing Department,i7,13296
36783,8/9/2014 14:34,Hired,Male,Marketing Department,i7,87008
37220,8/2/2014 15:29,Hired,Male,General Management,c9,62736
28774,6/24/2014 16:38,Hired,Male,Finance Department,c9,34528
370183,6/24/2014 16:40,Hired,Male,Finance Department,c9,10604
844485,6/25/2014 16:55,Hired,Male,Service Department,c9,69692
901673,8/1/2014 5:51,Hired,Male,Sales Department,i5,84727
251395,8/20/2014 15:24,Hired,Male,Sales Department,i5,50685
916816,8/20/2014 15:27,Hired,Male,Sales Department,i5,23737
709634,7/5/2014 9:08,Hired,Male,Service Department,c5,5551
41870,7/5/2014 9:08,Hired,Male,Service Department,c5,27131
399763,7/5/2014 9:08,Hired,Don’t want to say,Service Department,c5,57137
160009,7/5/2014 9:09,Hired,Don’t want to say,Service Department,c5,42488
389491,8/1/2014 8:13,Hired,Female,Service Department,c5,2904
446050,6/29/2014 2:40,Hired,Male,Operations Department,c5,6626
109740,7/31/2014 14:17,Hired,Don’t want to say,Operations Department,c5,70642
854593,8/11/2014 16:25,Hired,Male,Service Department,c9,94638
782480,8/11/2014 16:26,Hired,Female,Service Department,c9,90063
892720,8/14/2014 10:03,Hired,Female,Service Department,c9,47772
103929,8/14/2014 10:04,Hired,Male,Service Department,c9,9329
988971,8/27/2014 8:08,Hired,Male,Service Department,c9,69855
986841,8/27/2014 8:13,Hired,Male,Service Department,c9,27125
643645,8/27/2014 8:14,Hired,Female,Service Department,c9,83859
627369,7/1/2014 9:01,Hired,Male,Operations Department,c9,32089
432171,7/8/2014 16:35,Hired,Female,Operations Department,c9,59093
590874,7/10/2014 11:34,Hired,Male,Operations Department,c9,43554
557914,7/10/2014 11:34,Hired,Male,Operations Department,c9,32506
571257,8/9/2014 16:32,Hired,Male,Service Department,c9,47823
380883,8/22/2014 14:58,Hired,Male,Operations Department,c9,1736
879272,8/22/2014 14:59,Hired,Male,Operations Department,c9,34876
196609,8/25/2014 14:05,Hired,Male,Operations Department,c9,72420
459991,8/25/2014 14:06,Hired,Male,Operations Department,c9,20095
491218,8/25/2014 14:08,Hired,Male,Operations Department,c9,20447
227300,8/25/2014 14:09,Hired,Female,Operations Department,c9,73979
441525,8/26/2014 12:19,Hired,Male,Operations Department,c9,14676
708756,8/29/2014 9:33,Hired,Female,Operations Department,c9,5491
690264,8/29/2014 9:34,Hired,Male,Operations Department,c9,56078
141200,7/15/2014 9:28,Hired,Female,Production Department,c5,13231
480305,7/7/2014 8:19,Hired,Female,Service Department,i7,39321
936835,7/4/2014 18:01,Hired,Male,Service Department,i1,25287
936518,7/26/2014 12:34,Hired,Male,Sales Department,c5,94270
547868,7/26/2014 12:38,Hired,Female,Sales Department,c5,16006
623648,7/30/2014 16:38,Hired,Male,Sales Department,c5,43885
778393,8/6/2014 10:55,Hired,Male,Sales Department,c5,80425
303469,8/7/2014 17:33,Hired,Male,Sales Department,c5,89573
222628,8/5/2014 11:28,Hired,Male,Service Department,c9,49818
587367,8/5/2014 11:29,Hired,Male,Service Department,c9,61815
953264,8/5/2014 11:31,Hired,Female,Service Department,c9,67638
503813,8/5/2014 11:35,Hired,Female,Service Department,c9,49576
827357,8/6/2014 9:36,Hired,Male,Service Department,c9,59576
872463,8/6/2014 9:39,Hired,Male,Service Department,c9,28523
818087,8/6/2014 12:33,Hired,Male,Service Department,c9,87399
700240,8/7/2014 12:02,Hired,Female,Service Department,c8,90296
729811,8/7/2014 12:03,Hired,Female,Service Department,c8,79650
869541,8/31/2014 9:41,Hired,Male,Service Department,c8,91974
888534,8/31/2014 9:42,Hired,Male,Service Department,c8,47650
731112,7/28/2014 12:23,Hired,Male,General Management,c9,76723
996481,6/30/2014 9:40,Hired,Male,Operations Department,i7,93419
834463,7/12/2014 15:18,Hired,Male,Operations Department,i1,39744
692268,7/12/2014 15:20,Hired,Male,Operations Department,i1,69959
624206,7/18/2014 11:40,Hired,Male,Operations Department,i1,35514
605602,7/18/2014 11:41,Hired,Female,Operations Department,i1,2434
259302,8/18/2014 18:12,Hired,Male,Service Department,b9,11825
518804,8/18/2014 18:14,Hired,Female,Service Department,b9,77087
513910,8/30/2014 11:06,Hired,Female,Service Department,b9,4412
258883,8/30/2014 11:07,Hired,Male,Service Department,b9,23670
770083,8/18/2014 10:45,Hired,Male,Service Department,b9,7089
354254,8/5/2014 19:52,Hired,Female,Operations Department,b9,16008
197526,8/5/2014 19:55,Hired,Male,Operations Department,b9,54695
970063,7/24/2014 9:07,Hired,Female,Sales Department,c9,48720
420472,7/14/2014 10:31,Hired,Female,Service Department,c8,71926
281083,8/18/2014 7:44,Hired,Don’t want to say,Operations Department,c5,59395
96008,8/29/2014 11:59,Hired,Male,Operations Department,c5,27988
525370,8/7/2014 18:45,Hired,Male,Service Department,c5,57938
432491,8/15/2014 18:21,Hired,Female,Operations Department,c9,58089
847900,8/15/2014 18:24,Hired,Female,Operations Department,c9,14294
705521,7/6/2014 3:02,Hired,Male,Operations Department,i5,59275
321114,7/9/2014 14:06,Hired,Female,Operations Department,i5,40109
628000,8/5/2014 16:13,Hired,Female,Operations Department,i5,22004
116270,8/5/2014 16:19,Hired,Female,Operations Department,i5,27579
600109,8/5/2014 16:14,Hired,Female,Operations Department,i5,83187
375215,8/5/2014 16:19,Hired,Female,Operations Department,i5,26899
110630,8/26/2014 13:44,Hired,Male,Sales Department,i5,44168
524621,8/13/2014 7:49,Hired,Female,Production Department,c5,73548
865378,8/8/2014 8:58,Hired,Male,Operations Department,c5,94326
146265,8/8/2014 8:59,Hired,Female,Operations Department,c5,4718
208615,8/8/2014 8:59,Hired,Female,Operations Department,c5,65660
204048,8/8/2014 9:00,Hired,Female,Operations Department,c5,1459
221640,7/8/2014 0:17,Hired,Male,Purchase Department,i7,31132
28726,7/8/2014 5:24,Hired,Male,Purchase Department,i7,68868
56705,7/8/2014 5:26,Hired,Female,Purchase Department,i7,96176
765479,7/10/2014 18:35,Hired,Female,Purchase Department,i7,75367
934412,7/10/2014 18:36,Hired,Male,Purchase Department,i7,25716
93376,7/10/2014 18:39,Hired,Female,Purchase Department,i7,1898
712244,8/4/2014 12:21,Hired,Female,Service Department,c9,91730
805007,8/4/2014 12:21,Hired,Female,Service Department,c9,13094
248001,7/28/2014 7:00,Hired,Male,Marketing Department,i7,65350
78170,7/28/2014 7:01,Hired,Male,Marketing Department,i7,59930
660766,7/28/2014 7:03,Hired,Female,Marketing Department,i7,40786
763855,8/21/2014 4:55,Hired,Female,Production Department,c9,71965
878494,7/9/2014 8:05,Hired,Male,Sales Department,i6,64880
71115,7/9/2014 8:07,Hired,Male,Sales Department,i6,9218
127367,8/1/2014 14:41,Hired,Female,Sales Department,i5,17756
889557,8/7/2014 14:10,Hired,Male,Sales Department,i5,90750
172491,8/7/2014 14:13,Hired,Male,Sales Department,i5,1487
697705,8/14/2014 14:02,Hired,Female,Sales Department,i5,22705
378642,8/14/2014 14:02,Hired,Female,Sales Department,i5,31580
595032,8/25/2014 13:35,Hired,Female,Sales Department,i5,20625
659404,8/25/2014 13:36,Hired,Female,Sales Department,i5,70280
502782,8/25/2014 13:39,Hired,Male,Sales Department,i5,59304
67400,8/25/2014 13:40,Hired,Female,Sales Department,i5,21456
460072,8/29/2014 12:40,Hired,Male,Sales Department,i5,17249
661750,8/29/2014 12:40,Hired,Male,Sales Department,i5,79134
352604,8/14/2014 15:54,Hired,Male,Operations Department,i7,7285
889932,8/19/2014 10:37,Hired,Male,Operations Department,i7,15541
873565,8/19/2014 10:39,Hired,Male,Operations Department,i7,18044
189409,8/19/2014 19:32,Hired,Don’t want to say,Operations Department,i7,91437
957003,8/20/2014 13:21,Hired,Male,Operations Department,c5,63723
704154,8/21/2014 13:05,Hired,Male,Operations Department,i7,96628
371437,8/10/2014 18:50,Hired,Male,Operations Department,i1,43958
850640,8/22/2014 14:45,Hired,Male,Service Department,i1,34487
594085,8/30/2014 15:46,Hired,Female,Service Department,i1,81770
960222,8/30/2014 15:49,Hired,Female,Service Department,i1,59752
827628,8/30/2014 15:51,Hired,-,Service Department,i1,3134
979734,7/21/2014 9:50,Hired,Female,Service Department,c9,87727
501356,8/20/2014 6:13,Hired,Male,Sales Department,b9,46396
850900,7/19/2014 10:14,Hired,Female,Marketing Department,c9,33625
545529,8/29/2014 18:04,Hired,Don’t want to say,Purchase Department,i7,72979
360983,8/29/2014 18:04,Hired,Don’t want to say,Purchase Department,i7,4822
731292,8/29/2014 18:05,Hired,Don’t want to say,Purchase Department,i7,34964
285598,8/29/2014 18:07,Hired,Don’t want to say,Purchase Department,i7,6281
116263,8/29/2014 18:08,Hired,Don’t want to say,Purchase Department,i7,4158
756365,8/29/2014 8:23,Hired,Male,Service Department,c9,85632
312176,7/26/2014 14:10,Hired,Female,Production Department,c9,67535
930830,7/26/2014 14:12,Hired,Female,Production Department,c9,94539
517554,8/9/2014 14:11,Hired,Male,Production Department,c9,63500
708396,7/14/2014 20:52,Hired,Male,Finance Department,c8,11765
696994,7/30/2014 18:43,Hired,Male,Operations Department,c9,89869
378186,8/13/2014 9:05,Hired,Male,Operations Department,c9,60076
876170,8/13/2014 9:08,Hired,Female,Operations Department,c9,83842
948475,8/13/2014 9:06,Hired,Don’t want to say,Operations Department,c9,9393
403354,8/13/2014 9:07,Hired,Don’t want to say,Operations Department,c9,32949
25433,8/13/2014 9:07,Hired,Don’t want to say,Operations Department,c9,39958
99392,8/28/2014 17:15,Hired,Female,Operations Department,c9,75258
204622,8/5/2014 13:06,Hired,Male,Finance Department,c5,26460
722275,8/27/2014 16:37,Hired,Female,Service Department,i7,68224
444005,8/27/2014 16:37,Hired,Female,Service Department,i7,56572
636684,8/27/2014 16:38,Hired,Female,Service Department,i7,96131
12073,8/14/2014 16:09,Hired,Don’t want to say,Finance Department,i5,54951
324754,8/17/2014 8:21,Hired,Male,Service Department,c9,35967
340934,8/17/2014 8:22,Hired,Male,Service Department,c9,58774
392597,8/16/2014 9:21,Hired,Male,Sales Department,i7,96146
75666,7/26/2014 8:50,Hired,Male,Service Department,i5,43616
916742,7/13/2014 17:38,Hired,Male,Service Department,c9,42174
312546,7/18/2014 16:30,Hired,Male,Service Department,c9,83581
48491,7/18/2014 19:46,Hired,Male,Service Department,b9,48478
88015,8/3/2014 14:19,Hired,Female,Sales Department,c5,3916
47535,8/3/2014 14:20,Hired,Male,Sales Department,c5,94036
392190,8/8/2014 7:58,Hired,Male,Sales Department,i7,57008
865773,8/8/2014 16:06,Hired,Female,Sales Department,c5,97745
924770,8/16/2014 11:41,Hired,Male,Sales Department,i7,68808
949061,8/16/2014 11:42,Hired,Male,Sales Department,i7,78624
651171,8/16/2014 11:45,Hired,Male,Sales Department,i7,37368
557482,8/16/2014 11:46,Hired,Female,Sales Department,i7,62205
653618,8/29/2014 10:52,Hired,Male,Sales Department,i7,53683
664506,8/29/2014 10:54,Hired,Male,Sales Department,i7,20749
441544,8/29/2014 10:54,Hired,Female,Sales Department,i7,20174
457450,8/29/2014 10:55,Hired,Male,Sales Department,i7,28398
624975,7/19/2014 7:17,Hired,Female,Service Department,c9,10013
434314,8/19/2014 13:11,Hired,Male,Operations Department,c9,85078
808943,8/16/2014 8:35,Hired,Male,Service Department,c5,79028
533386,8/18/2014 1:12,Hired,Male,Sales Department,i7,72809
599040,8/23/2014 12:59,Hired,Female,Finance Department,i6,42711
443730,8/31/2014 16:40,Hired,Male,Finance Department,i6,12989
675339,8/6/2014 17:45,Hired,Female,Service Department,b9,34931
408330,7/30/2014 12:28,Hired,Female,Service Department,i6,34413
926123,8/16/2014 12:42,Hired,Male,Operations Department,b9,93385
437507,8/20/2014 7:19,Hired,Female,Operations Department,c9,14415
934902,8/30/2014 8:25,Hired,Female,Operations Department,c9,28498
769054,8/30/2014 8:26,Hired,Female,Operations Department,c9,9896
860465,8/7/2014 10:03,Hired,Male,Human Resource Department,c5,63027
64715,8/7/2014 10:04,Hired,Female,Human Resource Department,c5,36150
49349,7/24/2014 20:03,Hired,Male,Operations Department,c9,43768
386691,8/13/2014 15:16,Hired,Male,Service Department,i7,84298
152421,8/13/2014 15:17,Hired,Female,Service Department,i7,41893
825990,8/11/2014 11:19,Hired,Don’t want to say,Operations Department,c9,27674
67257,8/12/2014 12:25,Hired,Male,Operations Department,c9,44261
634464,8/12/2014 12:23,Hired,Don’t want to say,Operations Department,c9,38721
218982,8/6/2014 16:57,Hired,Female,Operations Department,c9,26623
686184,8/6/2014 16:59,Hired,Male,Operations Department,c9,51585
489117,8/6/2014 17:00,Hired,Male,Operations Department,c9,70665
796140,7/24/2014 17:09,Hired,Male,Operations Department,c5,53587
270561,7/20/2014 7:14,Hired,Male,Sales Department,i7,86238
292796,8/21/2014 16:33,Hired,Female,Operations Department,i6,36116
874458,8/21/2014 16:37,Hired,Male,Operations Department,i6,6376
12977,8/21/2014 16:38,Hired,Male,Operations Department,i6,39477
281289,8/21/2014 16:42,Hired,Male,Operations Department,i6,9884
390664,7/24/2014 15:15,Hired,Male,Service Department,i5,75703
271872,7/24/2014 15:16,Hired,Male,Service Department,i5,13712
617133,7/29/2014 19:28,Hired,Male,Operations Department,c5,95743
922299,8/1/2014 19:34,Hired,Male,Finance Department,c9,69156
628304,7/25/2014 7:58,Hired,Female,Production Department,i7,84894
77091,7/25/2014 7:58,Hired,Female,Production Department,i7,18947
88476,8/4/2014 14:22,Hired,Male,Service Department,i5,13464
531761,8/4/2014 14:23,Hired,Male,Service Department,i5,89903
909449,8/1/2014 0:21,Hired,Male,Service Department,b9,23357
858210,8/4/2014 15:06,Hired,Male,Operations Department,c9,21762
772406,8/4/2014 15:08,Hired,Male,Operations Department,c9,83804
699829,8/20/2014 17:57,Hired,Male,Production Department,c9,9552
183488,8/25/2014 14:50,Hired,Male,Sales Department,i7,86763
100057,8/25/2014 14:48,Hired,Don’t want to say,Sales Department,i7,17148
956166,8/28/2014 19:13,Hired,Male,Sales Department,i7,54008
206905,8/28/2014 19:14,Hired,Female,Sales Department,i7,25986
116199,8/23/2014 12:37,Hired,Male,Sales Department,c8,17225
460624,8/4/2014 14:15,Hired,Female,Operations Department,c5,24951
903125,8/16/2014 15:13,Hired,Female,Operations Department,b9,90575
409466,7/27/2014 15:25,Hired,Male,Service Department,c9,32105
904792,8/6/2014 14:45,Hired,Male,Sales Department,c5,61332
847669,8/6/2014 14:46,Hired,Female,Sales Department,c5,76940
695115,8/6/2014 14:47,Hired,Male,Sales Department,c5,41880
61594,7/31/2014 15:58,Hired,Male,Service Department,c9,51729
356992,8/11/2014 9:26,Hired,Male,Service Department,c9,59231
913059,8/11/2014 9:29,Hired,Female,Service Department,c9,99953
289672,8/13/2014 13:52,Hired,Male,Service Department,c9,15661
437355,8/27/2014 22:59,Hired,Male,Operations Department,b9,14669
316743,8/27/2014 23:00,Hired,Male,Operations Department,b9,29149
269327,8/20/2014 9:29,Hired,Male,Operations Department,i6,56200
583396,8/12/2014 14:24,Hired,Female,Operations Department,i7,23781
669319,8/14/2014 16:49,Hired,Female,Operations Department,i7,26240
318665,8/15/2014 17:58,Hired,Male,Operations Department,i7,75163
704861,8/9/2014 7:34,Hired,Female,Operations Department,i5,1531
320228,8/13/2014 12:27,Hired,Don’t want to say,Operations Department,i5,79469
624192,8/27/2014 15:26,Hired,Male,Operations Department,b9,35057
532022,8/27/2014 15:27,Hired,Female,Operations Department,b9,13471
581911,8/28/2014 22:33,Hired,Male,Operations Department,b9,91047
531613,8/28/2014 22:33,Hired,Don’t want to say,Operations Department,b9,89960
146879,8/18/2014 9:45,Hired,Male,Marketing Department,c9,92058
266563,8/21/2014 10:36,Hired,Male,Service Department,c9,7344
110172,8/22/2014 1:15,Hired,Female,Service Department,c5,75537
100015,8/22/2014 1:20,Hired,Male,Service Department,c5,44764
752676,8/22/2014 1:22,Hired,Male,Service Department,c5,29837
490577,8/26/2014 18:47,Hired,Male,Service Department,i5,1304
458967,8/23/2014 9:09,Hired,Male,Marketing Department,c5,44749
946027,8/29/2014 9:46,Hired,Male,Marketing Department,c5,20875
768917,8/29/2014 9:48,Hired,Female,Marketing Department,c5,56000
533086,8/29/2014 11:39,Hired,Male,Marketing Department,c5,3647
613851,8/29/2014 11:41,Hired,Male,Marketing Department,c5,14304
677458,8/24/2014 15:29,Hired,Female,Sales Department,c5,24645
344074,8/26/2014 10:27,Hired,Male,Sales Department,i5,67373
803512,8/31/2014 15:28,Hired,Male,Operations Department,i5,46056
584195,8/18/2014 23:35,Hired,Male,Operations Department,c5,64298
449644,8/29/2014 14:40,Hired,Female,Human Resource Department,i5,76971
887973,8/22/2014 0:56,Hired,Female,Service Department,b9,38985
497131,8/15/2014 12:22,Hired,Male,Production Department,c9,89428
320464,8/14/2014 18:45,Hired,Female,Operations Department,c5,1611
786222,8/20/2014 17:51,Hired,Male,Operations Department,i6,47286
964206,8/25/2014 9:23,Hired,Male,Service Department,i5,7849
586934,8/29/2014 19:00,Hired,Don’t want to say,Service Department,c9,63159
321440,8/17/2014 12:17,Hired,Female,Production Department,c9,89565
975415,8/17/2014 7:48,Hired,Male,Service Department,c5,86162
683982,8/17/2014 7:49,Hired,Don’t want to say,Service Department,c5,58900
106032,8/22/2014 15:50,Hired,Male,Service Department,i7,16756
166185,8/27/2014 5:01,Hired,Female,Service Department,i7,30952
736189,8/28/2014 17:29,Hired,Male,Service Department,c9,64150
614594,8/28/2014 17:30,Hired,Male,Service Department,c9,40152
493131,8/28/2014 17:32,Hired,Male,Service Department,c9,49282
214261,8/31/2014 1:36,Hired,Female,Service Department,c5,57742
932441,8/31/2014 1:37,Hired,Male,Service Department,c5,69932
686055,8/26/2014 12:14,Hired,Male,Operations Department,c5,54201
176719,5/6/2014 8:08,Rejected,Male,Service Department,c5,70069
429799,5/2/2014 16:28,Rejected,Female,Operations Department,i4,3207
959124,5/6/2014 16:27,Rejected,Male,Sales Department,i7,69904
86642,5/9/2014 13:17,Rejected,Male,Sales Department,i7,11758
434547,5/2/2014 13:11,Rejected,Female,Service Department,i4,49515
518854,5/1/2014 9:00,Rejected,Male,Service Department,n10,26990
742283,5/2/2014 8:11,Rejected,-,Service Department,i5,100
791372,5/1/2014 22:54,Rejected,Male,Operations Department,i1,50351
47857,5/1/2014 22:55,Rejected,Female,Operations Department,i1,38462
834101,5/1/2014 22:53,Rejected,Don’t want to say,Operations Department,i1,82510
985008,5/1/2014 9:41,Rejected,Male,Service Department,i6,52554
935899,5/10/2014 14:17,Rejected,Male,Service Department,i1,88744
851764,5/1/2014 16:01,Rejected,Male,Operations Department,i6,99574
969924,5/1/2014 11:47,Rejected,Male,Finance Department,i1,61432
765579,5/1/2014 9:26,Rejected,Male,Sales Department,i4,87884
924976,5/1/2014 9:26,Rejected,Male,Sales Department,i4,56229
600625,5/2/2014 18:21,Rejected,Male,Service Department,c5,88057
894276,5/2/2014 11:47,Rejected,Male,Operations Department,i4,84513
121909,5/2/2014 12:21,Rejected,Male,Operations Department,i4,23129
176467,5/2/2014 12:21,Rejected,Male,Operations Department,i4,73304
955372,5/2/2014 9:16,Rejected,Female,Sales Department,b9,85176
958058,5/2/2014 13:04,Rejected,Male,Service Department,b9,31854
15712,5/3/2014 0:36,Rejected,Male,Sales Department,i6,11970
443525,5/9/2014 15:40,Rejected,Male,Service Department,i5,2085
577498,5/4/2014 9:41,Rejected,Male,Service Department,m7,41402
959638,5/4/2014 9:44,Rejected,Male,Service Department,i7,48028
442311,5/4/2014 17:32,Rejected,Male,Service Department,i5,22832
300293,5/5/2014 13:25,Rejected,Male,Operations Department,i7,5664
290946,5/5/2014 19:35,Rejected,Male,Purchase Department,i7,89786
622677,5/5/2014 15:41,Rejected,Male,Finance Department,c5,60294
580633,5/5/2014 15:42,Rejected,Male,Finance Department,c5,53465
798741,5/5/2014 15:45,Rejected,Female,Finance Department,c5,2013
39036,5/5/2014 11:41,Rejected,Male,Operations Department,i4,98622
349039,5/6/2014 16:05,Rejected,Male,Operations Department,c5,68666
235574,5/6/2014 21:40,Rejected,Male,Service Department,m6,68466
180166,5/6/2014 4:03,Rejected,Male,Operations Department,b9,27418
249045,5/6/2014 13:26,Rejected,Female,Finance Department,c5,9009
563405,5/6/2014 13:28,Rejected,Female,Finance Department,c5,40831
810490,5/6/2014 13:30,Rejected,Female,Finance Department,c5,85140
565183,5/6/2014 8:40,Rejected,Male,Marketing Department,b9,84675
499643,5/6/2014 9:26,Rejected,Female,Service Department,i4,45288
610176,5/7/2014 14:06,Rejected,Male,Service Department,i4,46980
346219,5/22/2014 10:21,Rejected,Female,Operations Department,i5,25621
310984,5/7/2014 2:13,Rejected,Male,Service Department,i7,6472
357945,5/7/2014 2:13,Rejected,Male,Service Department,i7,25239
188820,5/7/2014 17:58,Rejected,Male,Sales Department,i4,94869
193244,5/7/2014 10:53,Rejected,Male,Operations Department,i6,77157
781620,5/7/2014 15:34,Rejected,Male,Production Department,i4,62894
674051,5/7/2014 15:35,Rejected,Female,Production Department,i4,81261
928902,5/7/2014 16:26,Rejected,Female,Finance Department,b9,59644
22155,5/7/2014 16:26,Rejected,Female,Finance Department,b9,46852
572422,5/7/2014 8:07,Rejected,Male,Sales Department,i7,61488
114584,5/7/2014 8:08,Rejected,Male,Sales Department,i7,
794226,5/7/2014 16:01,Rejected,Male,Service Department,i7,16090
496573,5/7/2014 16:01,Rejected,Male,Service Department,i7,83364
437695,5/13/2014 15:22,Rejected,Male,Service Department,i7,77517
983577,5/8/2014 7:13,Rejected,Male,Service Department,b9,84746
720850,5/8/2014 22:10,Rejected,Male,Sales Department,i6,80600
550914,5/8/2014 3:15,Rejected,Female,Sales Department,i4,18921
735087,5/8/2014 3:16,Rejected,Male,Sales Department,i4,56650
855558,5/8/2014 11:52,Rejected,Female,Production Department,c5,75158
480514,5/8/2014 19:13,Rejected,Female,Operations Department,i1,50125
111017,5/8/2014 19:17,Rejected,Female,Operations Department,i1,11072
63871,5/9/2014 9:58,Rejected,Female,General Management,c5,16236
269231,5/9/2014 12:28,Rejected,Female,General Management,i5,67557
45301,5/9/2014 12:30,Rejected,Female,General Management,i5,74863
499649,5/9/2014 17:27,Rejected,Female,Operations Department,i4,33331
475118,5/9/2014 14:10,Rejected,Female,Operations Department,i4,6911
556899,5/9/2014 14:11,Rejected,Female,Operations Department,i4,9397
879830,5/10/2014 20:03,Rejected,Male,Sales Department,i4,25582
773816,5/10/2014 20:09,Rejected,Female,Sales Department,i4,31548
316208,5/10/2014 17:30,Rejected,Male,Service Department,i5,19218
244695,5/10/2014 3:16,Rejected,Male,Service Department,i4,20095
702304,5/12/2014 8:24,Rejected,Don’t want to say,Operations Department,i6,45539
788145,5/12/2014 18:26,Rejected,Male,Service Department,c5,80465
841217,5/12/2014 18:26,Rejected,Male,Service Department,c5,85634
599654,5/13/2014 18:40,Rejected,Male,Marketing Department,i1,97081
644226,5/13/2014 18:42,Rejected,Female,Marketing Department,i1,73532
368184,5/13/2014 9:18,Rejected,Female,Operations Department,i7,19130
658727,5/13/2014 17:44,Rejected,Female,Operations Department,c5,41577
244207,5/13/2014 17:46,Rejected,Female,Operations Department,c5,9681
468867,5/13/2014 18:56,Rejected,Female,General Management,c5,23446
495899,5/13/2014 18:56,Rejected,Female,General Management,c5,17748
217101,5/13/2014 11:00,Rejected,Female,Operations Department,i4,19261
377976,5/21/2014 14:41,Rejected,Female,Operations Department,i4,19035
796234,5/14/2014 13:28,Rejected,Male,Service Department,c8,55777
736087,5/14/2014 13:30,Rejected,Male,Service Department,c8,91475
17030,5/14/2014 13:32,Rejected,Female,Service Department,c8,21244
677063,5/14/2014 18:07,Rejected,Male,Marketing Department,c5,6564
656629,5/14/2014 15:03,Rejected,Female,Finance Department,i4,79762
831439,5/14/2014 15:06,Rejected,Female,Finance Department,i4,69765
243961,5/14/2014 15:50,Rejected,Male,Purchase Department,c5,30809
385418,5/16/2014 11:58,Rejected,Don’t want to say,Service Department,b9,3527
956145,5/15/2014 8:27,Rejected,Male,Sales Department,c5,78988
730676,5/15/2014 8:27,Rejected,Male,Sales Department,c5,34674
255026,5/15/2014 8:27,Rejected,Male,Sales Department,c5,56938
404918,5/15/2014 8:27,Rejected,Male,Sales Department,c5,21848
809992,5/15/2014 16:17,Rejected,Male,Marketing Department,c5,55595
361096,5/15/2014 9:56,Rejected,Male,Service Department,c-10,9390
691216,5/15/2014 9:56,Rejected,Male,Service Department,c-10,67066
567661,5/15/2014 9:57,Rejected,Male,Service Department,c-10,8723
412827,5/15/2014 15:57,Rejected,Male,Service Department,c-10,76789
912261,5/15/2014 13:48,Rejected,Male,Sales Department,i5,59625
574621,5/15/2014 11:29,Rejected,Female,Operations Department,i7,31546
105729,5/15/2014 16:13,Rejected,Male,Service Department,c-10,80817
961551,5/15/2014 20:41,Rejected,Male,Operations Department,i6,31050
19370,5/16/2014 9:57,Rejected,Female,Service Department,i4,62082
462721,5/16/2014 16:49,Rejected,Male,Operations Department,i4,26530
132154,5/16/2014 18:07,Rejected,Don’t want to say,Human Resource Department,i5,82599
735179,5/29/2014 9:20,Rejected,Male,Production Department,i7,25931
813519,5/29/2014 9:19,Rejected,Don’t want to say,Production Department,i7,83585
830139,5/19/2014 0:05,Rejected,Don’t want to say,Operations Department,i4,2103
883717,5/18/2014 16:21,Rejected,Male,Operations Department,i4,3947
583818,5/18/2014 17:49,Rejected,Male,Service Department,i7,95633
192500,5/18/2014 17:53,Rejected,Male,Operations Department,i6,78192
303466,5/19/2014 13:17,Rejected,Male,Production Department,c-10,81257
549934,5/19/2014 13:18,Rejected,Male,Production Department,c-10,59735
730191,5/19/2014 15:25,Rejected,Female,General Management,i5,13753
151361,5/20/2014 18:56,Rejected,Female,Service Department,c8,87397
299540,5/20/2014 17:03,Rejected,Female,General Management,c-10,98404
66952,5/20/2014 17:04,Rejected,Male,General Management,c-10,58443
372707,5/20/2014 17:05,Rejected,Female,General Management,c-10,92123
101674,5/20/2014 9:49,Rejected,Male,Production Department,c5,78365
542532,5/20/2014 9:51,Rejected,Female,Production Department,c5,43729
626271,5/20/2014 9:49,Rejected,Don’t want to say,Production Department,c5,84745
942393,5/20/2014 16:02,Rejected,Male,Purchase Department,i4,71981
646468,5/21/2014 8:56,Rejected,Male,Service Department,i4,47396
29796,5/21/2014 8:57,Rejected,Male,Service Department,i4,31993
484007,5/21/2014 8:59,Rejected,Male,Service Department,i4,38842
485806,5/21/2014 8:58,Rejected,Female,Service Department,i4,98316
34378,5/21/2014 14:21,Rejected,Female,Service Department,i7,80894
745574,5/21/2014 14:21,Rejected,Male,Service Department,i7,84147
508134,5/21/2014 14:24,Rejected,Male,Service Department,i7,65393
826902,5/21/2014 12:35,Rejected,Female,Finance Department,c-10,23823
25028,5/21/2014 18:45,Rejected,Male,Service Department,c5,35787
891404,5/21/2014 18:03,Rejected,Male,Service Department,i4,51426
456232,5/21/2014 17:35,Rejected,Male,Service Department,i4,23558
488788,5/21/2014 15:06,Rejected,Male,Sales Department,c5,65543
304630,5/21/2014 16:05,Rejected,Male,Service Department,c8,2686
382693,5/21/2014 16:06,Rejected,Female,Service Department,c8,87084
150277,5/22/2014 22:18,Rejected,Male,Sales Department,c-10,91928
827372,5/22/2014 9:09,Rejected,Male,Service Department,i7,28224
761496,5/22/2014 11:51,Rejected,Female,Finance Department,i4,11052
406013,5/22/2014 14:03,Rejected,Male,Production Department,i7,39389
515475,5/22/2014 18:09,Rejected,Male,Sales Department,i5,79905
29574,5/22/2014 18:10,Rejected,Female,Sales Department,i5,45265
183456,5/22/2014 23:57,Rejected,Male,Service Department,i4,68579
524606,5/22/2014 16:49,Rejected,Male,Operations Department,i5,29743
206017,5/22/2014 10:30,Rejected,Male,Service Department,i4,48490
855219,5/23/2014 16:24,Rejected,Male,Service Department,c8,96918
725295,5/27/2014 16:26,Rejected,Male,Operations Department,c-10,45985
328190,5/26/2014 14:51,Rejected,Male,Purchase Department,c-10,58037
634463,5/26/2014 13:24,Rejected,Male,Marketing Department,i7,21913
721691,5/26/2014 1:43,Rejected,Female,Finance Department,c8,48957
872878,5/26/2014 15:07,Rejected,Male,Production Department,i5,22549
910501,5/26/2014 15:08,Rejected,Male,Production Department,i5,13490
437082,5/26/2014 3:02,Rejected,Male,Operations Department,i4,88483
693950,5/26/2014 13:44,Rejected,Male,Service Department,c8,20489
213968,5/26/2014 14:43,Rejected,Male,Operations Department,i4,33603
968918,5/27/2014 9:55,Rejected,Male,Operations Department,i6,86860
417540,5/27/2014 19:43,Rejected,Male,Marketing Department,c-10,2121
180642,5/27/2014 19:44,Rejected,Male,Marketing Department,c-10,69642
231975,5/27/2014 14:14,Rejected,Female,Operations Department,i4,31465
550693,5/27/2014 14:18,Rejected,Male,Operations Department,i4,79788
359390,5/27/2014 17:17,Rejected,Male,Operations Department,i7,87516
456321,5/27/2014 17:20,Rejected,Male,Operations Department,i7,18830
481220,5/27/2014 10:58,Rejected,Male,Service Department,i7,58968
387131,5/27/2014 10:59,Rejected,Male,Service Department,i7,95697
723507,5/27/2014 12:26,Rejected,Female,General Management,c5,55511
874807,5/27/2014 12:27,Rejected,Female,General Management,c5,81603
501620,5/27/2014 12:28,Rejected,Female,General Management,c5,58559
265784,5/28/2014 12:02,Rejected,Female,Finance Department,i5,59628
773059,5/28/2014 11:23,Rejected,Male,Operations Department,i4,25881
876247,5/28/2014 0:32,Rejected,Male,Operations Department,i7,25873
65835,6/13/2014 14:31,Rejected,Female,Operations Department,i7,30886
937743,5/28/2014 11:16,Rejected,Male,Marketing Department,c5,52971
865692,5/28/2014 10:40,Rejected,Male,Operations Department,c-10,77581
913308,5/28/2014 4:56,Rejected,Male,Production Department,i6,65249
439628,5/29/2014 15:47,Rejected,Male,Operations Department,i7,5510
587939,5/29/2014 12:15,Rejected,Male,Operations Department,i6,28753
363830,5/29/2014 8:54,Rejected,Male,Purchase Department,c5,41908
524904,5/29/2014 8:56,Rejected,Female,Purchase Department,c5,66608
821717,5/29/2014 17:07,Rejected,Male,Service Department,c5,5900
24310,5/29/2014 12:24,Rejected,Male,Service Department,i4,63559
906700,5/30/2014 18:46,Rejected,Male,Operations Department,b9,55465
772644,5/30/2014 8:07,Rejected,Male,Service Department,c-10,56488
79758,5/30/2014 8:09,Rejected,Male,Service Department,c-10,55553
181028,6/4/2014 7:20,Rejected,Female,Operations Department,c8,2747
582449,6/4/2014 7:21,Rejected,Male,Operations Department,c8,50000
413388,5/30/2014 9:14,Rejected,Don’t want to say,Operations Department,i4,77422
517354,5/31/2014 13:07,Rejected,Male,Purchase Department,i4,2988
842308,6/1/2014 13:36,Rejected,Male,Service Department,i7,4426
657117,6/2/2014 22:30,Rejected,Male,Operations Department,i4,56255
22963,6/2/2014 22:33,Rejected,Female,Operations Department,i4,53806
201095,6/2/2014 22:35,Rejected,Male,Operations Department,i4,7775
880451,6/2/2014 7:13,Rejected,Male,Operations Department,b9,90362
333678,6/2/2014 11:21,Rejected,Male,Operations Department,b9,59001
20595,6/2/2014 13:08,Rejected,Male,Production Department,c8,57407
12320,6/2/2014 13:10,Rejected,Male,Production Department,c8,56727
68151,6/3/2014 12:44,Rejected,Male,Service Department,c-10,86486
379251,6/3/2014 12:15,Rejected,Male,Sales Department,i5,25492
540849,6/3/2014 12:15,Rejected,Male,Sales Department,i5,38787
238948,6/3/2014 17:40,Rejected,Male,Production Department,b9,7104
840739,6/3/2014 23:15,Rejected,Female,Purchase Department,c-10,42449
944802,6/3/2014 10:57,Rejected,Male,Service Department,c5,91116
598089,6/3/2014 13:19,Rejected,Female,Service Department,i4,15689
947903,6/3/2014 8:24,Rejected,Male,Service Department,i4,13459
578768,6/3/2014 20:45,Rejected,Male,Service Department,c8,18013
787584,6/4/2014 12:27,Rejected,Male,Human Resource Department,i5,80309
506061,6/4/2014 21:38,Rejected,Male,Operations Department,c5,52054
832162,6/4/2014 21:40,Rejected,Male,Operations Department,c5,72134
717149,6/4/2014 7:56,Rejected,Male,Operations Department,b9,60135
33558,6/4/2014 7:57,Rejected,Male,Operations Department,b9,99019
806798,6/4/2014 13:17,Rejected,Female,Operations Department,i7,8399
817082,6/4/2014 13:19,Rejected,Female,Operations Department,i7,47617
524956,6/5/2014 10:40,Rejected,Male,Service Department,i5,20944
422877,6/5/2014 15:38,Rejected,Male,Purchase Department,i5,47241
140614,6/5/2014 1:45,Rejected,Male,Operations Department,i6,46314
508051,6/5/2014 4:15,Rejected,Male,Operations Department,c8,68865
868204,6/5/2014 13:39,Rejected,Male,Operations Department,i4,57536
516379,6/5/2014 17:25,Rejected,Female,Service Department,i4,29273
831633,6/5/2014 17:05,Rejected,Male,Service Department,c8,3046
623164,6/5/2014 15:11,Rejected,Male,Service Department,i4,12775
504281,6/5/2014 16:14,Rejected,Male,Operations Department,i1,10296
951881,6/5/2014 16:07,Rejected,Male,Service Department,i4,72083
147127,6/5/2014 8:17,Rejected,Male,Operations Department,i1,83490
294893,6/6/2014 8:39,Rejected,Male,Sales Department,i5,8571
206532,6/6/2014 8:42,Rejected,Female,Sales Department,i5,72786
481356,6/14/2014 4:22,Rejected,Female,Production Department,c9,34472
39266,6/6/2014 17:28,Rejected,Male,Service Department,c5,22817
104660,6/6/2014 18:01,Rejected,Male,Operations Department,i7,19495
284817,6/7/2014 2:51,Rejected,Female,Finance Department,c9,29015
635035,6/7/2014 2:52,Rejected,Female,Finance Department,c9,95642
480056,6/8/2014 14:15,Rejected,Male,Marketing Department,b9,44936
679609,6/8/2014 14:17,Rejected,Male,Marketing Department,b9,15545
427013,6/8/2014 18:56,Rejected,Male,Operations Department,b9,91976
894420,6/8/2014 17:29,Rejected,Male,Sales Department,c9,86412
858212,7/2/2014 17:23,Rejected,Male,Operations Department,c5,58078
818753,6/9/2014 3:20,Rejected,Male,Marketing Department,c9,33587
987341,6/9/2014 13:23,Rejected,Male,Sales Department,c5,15334
594873,6/9/2014 13:24,Rejected,Male,Sales Department,c5,39688
139046,6/9/2014 13:25,Rejected,Male,Sales Department,c5,60263
359285,6/9/2014 13:29,Rejected,Male,Sales Department,c9,22123
651596,6/9/2014 23:58,Rejected,Female,Service Department,i5,12750
687198,6/9/2014 0:37,Rejected,Male,Service Department,c5,64093
808956,6/9/2014 19:26,Rejected,Male,Service Department,c8,1659
643354,6/9/2014 18:54,Rejected,Male,Service Department,c8,51235
797497,6/9/2014 23:25,Rejected,Male,Service Department,c9,76959
214058,6/9/2014 23:28,Rejected,Male,Service Department,c9,53154
899341,6/10/2014 10:55,Rejected,Male,Operations Department,i7,77767
220067,6/10/2014 12:05,Rejected,Male,Operations Department,i6,15266
251517,6/10/2014 12:05,Rejected,Male,Operations Department,i6,87908
915603,6/10/2014 17:48,Rejected,Male,Operations Department,b9,44588
117676,6/10/2014 0:11,Rejected,Male,Service Department,c8,83450
106504,6/10/2014 0:11,Rejected,Male,Service Department,c8,61895
495662,6/11/2014 13:32,Rejected,Male,Production Department,c9,77165
821506,6/11/2014 17:55,Rejected,Male,Operations Department,c-10,35386
145895,6/11/2014 12:30,Rejected,Male,Sales Department,i5,18209
867135,6/11/2014 12:31,Rejected,Male,Sales Department,i5,78364
228826,6/11/2014 6:19,Rejected,Female,General Management,c9,73850
812681,6/11/2014 0:42,Rejected,Male,Service Department,c8,22913
272553,6/12/2014 8:30,Rejected,Female,General Management,i6,69011
781537,6/12/2014 12:58,Rejected,Male,Service Department,c9,49388
919066,6/12/2014 12:55,Rejected,Male,Sales Department,i6,26296
295087,6/12/2014 11:52,Rejected,Male,Service Department,c5,63091
448658,6/12/2014 11:53,Rejected,Male,Service Department,c5,75179
98630,6/12/2014 3:25,Rejected,Female,Operations Department,c5,57640
589650,6/12/2014 15:50,Rejected,Male,Marketing Department,i6,70774
385568,6/13/2014 7:06,Rejected,Male,Sales Department,i7,46995
422447,6/13/2014 7:09,Rejected,Female,Sales Department,i7,88883
140135,6/14/2014 11:28,Rejected,Male,Sales Department,c8,52605
278058,6/14/2014 15:55,Rejected,Male,Service Department,c5,24232
155879,6/15/2014 12:08,Rejected,Male,Operations Department,c5,87290
690984,6/15/2014 16:18,Rejected,Male,Service Department,c5,80410
860350,6/15/2014 16:19,Rejected,Male,Service Department,c5,76864
129706,6/16/2014 11:26,Rejected,Male,Marketing Department,i5,91589
450279,6/16/2014 15:10,Rejected,Female,General Management,i5,80347
184057,6/16/2014 2:47,Rejected,Male,Marketing Department,i7,2360
595958,6/16/2014 2:47,Rejected,Male,Marketing Department,i7,84718
321811,6/27/2014 15:54,Rejected,Male,Marketing Department,i7,5024
728259,7/4/2014 15:37,Rejected,Male,Operations Department,i6,96553
378829,7/4/2014 15:39,Rejected,Male,Operations Department,i6,68165
882121,6/16/2014 17:03,Rejected,Male,Operations Department,i7,69497
960400,6/16/2014 7:31,Rejected,Male,Sales Department,i7,44449
292179,6/16/2014 10:20,Rejected,Male,Operations Department,c9,64722
675024,6/16/2014 10:04,Rejected,Male,Operations Department,i5,1516
660727,7/7/2014 16:23,Rejected,Male,Production Department,i6,5408
833229,7/7/2014 16:24,Rejected,Male,Production Department,i6,91891
703438,6/17/2014 19:50,Rejected,Male,Sales Department,i5,68761
306707,6/17/2014 12:56,Rejected,Male,Operations Department,c-10,68773
174113,6/17/2014 11:11,Rejected,Male,Service Department,i5,80424
793265,6/17/2014 13:31,Rejected,Male,Service Department,c9,22786
71650,6/17/2014 9:43,Rejected,Male,Service Department,i6,13682
978878,6/17/2014 9:41,Rejected,Don’t want to say,Service Department,i6,23580
124924,6/17/2014 8:56,Rejected,Male,Operations Department,i7,62508
570987,6/20/2014 1:06,Rejected,Female,Operations Department,i1,55211
159009,6/18/2014 16:32,Rejected,Don’t want to say,Service Department,c8,6337
431469,6/18/2014 23:53,Rejected,Male,Service Department,c9,42782
87527,6/18/2014 15:17,Rejected,Male,Service Department,i5,68759
749355,6/18/2014 11:59,Rejected,Male,Marketing Department,c-10,93633
427831,6/18/2014 12:11,Rejected,Male,Operations Department,c9,66048
17608,6/18/2014 12:12,Rejected,Male,Operations Department,c9,22580
14313,6/18/2014 10:30,Rejected,Male,Operations Department,i5,9609
777059,6/18/2014 12:38,Rejected,Male,Service Department,c5,30344
249616,6/18/2014 12:40,Rejected,Male,Service Department,c5,35271
655469,6/18/2014 17:20,Rejected,Male,Service Department,c9,12642
990771,6/18/2014 17:21,Rejected,Male,Service Department,c9,54606
963868,6/18/2014 17:21,Rejected,Male,Service Department,c9,73842
228644,6/18/2014 14:26,Rejected,Male,Service Department,c5,82625
840497,6/19/2014 12:47,Rejected,Female,Finance Department,c5,72452
612764,6/19/2014 15:51,Rejected,Female,Production Department,c5,65012
140937,6/19/2014 14:49,Rejected,Male,Marketing Department,i7,27197
157059,6/19/2014 16:48,Rejected,Male,Production Department,c9,25222
18776,6/19/2014 17:44,Rejected,Male,Purchase Department,i1,62050
316797,6/20/2014 9:56,Rejected,Male,Operations Department,c-10,38779
339313,6/20/2014 15:26,Rejected,Female,General Management,c9,21220
58885,6/20/2014 15:31,Rejected,Female,General Management,c9,73385
469633,6/20/2014 9:45,Rejected,Male,Sales Department,i6,62700
604341,6/20/2014 9:46,Rejected,Male,Sales Department,i6,30898
252378,6/20/2014 17:19,Rejected,Male,Operations Department,c-10,13370
870897,6/20/2014 15:08,Rejected,Male,Service Department,i5,12608
445431,6/20/2014 15:09,Rejected,Male,Service Department,i5,44717
931047,6/20/2014 15:11,Rejected,Don’t want to say,Service Department,i5,47860
496033,6/20/2014 16:40,Rejected,Female,Finance Department,c9,38102
278631,6/20/2014 13:35,Rejected,Male,Operations Department,i5,71755
239190,6/20/2014 12:59,Rejected,Male,Operations Department,c9,1216
468968,6/20/2014 11:40,Rejected,Male,Service Department,c5,44445
647156,6/21/2014 16:34,Rejected,Don’t want to say,Operations Department,c5,90879
219236,6/21/2014 14:25,Rejected,Don’t want to say,Marketing Department,c9,28592
783405,6/22/2014 16:01,Rejected,Male,Service Department,c9,7539
139588,6/22/2014 12:41,Rejected,Male,Service Department,c5,86287
151914,6/22/2014 2:39,Rejected,Don’t want to say,Operations Department,c5,71079
813774,6/22/2014 2:40,Rejected,Don’t want to say,Operations Department,c5,89547
787490,6/22/2014 14:55,Rejected,Male,Operations Department,c-10,42500
507412,6/22/2014 14:56,Rejected,Male,Operations Department,c-10,81722
529792,6/22/2014 15:00,Rejected,Female,Operations Department,c-10,89323
48507,6/22/2014 9:11,Rejected,Male,Service Department,c9,93685
397684,6/23/2014 16:41,Rejected,Male,Operations Department,i7,98488
860109,6/23/2014 16:22,Rejected,Male,Service Department,c9,80153
381855,6/23/2014 16:23,Rejected,Male,Service Department,c9,18933
26091,6/23/2014 17:43,Rejected,Male,Sales Department,c-10,58760
849322,6/23/2014 8:58,Rejected,Male,Operations Department,c9,92747
842644,6/23/2014 15:57,Rejected,Male,Production Department,i7,45000
500389,6/23/2014 10:49,Rejected,Male,Operations Department,i6,21609
887205,6/23/2014 10:14,Rejected,Male,Sales Department,i5,69826
724771,6/23/2014 10:14,Rejected,Male,Sales Department,i5,66193
141903,6/24/2014 20:10,Rejected,Male,Service Department,b9,4417
746731,6/24/2014 18:05,Rejected,Male,Operations Department,c9,28392
39116,6/24/2014 0:33,Rejected,Male,Operations Department,b9,58099
832026,6/24/2014 7:17,Rejected,Female,Finance Department,c9,64733
103409,6/24/2014 19:13,Rejected,Female,Service Department,i1,84778
842023,6/25/2014 11:25,Rejected,Male,Service Department,c9,57572
224305,6/25/2014 17:50,Rejected,Male,Service Department,c9,9137
930428,6/25/2014 11:55,Rejected,Male,Service Department,c8,79329
904609,6/25/2014 11:57,Rejected,Male,Service Department,c8,7154
213385,6/25/2014 12:20,Rejected,Female,General Management,c9,77882
52581,6/25/2014 15:39,Rejected,Female,Operations Department,i5,8361
205409,6/25/2014 19:58,Rejected,Female,Service Department,i7,88469
465488,6/26/2014 18:07,Rejected,Male,Operations Department,c9,7807
218937,7/4/2014 7:37,Rejected,Don’t want to say,Sales Department,b9,55512
692071,6/26/2014 8:19,Rejected,Male,Sales Department,c-10,31271
796498,6/26/2014 11:59,Rejected,Male,Operations Department,i1,82745
167582,6/26/2014 9:02,Rejected,Male,Purchase Department,i7,97823
170195,6/26/2014 9:04,Rejected,Male,Purchase Department,i7,75871
245448,6/26/2014 9:05,Rejected,Female,Purchase Department,i7,3381
106736,7/11/2014 10:44,Rejected,Female,Operations Department,i7,47122
910150,6/27/2014 13:51,Rejected,Male,Operations Department,c5,51779
926942,6/30/2014 9:54,Rejected,Male,Operations Department,c5,62255
728782,6/27/2014 5:19,Rejected,Male,Service Department,c-10,95458
118021,6/27/2014 18:02,Rejected,Male,Service Department,b9,66336
459625,6/27/2014 8:08,Rejected,Male,Operations Department,c-10,4887
95500,6/27/2014 15:51,Rejected,Male,Sales Department,c9,28931
405195,6/27/2014 14:12,Rejected,Male,Sales Department,c-10,26238
86468,6/27/2014 10:25,Rejected,Male,Operations Department,c-10,71021
369294,6/27/2014 14:12,Rejected,Male,Service Department,c5,6008
758632,6/27/2014 14:14,Rejected,Male,Service Department,c5,4748
58792,6/27/2014 18:41,Rejected,Male,Service Department,c5,3265
185368,6/27/2014 18:42,Rejected,Male,Service Department,c5,1079
760150,6/27/2014 2:57,Rejected,Male,Operations Department,i5,54810
879614,6/27/2014 2:58,Rejected,Female,Operations Department,i5,38722
388194,6/28/2014 15:42,Rejected,Male,Purchase Department,i5,61652
981989,6/28/2014 0:06,Rejected,Male,Service Department,i5,84733
224545,6/28/2014 13:43,Rejected,Female,Sales Department,i5,69498
94365,6/28/2014 16:30,Rejected,Male,Operations Department,c8,48728
102178,6/28/2014 16:32,Rejected,Male,Operations Department,c8,86589
790311,6/28/2014 7:12,Rejected,Male,Sales Department,c9,21392
147125,6/29/2014 0:36,Rejected,Male,Operations Department,c5,53789
819071,6/29/2014 0:37,Rejected,Male,Operations Department,c5,93280
524867,6/29/2014 12:38,Rejected,Male,Service Department,i7,83659
253780,6/30/2014 16:12,Rejected,Male,Service Department,i5,9436
780674,6/30/2014 10:32,Rejected,Male,Marketing Department,i7,4760
686874,6/30/2014 16:38,Rejected,Male,Service Department,i5,76824
568925,6/30/2014 18:53,Rejected,Male,Marketing Department,i6,38429
293063,6/30/2014 14:40,Rejected,Female,Sales Department,i5,72632
818735,6/30/2014 7:16,Rejected,Male,Purchase Department,i6,74961
612260,7/1/2014 14:30,Rejected,Female,Production Department,c5,33821
330494,7/1/2014 12:46,Rejected,Male,Operations Department,c5,52362
126343,7/1/2014 15:09,Rejected,Male,Service Department,c-10,47976
23469,7/14/2014 18:36,Rejected,Male,Sales Department,c9,31246
138200,7/1/2014 16:27,Rejected,Male,Sales Department,i6,59446
767146,7/1/2014 1:39,Rejected,Female,Service Department,i1,95355
778898,7/1/2014 9:46,Rejected,Male,Service Department,c9,29566
925339,7/1/2014 9:47,Rejected,Male,Service Department,c9,8573
408232,7/1/2014 18:30,Rejected,Male,Service Department,i5,21305
940730,7/4/2014 15:40,Rejected,Male,Service Department,c-10,93487
777656,7/1/2014 14:49,Rejected,Male,Operations Department,i1,90379
67082,7/2/2014 12:10,Rejected,Male,Operations Department,i5,18221
518050,7/2/2014 2:11,Rejected,Male,Sales Department,c5,47754
532479,7/2/2014 17:06,Rejected,Male,Purchase Department,i5,1917
312444,7/2/2014 12:04,Rejected,Female,Finance Department,c5,2365
123836,7/2/2014 12:05,Rejected,Female,Finance Department,c5,77828
870269,7/3/2014 9:12,Rejected,Male,Operations Department,i5,21542
59370,7/3/2014 9:13,Rejected,Female,Operations Department,i5,7651
257346,7/3/2014 18:40,Rejected,Male,Operations Department,c9,51074
449755,7/16/2014 12:29,Rejected,Female,Operations Department,c9,65247
622008,7/10/2014 8:03,Rejected,Male,Operations Department,c9,68417
612651,7/3/2014 7:23,Rejected,Male,Service Department,c8,42315
816780,7/3/2014 7:24,Rejected,Female,Service Department,c8,15247
46893,7/4/2014 9:17,Rejected,Male,Sales Department,i7,92525
537285,7/4/2014 9:18,Rejected,Male,Sales Department,i7,19689
779410,7/4/2014 3:57,Rejected,Male,Sales Department,c5,94544
251737,7/4/2014 18:17,Rejected,Male,Operations Department,c5,94390
413637,7/4/2014 18:18,Rejected,Male,Operations Department,c5,36198
48899,7/4/2014 18:27,Rejected,Male,Operations Department,c5,80594
943501,7/4/2014 16:36,Rejected,Male,Production Department,c9,88876
515701,7/4/2014 16:38,Rejected,Male,Production Department,c9,31190
59145,7/4/2014 9:27,Rejected,Female,Finance Department,b9,2538
530199,7/4/2014 9:30,Rejected,Female,Finance Department,b9,17383
903278,7/4/2014 8:47,Rejected,Female,Service Department,i5,77813
417031,7/4/2014 18:03,Rejected,Female,Service Department,i6,34639
676366,7/5/2014 8:41,Rejected,Male,Operations Department,i5,21508
440851,7/6/2014 5:35,Rejected,Male,Operations Department,i7,48518
351047,8/12/2014 22:33,Rejected,Male,Operations Department,c8,80717
605824,7/6/2014 18:50,Rejected,Male,Service Department,b9,64125
556389,7/7/2014 22:53,Rejected,Male,Operations Department,i6,26122
991784,7/7/2014 14:18,Rejected,Male,Operations Department,i5,48322
529405,7/7/2014 13:43,Rejected,Male,Sales Department,c9,39401
648961,7/7/2014 15:15,Rejected,Male,Operations Department,c-10,44749
134062,7/7/2014 15:19,Rejected,Female,Operations Department,c-10,85011
262036,7/7/2014 15:20,Rejected,Female,Operations Department,c-10,26029
609084,7/8/2014 9:02,Rejected,Male,Operations Department,c9,74420
130175,7/8/2014 14:15,Rejected,Male,Sales Department,c5,58107
584172,7/8/2014 14:16,Rejected,Male,Sales Department,c5,45147
938043,7/8/2014 14:20,Rejected,Male,Sales Department,c5,57156
780341,7/8/2014 15:52,Rejected,Male,Purchase Department,b9,74883
283658,7/8/2014 13:23,Rejected,Female,Finance Department,i5,54286
55307,7/8/2014 13:25,Rejected,Female,Finance Department,i5,65095
730650,7/8/2014 13:27,Rejected,Female,Finance Department,i5,43130
629045,7/8/2014 7:28,Rejected,Male,Service Department,c9,37807
286384,7/8/2014 7:31,Rejected,Female,Service Department,c9,87684
220619,7/12/2014 13:41,Rejected,Female,Service Department,i6,68181
764883,7/12/2014 13:41,Rejected,Male,Service Department,i6,13220
548492,7/8/2014 22:49,Rejected,Male,Service Department,i5,92717
42449,7/8/2014 11:49,Rejected,Male,Service Department,b9,80398
213478,7/8/2014 14:42,Rejected,Male,Sales Department,c-10,4382
74289,7/8/2014 14:44,Rejected,Male,Sales Department,c-10,29961
630342,7/9/2014 8:33,Rejected,Female,Service Department,c5,40574
245583,7/10/2014 14:02,Rejected,Female,Operations Department,i6,13852
358167,7/9/2014 17:18,Rejected,Male,Operations Department,i7,24761
687917,7/9/2014 13:44,Rejected,Male,Operations Department,c-10,64003
837553,7/9/2014 13:44,Rejected,Female,Operations Department,c-10,36712
896428,7/9/2014 8:33,Rejected,Male,Operations Department,i6,32711
21454,7/10/2014 4:26,Rejected,Female,Operations Department,i7,73315
892394,7/10/2014 12:56,Rejected,Female,Finance Department,i6,56805
255391,7/10/2014 11:42,Rejected,Male,Marketing Department,c8,45662
65852,7/10/2014 17:05,Rejected,Male,Operations Department,c9,79285
978658,7/11/2014 12:28,Rejected,Male,Service Department,c9,39438
905126,7/11/2014 12:25,Rejected,Male,Service Department,i6,30878
80431,7/11/2014 12:26,Rejected,Female,Service Department,i6,81586
964456,7/11/2014 13:00,Rejected,Female,General Management,i6,75800
416101,7/12/2014 17:26,Rejected,Male,Operations Department,i7,38130
831852,7/12/2014 17:27,Rejected,Male,Operations Department,i7,4283
635720,7/12/2014 17:28,Rejected,Male,Operations Department,i7,1456
204766,7/12/2014 13:01,Rejected,Male,Service Department,i5,48215
817052,7/12/2014 9:32,Rejected,Male,Operations Department,i6,13400
569877,7/16/2014 9:44,Rejected,Male,Service Department,c9,2274
339815,7/13/2014 17:36,Rejected,Male,Service Department,c5,30063
729349,7/13/2014 17:36,Rejected,Male,Service Department,c5,55388
434358,7/13/2014 16:12,Rejected,Male,Marketing Department,c9,28540
641740,7/14/2014 20:00,Rejected,Male,Operations Department,c9,78860
915321,7/14/2014 20:03,Rejected,Female,Operations Department,c9,15652
439149,7/14/2014 18:23,Rejected,Female,Operations Department,c9,50995
276379,7/14/2014 20:08,Rejected,Male,Service Department,c-10,49625
828999,7/14/2014 6:51,Rejected,Male,Service Department,c9,3372
758701,7/14/2014 11:18,Rejected,Male,Operations Department,c9,5406
543747,7/14/2014 10:21,Rejected,Male,Operations Department,c9,21262
904605,7/14/2014 4:05,Rejected,Male,Operations Department,c9,25711
233602,7/14/2014 14:54,Rejected,Male,Operations Department,b9,74935
968462,7/15/2014 11:36,Rejected,Male,Production Department,c9,13023
699493,7/15/2014 11:34,Rejected,Male,Service Department,c8,1035
511167,7/15/2014 15:21,Rejected,Male,Operations Department,c9,75650
661288,7/15/2014 7:12,Rejected,Male,Sales Department,i7,59757
336100,7/15/2014 11:45,Rejected,Male,Operations Department,c5,18423
359450,7/20/2014 12:56,Rejected,Male,Operations Department,c5,16341
934807,7/15/2014 17:11,Rejected,Female,Service Department,i5,98706
49980,7/15/2014 2:04,Rejected,Male,Operations Department,c9,92530
128021,7/16/2014 17:34,Rejected,Female,Operations Department,c-10,94482
678497,7/16/2014 16:18,Rejected,Female,Finance Department,c9,27497
965502,7/16/2014 6:53,Rejected,Male,Operations Department,c-10,54903
706970,7/16/2014 19:24,Rejected,Male,Sales Department,c-10,6975
53766,7/16/2014 19:24,Rejected,Male,Sales Department,c-10,16826
552802,7/16/2014 11:41,Rejected,Male,Service Department,c5,3285
620985,7/16/2014 12:06,Rejected,Male,Operations Department,i7,28135
902523,7/17/2014 3:52,Rejected,Male,Service Department,c5,78567
414795,7/17/2014 13:36,Rejected,Male,Sales Department,c5,32517
908749,7/17/2014 13:37,Rejected,Male,Sales Department,c5,60926
219096,7/17/2014 13:38,Rejected,Male,Sales Department,c5,17641
78350,7/17/2014 18:46,Rejected,Male,Production Department,c9,97083
412418,7/17/2014 18:47,Rejected,Male,Production Department,c9,48169
866111,7/17/2014 17:56,Rejected,Male,Operations Department,i6,10960
892761,7/17/2014 17:17,Rejected,Male,Service Department,c5,25686
176980,7/17/2014 17:17,Rejected,Male,Service Department,c5,7099
866300,7/17/2014 15:20,Rejected,Male,Marketing Department,i7,42009
438195,7/22/2014 19:05,Rejected,Female,Sales Department,b9,57891
88234,7/18/2014 14:24,Rejected,Male,Marketing Department,i7,51578
385051,7/18/2014 12:47,Rejected,Male,Operations Department,i7,42741
823234,7/22/2014 9:42,Rejected,Male,Marketing Department,c9,32078
873591,7/18/2014 14:18,Rejected,Male,Service Department,i5,19440
868701,7/18/2014 14:19,Rejected,Female,Service Department,i5,66602
232998,7/18/2014 11:13,Rejected,Male,Marketing Department,c-10,51895
67001,7/18/2014 15:03,Rejected,Male,Operations Department,c9,8175
325045,7/18/2014 15:04,Rejected,Male,Operations Department,c9,12363
364042,7/18/2014 15:04,Rejected,Male,Operations Department,c9,65858
708890,7/18/2014 13:25,Rejected,Male,Sales Department,c5,76907
612997,7/19/2014 11:50,Rejected,Male,Service Department,c9,60051
22091,7/20/2014 9:19,Rejected,Female,Sales Department,c-10,8843
978831,7/21/2014 17:02,Rejected,Male,Operations Department,i7,85868
253384,7/21/2014 17:03,Rejected,Male,Operations Department,i7,3577
817265,7/21/2014 18:14,Rejected,Male,Marketing Department,i5,43678
527009,8/1/2014 17:59,Rejected,Male,Marketing Department,i5,14256
515923,8/13/2014 17:20,Rejected,Female,Marketing Department,c-10,37241
138577,7/21/2014 13:13,Rejected,Male,Operations Department,b9,96271
903288,7/21/2014 17:55,Rejected,Male,Production Department,b9,7028
45861,7/21/2014 18:58,Rejected,Male,Operations Department,c-10,26063
357434,7/24/2014 8:40,Rejected,Female,Service Department,c9,39113
195576,7/22/2014 16:33,Rejected,Male,Service Department,i5,14732
194285,7/22/2014 16:30,Rejected,Male,Service Department,c9,55851
486811,7/22/2014 10:03,Rejected,Male,Operations Department,i6,45682
863832,7/22/2014 17:46,Rejected,Male,Purchase Department,i7,78026
458519,7/22/2014 17:47,Rejected,Male,Purchase Department,i7,18384
707384,7/22/2014 13:23,Rejected,Male,Service Department,c-10,53640
704619,7/22/2014 13:23,Rejected,Male,Service Department,c-10,97057
498363,7/22/2014 15:22,Rejected,Male,Service Department,c9,5178
999758,7/22/2014 8:53,Rejected,Female,Finance Department,c-10,96801
158508,7/23/2014 7:36,Rejected,Male,Operations Department,i6,28087
456675,7/23/2014 14:11,Rejected,Male,Operations Department,i5,37484
123710,7/23/2014 13:58,Rejected,Male,Sales Department,b9,59240
760812,7/23/2014 16:24,Rejected,Male,Purchase Department,c9,88619
310070,7/29/2014 14:49,Rejected,Male,Purchase Department,c9,81369
789524,7/23/2014 14:36,Rejected,Male,Operations Department,c9,22359
634091,7/23/2014 3:40,Rejected,Male,Service Department,c9,1536
629557,7/23/2014 3:46,Rejected,Male,Service Department,c9,63211
437442,7/24/2014 9:07,Rejected,Male,Operations Department,i6,49942
751267,7/24/2014 18:56,Rejected,Male,Service Department,c9,30467
52902,7/24/2014 10:58,Rejected,Male,Operations Department,c5,99229
666642,7/24/2014 5:42,Rejected,Male,Operations Department,i7,20584
222116,7/24/2014 5:43,Rejected,Male,Operations Department,i7,99929
568544,7/24/2014 19:38,Rejected,Female,Finance Department,i6,86839
59497,7/24/2014 17:00,Rejected,Male,Operations Department,i5,9154
219527,7/24/2014 12:20,Rejected,Male,Sales Department,c-10,37732
711500,7/24/2014 12:44,Rejected,Male,Operations Department,c5,62370
469490,7/24/2014 12:46,Rejected,Female,Operations Department,c5,80230
723677,7/24/2014 18:59,Rejected,Male,Service Department,c8,51789
457162,7/24/2014 19:01,Rejected,Female,Service Department,c8,88354
197780,7/24/2014 18:59,Rejected,Don’t want to say,Service Department,c8,55654
112554,7/25/2014 4:47,Rejected,Male,Sales Department,c5,28869
467947,7/25/2014 4:48,Rejected,Male,Sales Department,c5,92438
995575,7/25/2014 15:55,Rejected,Female,Sales Department,c5,70048
59551,7/25/2014 13:13,Rejected,Female,Finance Department,c5,3632
52314,7/25/2014 13:14,Rejected,Female,Finance Department,c5,17731
391604,7/25/2014 13:15,Rejected,Female,Finance Department,c5,98075
154535,7/25/2014 15:57,Rejected,Don’t want to say,Service Department,c9,4768
168642,7/25/2014 22:58,Rejected,Male,Operations Department,b9,73619
547124,7/26/2014 14:19,Rejected,Male,Operations Department,i7,6861
331610,7/26/2014 14:20,Rejected,Female,Operations Department,i7,53574
532374,7/27/2014 15:43,Rejected,Male,Operations Department,i7,3802
273913,7/27/2014 15:44,Rejected,Male,Operations Department,i7,70234
843913,7/27/2014 12:32,Rejected,Male,Sales Department,i7,60206
94490,7/27/2014 14:03,Rejected,Male,Service Department,c9,23536
844577,7/27/2014 7:30,Rejected,Male,Operations Department,i5,37530
975941,7/28/2014 21:50,Rejected,Male,Service Department,i7,16565
807597,7/28/2014 4:18,Rejected,Male,Service Department,c9,15621
726260,7/28/2014 13:49,Rejected,Male,Operations Department,i1,87425
565233,7/28/2014 13:07,Rejected,Male,Production Department,i5,66989
596097,7/28/2014 13:10,Rejected,Male,Production Department,i5,22265
788230,7/28/2014 13:14,Rejected,Female,Production Department,i5,55649
646167,7/29/2014 6:17,Rejected,Male,Service Department,i5,61305
441985,7/29/2014 18:53,Rejected,Male,Service Department,c5,8302
44896,7/29/2014 9:34,Rejected,Male,Operations Department,i7,68297
620118,7/29/2014 10:31,Rejected,Male,Service Department,c9,60356
249552,7/29/2014 12:26,Rejected,Male,Operations Department,c9,50384
83479,7/29/2014 9:48,Rejected,Male,Sales Department,c-10,45105
842011,7/31/2014 17:36,Rejected,Female,Service Department,c5,59487
854925,7/31/2014 17:41,Rejected,Female,Service Department,c5,84884
607172,7/29/2014 2:02,Rejected,Male,Operations Department,c-10,64781
460382,7/29/2014 13:01,Rejected,Male,Production Department,c5,21457
293153,7/29/2014 7:27,Rejected,Female,Service Department,i7,97943
985306,7/30/2014 9:20,Rejected,Male,Service Department,i7,8066
223490,7/30/2014 18:55,Rejected,Male,Service Department,i7,99384
111712,7/30/2014 8:05,Rejected,Male,Service Department,i7,42653
503568,7/30/2014 10:47,Rejected,Male,Production Department,i6,64085
94941,7/30/2014 16:57,Rejected,Male,Operations Department,i5,98651
51271,7/30/2014 17:01,Rejected,Male,Operations Department,i5,53754
943968,7/30/2014 9:11,Rejected,Female,Marketing Department,c5,68138
891106,7/30/2014 15:25,Rejected,Male,Sales Department,c5,8986
48877,7/30/2014 14:57,Rejected,Male,Service Department,i7,19444
828450,7/30/2014 0:56,Rejected,Male,Operations Department,c9,53033
312667,7/31/2014 8:43,Rejected,Male,Service Department,i5,66909
927293,7/31/2014 17:27,Rejected,Male,Service Department,c5,71419
495919,7/31/2014 14:17,Rejected,Male,Operations Department,i5,57264
163587,8/1/2014 13:32,Rejected,Male,Service Department,i7,31550
588264,8/1/2014 14:52,Rejected,Male,Operations Department,b9,69321
316392,8/1/2014 16:39,Rejected,Female,Operations Department,i7,41703
694948,8/1/2014 8:50,Rejected,Male,Service Department,c5,39452
110760,8/1/2014 8:51,Rejected,Male,Service Department,c5,72837
693791,8/1/2014 10:46,Rejected,Male,Service Department,i5,78815
464639,8/1/2014 16:14,Rejected,Male,Service Department,c5,96553
199098,8/1/2014 16:18,Rejected,Female,Service Department,c5,25731
71307,8/1/2014 16:34,Rejected,Male,Service Department,i1,54180
83766,8/1/2014 16:35,Rejected,Male,Service Department,i1,81796
737811,8/2/2014 15:07,Rejected,Male,Operations Department,c5,89806
428159,8/2/2014 12:05,Rejected,Male,Operations Department,c5,53038
222227,8/3/2014 14:38,Rejected,Male,Human Resource Department,i5,61246
355775,8/3/2014 3:11,Rejected,Male,Service Department,i6,15117
643873,8/3/2014 13:22,Rejected,Male,Operations Department,i1,94751
74526,8/4/2014 12:46,Rejected,Male,Service Department,c5,25052
502266,8/4/2014 15:55,Rejected,Male,Service Department,c5,31353
113068,8/4/2014 18:00,Rejected,Male,Operations Department,c9,16187
920916,8/4/2014 11:00,Rejected,Male,Operations Department,i5,90469
662931,8/4/2014 11:01,Rejected,Male,Operations Department,i5,9896
196095,8/4/2014 11:38,Rejected,Male,Service Department,i5,29673
61858,8/4/2014 10:35,Rejected,Male,Human Resource Department,c-10,80645
387990,8/4/2014 13:22,Rejected,Male,Operations Department,i5,60514
848218,8/5/2014 16:04,Rejected,Male,Operations Department,c5,96594
473703,8/8/2014 13:47,Rejected,Female,Operations Department,c5,91386
852312,8/5/2014 12:40,Rejected,Female,Production Department,i1,61898
648933,8/5/2014 12:41,Rejected,Male,Production Department,i1,92872
806092,8/5/2014 12:42,Rejected,Male,Production Department,i1,18182
323482,8/9/2014 10:20,Rejected,Female,Production Department,i1,12498
36010,8/5/2014 10:28,Rejected,Male,Sales Department,c9,80523
502872,8/6/2014 13:32,Rejected,Female,Service Department,c5,59539
970328,8/6/2014 16:35,Rejected,Male,Sales Department,b9,45042
827610,8/6/2014 8:25,Rejected,Male,Operations Department,i7,52857
22030,8/6/2014 14:35,Rejected,Male,Operations Department,c-10,51589
525625,8/6/2014 13:02,Rejected,Male,Service Department,i5,53807
418457,8/6/2014 13:03,Rejected,Male,Service Department,i5,41363
894684,8/14/2014 17:07,Rejected,Male,Service Department,i7,92254
606532,8/14/2014 17:10,Rejected,Male,Service Department,i7,31521
530573,8/6/2014 16:29,Rejected,Female,Operations Department,i6,78475
214744,8/6/2014 16:29,Rejected,Male,Operations Department,i6,30104
803545,8/6/2014 16:30,Rejected,Female,Operations Department,i6,83539
859427,8/7/2014 10:44,Rejected,Male,Service Department,c9,59109
253992,8/7/2014 16:30,Rejected,Male,Operations Department,c-10,52685
861510,8/7/2014 17:17,Rejected,Male,Operations Department,c8,57434
508669,8/7/2014 15:05,Rejected,Male,Operations Department,i6,44421
331722,8/7/2014 15:06,Rejected,Male,Operations Department,i6,92203
656138,8/7/2014 15:10,Rejected,Male,Operations Department,i6,90311
891072,8/7/2014 15:11,Rejected,Male,Operations Department,i6,9512
758778,8/7/2014 15:13,Rejected,Female,Operations Department,i6,89780
452135,8/7/2014 17:20,Rejected,Male,Service Department,c9,64015
650704,8/11/2014 9:18,Rejected,Male,Service Department,i7,97112
657642,8/11/2014 9:20,Rejected,Male,Service Department,i7,94298
317248,8/7/2014 21:38,Rejected,Male,Operations Department,c9,43226
620938,8/7/2014 13:24,Rejected,Male,Production Department,c-10,51666
868416,8/16/2014 12:12,Rejected,Male,Service Department,c9,50352
448896,8/8/2014 10:23,Rejected,Female,Operations Department,c5,52084
31391,8/8/2014 22:30,Rejected,Male,Sales Department,c9,64676
223105,8/8/2014 22:31,Rejected,Female,Sales Department,c9,49412
464586,8/8/2014 13:08,Rejected,Male,Marketing Department,c-10,35089
182749,8/8/2014 11:33,Rejected,Male,Service Department,c5,80508
283695,8/8/2014 21:55,Rejected,Male,Service Department,c5,68715
785816,8/8/2014 15:26,Rejected,Male,Sales Department,i7,30623
624094,8/9/2014 11:37,Rejected,Male,Production Department,i7,86818
967117,8/9/2014 11:38,Rejected,Male,Production Department,i7,8577
964284,8/10/2014 5:46,Rejected,Male,Service Department,i5,27359
575159,8/10/2014 9:02,Rejected,Male,Service Department,c-10,21853
305745,8/10/2014 9:03,Rejected,Male,Service Department,c-10,54013
362804,8/11/2014 22:14,Rejected,Male,Service Department,i7,68484
720610,8/11/2014 22:15,Rejected,Male,Service Department,i7,16816
510971,8/11/2014 20:49,Rejected,Male,Operations Department,i6,5546
337737,8/11/2014 13:38,Rejected,Male,Marketing Department,c9,78857
323081,8/11/2014 17:31,Rejected,Female,Sales Department,i6,90519
351740,8/11/2014 17:32,Rejected,Female,Sales Department,i6,95852
354090,8/11/2014 8:04,Rejected,Male,Operations Department,b9,35303
408891,8/22/2014 10:18,Rejected,Male,Purchase Department,c-10,99522
59076,8/11/2014 8:37,Rejected,Female,Service Department,i7,57004
640999,8/11/2014 10:45,Rejected,Male,Operations Department,c8,61773
929955,8/11/2014 19:26,Rejected,Male,Service Department,c9,55603
771329,8/11/2014 14:32,Rejected,Female,Sales Department,b9,83212
366299,8/11/2014 2:58,Rejected,Male,Marketing Department,c9,1007
543895,8/11/2014 2:59,Rejected,Male,Marketing Department,c9,77040
728165,8/12/2014 11:06,Rejected,Male,Operations Department,i5,15261
580033,8/12/2014 19:54,Rejected,Female,Operations Department,i5,25268
548514,8/12/2014 13:50,Rejected,Male,Operations Department,c5,87884
543488,8/18/2014 9:05,Rejected,Don’t want to say,Service Department,c5,4011
685918,8/12/2014 13:00,Rejected,Male,Sales Department,c-10,62436
511350,8/12/2014 13:04,Rejected,Male,Sales Department,c-10,31126
696740,8/12/2014 8:24,Rejected,Male,Operations Department,i1,16473
28035,8/12/2014 8:25,Rejected,Male,Operations Department,i1,13179
932562,8/13/2014 9:23,Rejected,Male,Marketing Department,c5,99828
703127,8/13/2014 15:51,Rejected,Male,Service Department,i5,6839
636625,8/13/2014 10:11,Rejected,Male,Sales Department,c9,14269
827221,8/13/2014 15:55,Rejected,Male,Operations Department,i7,74391
426386,8/13/2014 15:56,Rejected,Male,Operations Department,i7,29286
742832,8/13/2014 3:28,Rejected,Male,Marketing Department,i5,74653
43025,8/13/2014 8:40,Rejected,Male,Operations Department,c9,81934
834168,8/13/2014 18:15,Rejected,Male,Operations Department,c8,54164
843575,8/13/2014 23:56,Rejected,Male,Operations Department,i6,92521
603558,8/13/2014 23:57,Rejected,Male,Operations Department,i6,63314
502642,8/14/2014 14:31,Rejected,Male,Operations Department,c9,44666
257558,8/14/2014 16:02,Rejected,Male,Marketing Department,c9,9880
534747,8/14/2014 16:04,Rejected,Don’t want to say,Marketing Department,c9,38655
162084,8/14/2014 15:11,Rejected,Male,Service Department,c9,36030
708014,8/14/2014 14:28,Rejected,Male,Service Department,c9,53182
146501,8/14/2014 10:22,Rejected,Male,Operations Department,i6,6281
743340,8/15/2014 21:18,Rejected,Male,Operations Department,c9,28723
55110,8/15/2014 10:33,Rejected,Male,Operations Department,c-10,82929
793194,8/15/2014 10:36,Rejected,Female,Operations Department,c-10,24938
983246,8/16/2014 23:06,Rejected,Male,Production Department,c8,29194
696923,8/16/2014 6:53,Rejected,Male,Service Department,i7,73767
64548,8/16/2014 6:55,Rejected,Female,Service Department,i7,44750
896132,8/16/2014 11:43,Rejected,Male,Service Department,c8,79268
224587,8/16/2014 14:27,Rejected,Male,Human Resource Department,i5,71833
992900,8/16/2014 1:19,Rejected,Male,Production Department,i1,81641
16121,8/17/2014 13:00,Rejected,Male,Service Department,c5,38245
188939,8/17/2014 13:46,Rejected,Male,Operations Department,c8,92315
773874,8/18/2014 2:09,Rejected,Male,Service Department,c-10,88969
47707,8/18/2014 11:30,Rejected,Male,Operations Department,i7,11887
795224,8/18/2014 11:32,Rejected,Male,Operations Department,i7,75329
738617,8/18/2014 14:25,Rejected,Male,Sales Department,i5,55189
594973,8/18/2014 18:27,Rejected,Female,General Management,i7,66665
696735,8/19/2014 9:24,Rejected,Male,Service Department,c9,20881
626743,8/19/2014 12:44,Rejected,Male,Service Department,c5,66914
327416,8/19/2014 13:26,Rejected,Male,Operations Department,c5,51412
698780,8/19/2014 13:27,Rejected,Male,Operations Department,c5,66192
265443,8/19/2014 9:53,Rejected,Male,Service Department,b9,58708
610243,8/19/2014 16:36,Rejected,Male,Sales Department,i5,88996
262354,8/19/2014 18:02,Rejected,Male,Service Department,b9,17286
625446,8/20/2014 9:30,Rejected,Male,Marketing Department,c-10,14644
58225,8/20/2014 11:27,Rejected,Male,Purchase Department,i1,89471
21396,8/20/2014 4:56,Rejected,Male,Operations Department,c-10,16268
942182,8/22/2014 14:19,Rejected,Male,Operations Department,i5,11400
188741,8/20/2014 15:39,Rejected,Male,Service Department,c9,27201
554524,8/20/2014 17:34,Rejected,Male,Operations Department,i5,22837
160716,8/20/2014 19:57,Rejected,Male,Operations Department,i6,8077
232132,8/20/2014 19:59,Rejected,Female,Operations Department,i6,26788
227334,8/20/2014 17:44,Rejected,Male,Operations Department,i6,17245
978071,8/21/2014 19:25,Rejected,Female,Operations Department,b9,35792
997799,8/21/2014 18:34,Rejected,Male,Sales Department,i5,65686
435785,8/21/2014 9:15,Rejected,Male,Operations Department,c5,59783
857754,8/21/2014 9:17,Rejected,Male,Operations Department,c5,43314
956287,8/21/2014 13:42,Rejected,Male,Service Department,i5,63218
833582,8/21/2014 13:46,Rejected,Male,Service Department,i5,80132
688583,8/21/2014 12:18,Rejected,Male,Operations Department,i5,46730
230706,8/21/2014 14:07,Rejected,Male,Service Department,i1,40171
802500,8/21/2014 17:10,Rejected,Male,Sales Department,c9,58806
646631,8/21/2014 11:03,Rejected,Male,Operations Department,i7,53138
165638,8/21/2014 15:20,Rejected,Male,Sales Department,i5,6302
553557,8/22/2014 11:58,Rejected,Male,Sales Department,i5,92785
160678,8/22/2014 12:01,Rejected,Male,Sales Department,i5,47646
262072,8/21/2014 18:57,Rejected,Male,Operations Department,c-10,5068
960243,8/22/2014 8:23,Rejected,Male,Service Department,b9,65579
920275,8/22/2014 16:24,Rejected,Male,Service Department,b9,16108
961338,8/25/2014 8:05,Rejected,Female,Operations Department,i1,68928
408109,8/22/2014 16:15,Rejected,Male,Sales Department,c-10,80622
251446,8/22/2014 14:19,Rejected,Female,Sales Department,c-10,13597
946136,8/22/2014 18:40,Rejected,Male,Operations Department,i7,5399
889662,8/22/2014 12:09,Rejected,Male,Operations Department,c5,30872
105944,8/22/2014 16:45,Rejected,Male,Operations Department,b9,46298
246560,8/22/2014 2:01,Rejected,Male,Service Department,c9,29082
534636,8/22/2014 2:02,Rejected,Male,Service Department,c9,28044
435865,8/23/2014 11:37,Rejected,Male,Operations Department,c9,23965
410681,8/23/2014 11:39,Rejected,Male,Operations Department,c9,57476
368961,8/23/2014 15:03,Rejected,Male,Service Department,i5,79210
884889,8/25/2014 9:46,Rejected,Female,Service Department,i6,13042
284911,8/25/2014 8:25,Rejected,Female,Marketing Department,c9,61401
900976,8/25/2014 14:19,Rejected,Male,Operations Department,b9,42281
74272,8/25/2014 14:23,Rejected,Male,Operations Department,b9,2806
18227,8/25/2014 11:54,Rejected,Female,General Management,c9,7654
472809,8/25/2014 18:04,Rejected,Male,Service Department,i7,25236
642803,8/26/2014 14:18,Rejected,Male,Sales Department,c9,15119
865028,8/26/2014 19:52,Rejected,Male,Service Department,c5,21750
706448,8/26/2014 19:06,Rejected,Male,Operations Department,c-10,77584
124808,8/26/2014 19:07,Rejected,Male,Operations Department,c-10,11880
42554,8/26/2014 18:48,Rejected,Male,Service Department,i7,88767
685881,8/26/2014 18:45,Rejected,Male,Operations Department,i7,16903
607121,8/26/2014 10:16,Rejected,Male,Operations Department,b9,19252
682442,8/26/2014 19:48,Rejected,Male,Service Department,i7,43716
354008,8/26/2014 7:44,Rejected,Male,Service Department,c9,26788
721208,8/27/2014 19:30,Rejected,Male,Marketing Department,b9,85029
30311,8/27/2014 19:32,Rejected,Male,Marketing Department,b9,97146
253561,8/27/2014 19:33,Rejected,Male,Marketing Department,b9,17514
358726,8/27/2014 2:58,Rejected,Male,Operations Department,c8,51282
774617,8/27/2014 2:58,Rejected,Male,Operations Department,c8,48512
36737,8/27/2014 21:32,Rejected,Male,Purchase Department,i7,15656
903072,8/28/2014 10:48,Rejected,Male,Operations Department,b9,75135
631362,8/28/2014 11:30,Rejected,Male,Service Department,c-10,96186
490538,8/28/2014 8:34,Rejected,Don’t want to say,Marketing Department,i7,23128
690774,8/28/2014 11:17,Rejected,Male,Production Department,c9,96402
894092,8/28/2014 11:21,Rejected,Male,Production Department,c9,26191
394974,8/28/2014 16:33,Rejected,Male,Service Department,c-10,45109
246417,8/28/2014 16:35,Rejected,Female,Service Department,c-10,66605
448701,8/28/2014 7:27,Rejected,Male,Service Department,i7,72173
401045,8/28/2014 13:22,Rejected,Male,Production Department,i5,51401
64500,8/28/2014 12:20,Rejected,Male,Production Department,i5,96523
727861,8/28/2014 12:20,Rejected,Male,Production Department,i5,15711
276088,8/28/2014 0:22,Rejected,Male,Operations Department,c-10,50282
613203,8/28/2014 5:11,Rejected,Male,Operations Department,c5,85540
270366,8/28/2014 5:12,Rejected,Male,Operations Department,c5,75949
109178,8/29/2014 9:31,Rejected,Male,Purchase Department,i5,2636
878585,8/29/2014 19:24,Rejected,Male,Operations Department,c8,47192
920457,8/30/2014 0:04,Rejected,Female,Marketing Department,i6,94160
352943,8/29/2014 2:57,Rejected,Male,Operations Department,c9,22640
691270,8/29/2014 16:31,Rejected,Male,Operations Department,c8,34695
394080,8/29/2014 11:53,Rejected,Female,Human Resource Department,c-10,6753
210001,8/29/2014 12:22,Rejected,Female,Service Department,i6,61640
118110,8/30/2014 11:27,Rejected,Male,Service Department,c9,35933
404367,8/30/2014 15:26,Rejected,Male,Operations Department,c-10,46676
929675,8/30/2014 8:12,Rejected,Male,Sales Department,c5,45625
699359,8/30/2014 8:15,Rejected,Male,Sales Department,c5,53578
874032,8/31/2014 9:41,Rejected,Don’t want to say,Marketing Department,c-10,78699
611894,8/31/2014 20:58,Rejected,Male,Service Department,b9,55415
894572,6/11/2014 9:31,Rejected,Male,Sales Department,c8,28613
392448,6/11/2014 9:35,Rejected,Male,Sales Department,c8,69299
54778,7/9/2014 22:53,Rejected,Don’t want to say,Sales Department,c9,25838
472424,5/2/2014 9:31,Rejected,Female,General Management,c9,45598
439013,5/2/2014 9:33,Rejected,Female,General Management,c9,23575
183717,7/10/2014 8:09,Rejected,Male,Service Department,c9,80854
238907,8/14/2014 9:31,Rejected,Male,Sales Department,c5,66035
351775,8/19/2014 10:58,Rejected,Female,Sales Department,c5,47983
201068,7/2/2014 12:02,Rejected,Male,Purchase Department,c5,16237
738409,7/12/2014 11:10,Rejected,Male,Purchase Department,c5,55557
501887,8/4/2014 17:25,Rejected,Female,Finance Department,c5,88072
537409,8/4/2014 17:24,Rejected,Don’t want to say,Finance Department,c5,34132
589955,8/21/2014 14:23,Rejected,Female,Finance Department,c5,88353
427540,6/4/2014 9:32,Rejected,Male,Operations Department,c5,27926
152197,5/1/2014 15:39,Rejected,Don’t want to say,Sales Department,c8,66569
882740,8/7/2014 13:42,Rejected,Male,Sales Department,c9,85837
396311,6/2/2014 10:43,Rejected,Male,Operations Department,i6,87817
145735,6/2/2014 10:46,Rejected,Male,Operations Department,i6,58410
328543,6/3/2014 0:00,Rejected,Female,Operations Department,c9,15835
970152,6/9/2014 8:56,Rejected,Male,Operations Department,c9,42210
531409,6/9/2014 8:57,Rejected,Male,Operations Department,c9,52201
162132,6/24/2014 8:52,Rejected,Female,Operations Department,i7,87656
667934,7/4/2014 9:34,Rejected,Male,Operations Department,c5,8506
643836,8/1/2014 9:49,Rejected,Female,Operations Department,c5,85290
912359,8/1/2014 17:57,Rejected,Female,Operations Department,c5,47690
839584,8/29/2014 11:19,Rejected,Male,Operations Department,c5,92866
806094,5/22/2014 17:18,Rejected,Male,Operations Department,i7,40389
332816,6/30/2014 9:32,Rejected,Don’t want to say,Operations Department,i7,25714
673099,8/23/2014 16:03,Rejected,Male,Operations Department,i7,15672
67176,8/23/2014 16:08,Rejected,Male,Operations Department,i7,17553
586678,8/23/2014 16:03,Rejected,Don’t want to say,Operations Department,i7,84220
985982,5/6/2014 11:03,Rejected,Don’t want to say,Operations Department,i7,5910
150930,5/9/2014 19:53,Rejected,Male,Operations Department,i7,70809
62030,6/6/2014 9:11,Rejected,Female,Operations Department,i7,84631
986569,8/19/2014 17:36,Rejected,Male,Operations Department,i7,39045
422439,8/19/2014 17:37,Rejected,Male,Operations Department,i7,17272
588414,5/30/2014 8:46,Rejected,Female,Marketing Department,c-10,64563
646707,5/2/2014 14:13,Rejected,Female,Operations Department,i1,82194
105447,5/23/2014 9:33,Rejected,Don’t want to say,Operations Department,i1,97440
278721,7/24/2014 18:29,Rejected,Male,Operations Department,i7,43723
812083,7/31/2014 9:35,Rejected,Female,Service Department,i5,4176
914120,8/8/2014 14:48,Rejected,Male,Service Department,i5,4672
734245,8/20/2014 18:54,Rejected,Female,Service Department,i5,2631
259976,7/25/2014 9:33,Rejected,Male,Service Department,c9,63933
293891,7/25/2014 9:34,Rejected,Male,Service Department,c9,29616
125014,6/3/2014 9:34,Rejected,Male,Marketing Department,c-10,69290
441259,6/3/2014 9:36,Rejected,Female,Marketing Department,c-10,70351
403549,5/15/2014 9:34,Rejected,Male,Service Department,c9,68331
608893,5/2/2014 9:31,Rejected,Don’t want to say,Operations Department,c8,29960
440605,7/2/2014 14:26,Rejected,Female,Service Department,b9,14251
282815,8/17/2014 10:33,Rejected,Male,Service Department,c9,28137
295449,7/22/2014 9:33,Rejected,Male,Operations Department,c9,2172
125371,7/29/2014 9:32,Rejected,Male,Marketing Department,i6,2953
369430,5/20/2014 9:34,Rejected,Male,Production Department,c5,85925
426916,8/27/2014 7:09,Rejected,Male,Production Department,c5,41022
778967,5/21/2014 7:55,Rejected,Male,Service Department,c-10,8574
764104,7/4/2014 9:33,Rejected,Female,Service Department,c5,76123
926922,5/23/2014 17:20,Rejected,Male,Operations Department,i5,19222
260050,7/29/2014 14:00,Rejected,Male,Operations Department,i5,15091
496261,5/27/2014 7:09,Rejected,Don’t want to say,Operations Department,c9,86557
451673,7/25/2014 9:33,Rejected,Female,General Management,i6,4123
507999,7/8/2014 9:32,Rejected,Male,Operations Department,i6,60443
175109,7/7/2014 17:12,Rejected,Male,Service Department,c-10,47547
819572,7/7/2014 17:13,Rejected,Male,Service Department,c-10,21734
389782,5/9/2014 18:15,Rejected,Male,Sales Department,i7,80709
825870,5/21/2014 9:33,Rejected,Female,Service Department,i7,38032
820667,5/21/2014 9:34,Rejected,Male,Service Department,i7,71960
284733,5/21/2014 9:36,Rejected,Female,Service Department,i7,81819
728573,6/5/2014 9:32,Rejected,Male,Sales Department,c5,64279
929826,7/7/2014 9:32,Rejected,Male,Operations Department,c9,91722
898336,8/19/2014 17:42,Rejected,Male,Operations Department,c9,30993
921683,8/2/2014 7:13,Rejected,Female,Marketing Department,c5,44859
361218,5/19/2014 9:31,Rejected,Male,Operations Department,c5,7928
425497,6/25/2014 16:30,Rejected,Male,Operations Department,c5,47941
325052,6/26/2014 9:54,Rejected,Female,Operations Department,c5,75759
942214,5/26/2014 9:31,Rejected,Male,Operations Department,c5,62166
809363,6/16/2014 14:42,Rejected,Female,Operations Department,c5,80934
496821,7/1/2014 19:32,Rejected,Male,Operations Department,c9,54760
950351,5/23/2014 9:35,Rejected,Female,General Management,c8,41518
890317,5/8/2014 15:05,Rejected,Male,Operations Department,c9,19873
52077,5/5/2014 9:35,Rejected,Female,Operations Department,c9,66442
702214,7/18/2014 17:06,Rejected,Male,Operations Department,i7,62412
36504,7/25/2014 10:08,Rejected,Male,Operations Department,i7,21554
357802,7/25/2014 10:08,Rejected,Female,Operations Department,i7,69341
582417,7/29/2014 15:20,Rejected,Male,Operations Department,c9,92791
383656,7/29/2014 15:21,Rejected,Male,Operations Department,c9,37147
669078,8/8/2014 9:36,Rejected,Female,Operations Department,c9,70887
195389,8/8/2014 9:36,Rejected,Don’t want to say,Operations Department,c9,53014
331430,7/30/2014 9:23,Rejected,Female,Operations Department,c9,64410
105813,7/31/2014 14:07,Rejected,Don’t want to say,Operations Department,i7,1887
327352,5/13/2014 9:34,Rejected,Male,Service Department,c-10,50349
936527,5/13/2014 9:32,Rejected,Don’t want to say,Service Department,c-10,76326
709650,5/17/2014 14:45,Rejected,Female,Service Department,c-10,48861
545839,8/20/2014 9:34,Rejected,Male,Purchase Department,c5,22624
395075,8/8/2014 9:32,Rejected,Male,Service Department,i5,48454
211885,5/15/2014 15:49,Rejected,Male,Purchase Department,c9,99347
519305,6/13/2014 16:43,Rejected,Female,Service Department,c9,96593
734342,7/9/2014 12:16,Rejected,Male,Operations Department,c9,31838
596691,7/10/2014 9:33,Rejected,Female,Operations Department,c5,33398
364553,5/8/2014 16:53,Rejected,Male,Operations Department,i6,93400
53774,5/8/2014 16:55,Rejected,Male,Operations Department,i6,31788
765693,8/13/2014 11:08,Rejected,Female,Operations Department,i6,55382
27714,8/2/2014 16:16,Rejected,Female,Purchase Department,i7,4810
472361,6/25/2014 17:41,Rejected,Male,Service Department,c9,2915
287111,6/25/2014 17:41,Rejected,Female,Service Department,c9,50460
220398,8/29/2014 6:39,Rejected,Male,Marketing Department,c9,54885
154247,5/6/2014 12:10,Rejected,Male,Purchase Department,c9,7538
111894,8/20/2014 9:34,Rejected,Male,Operations Department,i6,55566
713696,8/26/2014 6:18,Rejected,Male,Operations Department,i6,99178
916272,8/27/2014 10:32,Rejected,Male,Operations Department,i6,39210
386218,8/27/2014 10:36,Rejected,Male,Operations Department,i6,30342
501640,6/19/2014 9:31,Rejected,Male,Service Department,c-10,31680
63334,7/17/2014 9:32,Rejected,Don’t want to say,Service Department,c-10,33242
829033,8/27/2014 18:08,Rejected,Male,Operations Department,b9,25351
813452,8/27/2014 18:09,Rejected,Female,Operations Department,b9,70265
861698,5/20/2014 13:32,Rejected,Female,Finance Department,i7,71666
247772,7/9/2014 17:31,Rejected,Don’t want to say,Service Department,i5,41676
939347,8/27/2014 16:32,Rejected,Female,Human Resource Department,c8,25293
615118,8/19/2014 9:33,Rejected,Female,Production Department,c9,62718
803039,8/25/2014 10:16,Rejected,Female,Production Department,c9,79470
736044,8/25/2014 9:33,Rejected,Female,Finance Department,i5,78172
472420,7/2/2014 18:10,Rejected,Don’t want to say,Service Department,c-10,33623
801801,7/10/2014 8:46,Rejected,Male,Service Department,c-10,77932
474350,5/28/2014 19:32,Rejected,Male,Service Department,i5,98474
338318,5/29/2014 9:59,Rejected,Male,Service Department,i5,64771
245113,6/5/2014 8:11,Rejected,Female,Service Department,i5,45078
415979,6/5/2014 8:08,Rejected,Don’t want to say,Service Department,i5,97179
210790,6/18/2014 9:43,Rejected,Female,Service Department,i5,74880
949990,6/14/2014 18:36,Rejected,Male,Service Department,i5,31549
347863,6/23/2014 11:45,Rejected,Male,Service Department,i5,42307
914589,8/30/2014 18:27,Rejected,Male,Service Department,i5,60435
978593,5/6/2014 9:31,Rejected,Male,Service Department,c5,17702
704738,6/6/2014 17:46,Rejected,Female,Operations Department,c-10,76713
620270,6/19/2014 19:49,Rejected,Female,Operations Department,c-10,81695
147269,7/14/2014 17:45,Rejected,Male,Operations Department,c-10,10225
457090,6/26/2014 9:36,Rejected,Male,Marketing Department,c9,43328
857711,7/10/2014 17:21,Rejected,Female,Marketing Department,c9,72598
601135,7/4/2014 11:05,Rejected,Male,Service Department,i7,41355
687407,7/4/2014 11:12,Rejected,Female,Service Department,i7,11686
741101,7/17/2014 12:04,Rejected,Female,Service Department,i7,99614
465591,5/23/2014 9:36,Rejected,Female,Operations Department,c5,25923
177049,5/23/2014 9:37,Rejected,Male,Operations Department,c5,93530
329624,6/5/2014 18:05,Rejected,Male,Operations Department,c5,43798
474992,6/9/2014 14:45,Rejected,Male,Operations Department,c5,93455
18596,6/26/2014 0:39,Rejected,Female,Operations Department,c5,91894
856085,6/26/2014 0:41,Rejected,Female,Operations Department,c5,42555
787319,6/13/2014 9:34,Rejected,Male,Marketing Department,i1,44645
513007,5/22/2014 18:31,Rejected,Male,Operations Department,c9,43540
546950,7/16/2014 9:48,Rejected,Male,Operations Department,c9,44564
827122,8/19/2014 9:33,Rejected,Female,Purchase Department,c9,65433
831694,5/25/2014 10:40,Rejected,Male,Service Department,c9,7139
270932,7/2/2014 9:32,Rejected,Male,Service Department,c9,57559
983895,7/23/2014 16:54,Rejected,Male,Service Department,c9,85954
976920,7/18/2014 9:31,Rejected,Male,Operations Department,c9,9638
827606,7/18/2014 9:38,Rejected,Male,Operations Department,c9,88236
411283,7/18/2014 19:31,Rejected,Female,Operations Department,i5,92805
267149,7/21/2014 15:10,Rejected,Male,Operations Department,i5,69565
995570,7/28/2014 8:26,Rejected,Female,Operations Department,c9,61174
406675,8/15/2014 9:35,Rejected,Female,Operations Department,c9,32483
337257,8/15/2014 9:37,Rejected,Female,Operations Department,c9,44400
596647,5/27/2014 11:38,Rejected,Male,Marketing Department,i7,2970
129235,5/27/2014 11:39,Rejected,Male,Marketing Department,i7,57847
156526,7/4/2014 8:35,Rejected,Male,Operations Department,c5,81539
175665,7/5/2014 11:18,Rejected,Male,Operations Department,c5,27621
779449,7/8/2014 18:42,Rejected,Male,Operations Department,i1,59246
268371,6/6/2014 4:28,Rejected,Male,Operations Department,i5,65933
51030,6/6/2014 4:29,Rejected,Male,Operations Department,i5,61098
592294,6/23/2014 12:35,Rejected,Male,Operations Department,i5,41460
959387,7/9/2014 9:32,Rejected,Female,Operations Department,i7,55713
614118,7/9/2014 9:33,Rejected,Female,Operations Department,i7,6820
973608,7/9/2014 9:34,Rejected,Female,Operations Department,i7,85898
635074,5/14/2014 9:31,Rejected,Don’t want to say,Operations Department,c-10,34348
195192,8/6/2014 7:45,Rejected,Female,Finance Department,i1,79867
824012,6/5/2014 16:15,Rejected,Female,Operations Department,c9,44876
373245,6/5/2014 16:17,Rejected,Male,Operations Department,c9,96397
690152,6/5/2014 16:18,Rejected,Male,Operations Department,c9,54102
786330,6/11/2014 18:21,Rejected,Male,Operations Department,i7,30853
581142,8/27/2014 9:31,Rejected,Male,Operations Department,i7,35789
983167,5/21/2014 9:31,Rejected,Don’t want to say,Operations Department,c8,44453
949311,6/14/2014 18:53,Rejected,Female,Finance Department,i7,81189
457776,6/25/2014 9:34,Rejected,Female,Finance Department,i7,76314
24736,6/26/2014 17:36,Rejected,Female,Finance Department,i7,53664
503538,5/23/2014 3:32,Rejected,Male,Production Department,i1,46193
879713,5/23/2014 3:38,Rejected,Male,Production Department,i1,99939
926098,5/23/2014 3:39,Rejected,Female,Production Department,i1,73626
230925,7/18/2014 19:00,Rejected,Female,Production Department,i1,99722
834168,7/25/2014 9:32,Rejected,Female,Service Department,c5,70162
881644,7/16/2014 13:29,Rejected,Male,Operations Department,c-10,11705
711350,7/16/2014 13:33,Rejected,-,Operations Department,c-10,25785
133341,7/16/2014 13:36,Rejected,Female,Operations Department,c-10,94575
264698,7/16/2014 13:35,Rejected,Female,Operations Department,c-10,70530
940546,7/1/2014 9:32,Rejected,Female,Human Resource Department,i6,71269
831241,5/1/2014 9:32,Rejected,Female,Service Department,c5,72140
466171,5/16/2014 15:38,Rejected,Male,Service Department,i7,30326
141176,5/17/2014 19:00,Rejected,Male,Service Department,i7,80215
817741,8/7/2014 9:35,Rejected,Female,Service Department,i7,75557
452225,8/26/2014 7:29,Rejected,Male,Service Department,i7,4313
180717,8/29/2014 4:59,Rejected,Male,Service Department,i7,62870
244060,6/19/2014 5:28,Rejected,Male,Operations Department,b9,34536
513710,5/31/2014 17:09,Rejected,Male,Operations Department,c9,99341
555677,6/6/2014 10:27,Rejected,Female,Operations Department,c9,58591
700115,6/6/2014 10:30,Rejected,Female,Operations Department,c9,33319
191505,6/6/2014 10:32,Rejected,Female,Operations Department,c9,65520
189468,6/6/2014 10:33,Rejected,Male,Operations Department,c9,94620
675299,6/6/2014 10:34,Rejected,Male,Operations Department,c9,98326
261174,6/18/2014 10:43,Rejected,Don’t want to say,Operations Department,c9,97251
646326,5/29/2014 15:07,Rejected,Male,Operations Department,c9,79777
864921,5/29/2014 19:21,Rejected,Male,Operations Department,c9,74970
900760,8/18/2014 16:05,Rejected,Male,Operations Department,c9,53193
819539,8/18/2014 16:09,Rejected,Male,Operations Department,c9,16698
111548,8/22/2014 10:26,Rejected,Male,Operations Department,c9,62982
332641,8/6/2014 10:55,Rejected,Male,Production Department,c5,92172
457386,7/23/2014 9:32,Rejected,Male,Production Department,c5,4656
383089,8/8/2014 10:07,Rejected,Male,Production Department,c5,63653
794994,8/8/2014 10:08,Rejected,Male,Production Department,c5,97174
736323,5/29/2014 8:32,Rejected,Male,Operations Department,c-10,45782
894798,6/26/2014 9:01,Rejected,Male,Operations Department,c-10,37173
218423,6/17/2014 14:21,Rejected,Don’t want to say,Operations Department,i6,9465
873876,5/12/2014 9:31,Rejected,Male,Service Department,c-10,25927
38289,7/31/2014 10:09,Rejected,Female,Operations Department,c5,21823
166757,8/23/2014 17:36,Rejected,Female,Operations Department,c5,19349
970746,8/27/2014 8:18,Rejected,Male,Operations Department,c5,53579
505688,7/16/2014 15:30,Rejected,Male,Operations Department,c5,52969
318222,5/27/2014 9:33,Rejected,Male,Service Department,i6,77940
697675,6/13/2014 16:49,Rejected,Male,Service Department,i6,60505
193283,6/17/2014 11:42,Rejected,Male,Service Department,i6,7965
988379,7/15/2014 9:39,Rejected,Male,Service Department,i6,12753
232347,7/30/2014 12:12,Rejected,Male,Human Resource Department,c5,21305
582577,7/30/2014 12:12,Rejected,Female,Human Resource Department,c5,81590
941712,8/25/2014 10:29,Rejected,Male,Human Resource Department,c5,14054
830954,8/25/2014 10:30,Rejected,Female,Human Resource Department,c5,18564
754136,5/7/2014 9:33,Rejected,Male,Operations Department,c9,67493
351100,6/20/2014 8:06,Rejected,Male,Operations Department,c9,75441
936551,6/20/2014 8:08,Rejected,Male,Operations Department,c9,55723
486691,8/29/2014 9:33,Rejected,Female,Service Department,c9,59181
320349,7/21/2014 9:32,Rejected,Female,Operations Department,c9,60167
310590,5/13/2014 11:15,Rejected,Don’t want to say,Operations Department,i6,50296
440521,6/5/2014 9:32,Rejected,Female,Operations Department,i5,35008
463792,6/5/2014 11:14,Rejected,Male,Marketing Department,c8,13319
425716,6/15/2014 8:32,Rejected,Male,Marketing Department,c8,93669
973826,6/13/2014 14:57,Rejected,Female,Marketing Department,c8,3905
46345,5/15/2014 11:55,Rejected,Female,Operations Department,b9,86279
555761,6/27/2014 17:55,Rejected,Male,Operations Department,c5,30254
617724,7/16/2014 19:57,Rejected,Male,Service Department,c-10,47856
85704,7/17/2014 12:28,Rejected,Male,Service Department,c-10,78143
565144,6/4/2014 9:33,Rejected,Male,Service Department,c9,60327
729147,6/4/2014 9:35,Rejected,Female,Service Department,c9,23025
370861,6/4/2014 9:36,Rejected,Male,Service Department,c9,85066
770441,6/18/2014 9:32,Rejected,Female,Service Department,c9,18283
740719,6/18/2014 16:22,Rejected,Male,Service Department,i1,31891
626477,7/23/2014 9:35,Rejected,Female,Operations Department,c-10,41470
635120,8/8/2014 13:02,Rejected,Male,Operations Department,c-10,89851
635615,8/8/2014 13:06,Rejected,Female,Operations Department,c-10,97293
933638,8/29/2014 13:02,Rejected,Male,Operations Department,c-10,52117
548999,8/29/2014 13:03,Rejected,Male,Operations Department,c-10,78249
424720,6/12/2014 10:45,Rejected,Female,Operations Department,b9,95326
521257,6/12/2014 10:45,Rejected,Male,Operations Department,b9,28187
925140,6/12/2014 10:46,Rejected,Male,Operations Department,b9,95053
343398,6/17/2014 10:54,Rejected,Female,Operations Department,b9,36110
870959,7/31/2014 9:35,Rejected,Female,Operations Department,b9,89800
14362,8/6/2014 21:30,Rejected,Male,Operations Department,b9,49659
242795,5/8/2014 9:32,Rejected,Female,Service Department,c8,78027
946566,6/12/2014 16:36,Rejected,Male,Service Department,c8,63544
727363,7/17/2014 9:33,Rejected,Male,Service Department,c8,21586
532440,7/31/2014 13:16,Rejected,Female,Service Department,c8,67779
627866,5/12/2014 9:31,Rejected,Male,Operations Department,c9,53256
890953,5/12/2014 9:31,Rejected,Male,Operations Department,c9,2128
684773,5/27/2014 19:16,Rejected,Male,Sales Department,c5,16546
615673,7/28/2014 9:59,Rejected,Female,Service Department,c9,28612
783140,8/15/2014 5:42,Rejected,Male,Service Department,c9,6473
900316,8/15/2014 5:43,Rejected,Female,Service Department,c9,41513
797953,8/20/2014 12:45,Rejected,Male,Service Department,c9,6720
992696,5/1/2014 9:31,Rejected,Female,Finance Department,c5,43088
115756,5/1/2014 9:33,Rejected,Female,Finance Department,c5,17504
402021,8/14/2014 9:31,Rejected,Male,Operations Department,c9,8199
661492,8/12/2014 8:25,Rejected,Male,Service Department,i7,30938
564946,8/20/2014 13:11,Rejected,Male,Service Department,i7,37443
658298,7/1/2014 9:31,Rejected,Male,Service Department,c5,19783
651038,5/17/2014 15:12,Rejected,Female,Operations Department,i7,24709
389951,7/30/2014 9:31,Rejected,Male,Operations Department,i7,99619
856295,6/19/2014 9:31,Rejected,Male,Operations Department,c9,44815
643434,6/19/2014 9:33,Rejected,Female,Operations Department,c9,43792
910029,8/7/2014 17:22,Rejected,Male,Operations Department,c9,56250
315817,7/22/2014 18:34,Rejected,Male,Production Department,b9,14871
28531,7/22/2014 18:38,Rejected,Female,Production Department,b9,83828
194204,6/27/2014 9:38,Rejected,Female,Operations Department,c8,31185
750906,7/8/2014 14:45,Rejected,Female,Operations Department,c8,30750
847230,7/7/2014 16:39,Rejected,Male,Operations Department,c8,8032
288114,7/7/2014 16:38,Rejected,Don’t want to say,Operations Department,c8,19751
337546,7/28/2014 8:33,Rejected,Female,Operations Department,c8,46403
173651,7/28/2014 8:37,Rejected,Female,Operations Department,c8,40124
255595,7/25/2014 10:07,Rejected,Male,Service Department,i6,37952
303823,7/18/2014 18:53,Rejected,Male,Production Department,i5,16961
423082,5/26/2014 9:32,Rejected,Female,Service Department,i5,71419
376794,7/3/2014 19:28,Rejected,Male,Service Department,i5,78216
218659,7/3/2014 19:30,Rejected,Male,Service Department,i5,40743
684456,7/14/2014 9:32,Rejected,Female,Purchase Department,i5,83303
854644,5/10/2014 17:10,Rejected,Female,Service Department,i5,74733
58523,5/16/2014 7:25,Rejected,Female,Service Department,i5,34988
34542,7/16/2014 17:59,Rejected,Female,Service Department,i5,73966
214693,5/6/2014 12:26,Rejected,Male,Operations Department,c-10,74099
943418,5/27/2014 13:27,Rejected,Male,Operations Department,i7,59234
823654,6/5/2014 19:05,Rejected,Male,Service Department,i5,70676
560180,6/11/2014 9:09,Rejected,Female,Service Department,i5,86828
954148,6/27/2014 14:13,Rejected,Male,Service Department,i5,58548
749392,8/14/2014 9:39,Rejected,Female,Service Department,c9,22117
675897,8/8/2014 11:58,Rejected,Male,Service Department,c9,82935
929198,8/8/2014 12:05,Rejected,Female,Service Department,c9,48153
520656,5/9/2014 16:34,Rejected,Female,Operations Department,c9,35401
875997,5/28/2014 10:43,Rejected,Female,Operations Department,c-10,36047
250044,5/30/2014 9:31,Rejected,Male,Operations Department,c-10,47810
191373,6/3/2014 10:49,Rejected,Male,Operations Department,c9,83090
724798,6/27/2014 9:37,Rejected,Female,Operations Department,c-10,65820
427814,7/11/2014 17:13,Rejected,Male,Operations Department,c9,43484
363285,7/11/2014 17:15,Rejected,Female,Operations Department,c9,71650
315400,7/11/2014 17:19,Rejected,Female,Operations Department,c9,26586
646412,7/17/2014 21:07,Rejected,Male,Operations Department,c9,28310
682466,8/1/2014 9:36,Rejected,Male,Operations Department,c-10,47411
210703,8/1/2014 9:32,Rejected,Don’t want to say,Operations Department,c-10,14890
472307,8/4/2014 13:24,Rejected,Male,Operations Department,c9,85191
367647,8/5/2014 10:14,Rejected,Male,Operations Department,c-10,76634
928886,8/7/2014 16:19,Rejected,Male,Operations Department,c-10,30504
262826,8/11/2014 17:04,Rejected,Male,Operations Department,c9,97131
234192,8/21/2014 8:36,Rejected,Male,Operations Department,c9,70071
938949,5/10/2014 19:01,Rejected,Male,Operations Department,c-10,75525
350319,5/12/2014 10:53,Rejected,Male,Operations Department,i6,59448
422303,5/16/2014 6:57,Rejected,Male,Operations Department,i6,46044
454176,5/17/2014 16:39,Rejected,Female,Operations Department,i6,45064
274119,7/26/2014 15:49,Rejected,Male,Operations Department,i6,69312
858091,8/5/2014 13:57,Rejected,Male,Operations Department,c-10,55059
465580,8/29/2014 9:33,Rejected,Male,Operations Department,c5,40213
64417,5/7/2014 12:18,Rejected,Female,Service Department,i7,28118
926493,8/1/2014 17:55,Rejected,Female,Operations Department,c9,35917
574193,5/6/2014 9:33,Rejected,Female,Operations Department,c9,52260
151638,6/5/2014 16:28,Rejected,Female,Operations Department,c9,94176
187616,6/6/2014 23:05,Rejected,Male,Operations Department,c9,23845
242902,5/27/2014 9:33,Rejected,Male,Operations Department,c9,52897
858919,5/30/2014 17:36,Rejected,Male,Operations Department,c9,12903
683693,5/30/2014 17:39,Rejected,Male,Operations Department,c9,72419
505774,5/30/2014 17:41,Rejected,Female,Operations Department,c9,10711
25030,6/7/2014 8:56,Rejected,Male,Operations Department,c9,15869
263351,5/14/2014 16:34,Rejected,Female,Service Department,c9,72121
293469,6/4/2014 12:52,Rejected,Female,Production Department,b9,46930
869945,5/1/2014 17:06,Rejected,Don’t want to say,Service Department,i6,58813
646241,5/6/2014 9:05,Rejected,Male,Service Department,i6,13813
797943,5/6/2014 9:05,Rejected,Female,Service Department,i6,75702
198973,7/31/2014 8:18,Rejected,Male,Service Department,i6,79716
907042,7/31/2014 8:19,Rejected,Male,Service Department,i6,82978
408391,8/7/2014 23:44,Rejected,Male,Service Department,i6,91223
978034,7/24/2014 9:31,Rejected,Female,Operations Department,c5,40692
667800,7/28/2014 1:45,Rejected,Male,Sales Department,i7,70713
934451,8/2/2014 19:44,Rejected,Female,Operations Department,i7,29705
79209,8/2/2014 19:45,Rejected,Male,Operations Department,i7,71917
654902,8/2/2014 19:46,Rejected,Female,Operations Department,i7,81497
341578,6/6/2014 11:42,Rejected,Male,Service Department,c5,82979
397529,8/1/2014 9:31,Rejected,Female,Service Department,i7,89294
376176,8/5/2014 9:42,Rejected,Female,Service Department,i7,32415
685557,8/21/2014 14:11,Rejected,Female,Service Department,i7,61958
94729,8/29/2014 9:34,Rejected,Male,Service Department,i7,2937
161564,6/23/2014 9:32,Rejected,Male,Marketing Department,i7,72228
521497,6/2/2014 9:31,Rejected,Male,Operations Department,c5,90599
693232,6/5/2014 18:40,Rejected,Male,Operations Department,c5,55963
820462,6/5/2014 18:42,Rejected,Male,Operations Department,c5,11693
338168,8/26/2014 17:05,Rejected,Male,Operations Department,c5,62665
400997,8/26/2014 17:07,Rejected,Male,Operations Department,c5,13742
865824,5/15/2014 17:33,Rejected,Male,Purchase Department,i7,21968
791567,5/15/2014 17:33,Rejected,Female,Purchase Department,i7,97202
937046,5/12/2014 15:59,Rejected,Male,Purchase Department,i7,18058
811423,5/19/2014 7:14,Rejected,Male,Operations Department,c5,25752
116245,5/16/2014 13:11,Rejected,Male,Operations Department,c5,34184
612752,5/19/2014 12:03,Rejected,Male,Operations Department,c5,53486
410476,8/6/2014 9:33,Rejected,Male,Operations Department,c5,3535
696721,8/6/2014 9:35,Rejected,Male,Operations Department,c5,4669
462465,8/6/2014 9:36,Rejected,Female,Operations Department,c5,16510
362508,5/19/2014 9:32,Rejected,Male,Sales Department,c9,54755
138419,8/4/2014 9:35,Rejected,Male,Service Department,c9,97142
871896,7/23/2014 14:31,Rejected,Male,Purchase Department,c5,93275
681901,7/1/2014 9:31,Rejected,Male,Marketing Department,b9,5157
632762,5/10/2014 2:50,Rejected,Female,Service Department,i7,15272
339596,5/8/2014 13:49,Rejected,Female,Service Department,i7,57989
936596,5/9/2014 10:58,Rejected,Female,Service Department,i7,38039
324516,5/2/2014 19:30,Rejected,Male,Production Department,i7,18556
710275,6/3/2014 9:33,Rejected,Male,Production Department,i7,95833
368695,6/3/2014 9:34,Rejected,Male,Production Department,i7,24452
383727,6/5/2014 6:44,Rejected,Male,Production Department,i7,32664
761275,6/24/2014 17:58,Rejected,Female,Production Department,i7,32398
761694,7/8/2014 7:42,Rejected,Male,Production Department,i7,17015
324831,7/15/2014 9:36,Rejected,Female,Production Department,i7,49274
710204,7/23/2014 11:24,Rejected,Male,Production Department,i7,68058
478393,7/18/2014 16:46,Rejected,Female,Sales Department,c9,67764
14294,5/24/2014 15:00,Rejected,Male,Operations Department,c5,14118
820255,5/24/2014 15:01,Rejected,Male,Operations Department,c5,95117
356990,5/24/2014 15:01,Rejected,Female,Operations Department,c5,29794
55710,5/28/2014 18:10,Rejected,Male,Sales Department,i6,96644
381920,5/29/2014 17:41,Rejected,Male,Sales Department,i6,72500
757241,5/28/2014 13:40,Rejected,Female,Operations Department,c5,90793
867531,5/28/2014 9:35,Rejected,Male,Operations Department,c5,27331
908405,5/30/2014 12:26,Rejected,Male,Operations Department,c5,44086
325393,7/2/2014 9:31,Rejected,Male,Operations Department,c5,19809
237242,7/2/2014 9:33,Rejected,Female,Operations Department,c5,24872
628010,7/16/2014 9:33,Rejected,Female,Operations Department,i6,69519
20388,7/16/2014 9:34,Rejected,Female,Operations Department,i6,27797
752008,5/9/2014 9:31,Rejected,Male,Operations Department,c5,2024
630243,8/15/2014 9:31,Rejected,Male,Operations Department,i5,40213
794837,8/15/2014 9:36,Rejected,Female,Operations Department,i5,11588
555784,5/21/2014 15:51,Rejected,Female,Service Department,c5,56392
118876,5/22/2014 9:48,Rejected,Male,Service Department,c5,75595
176403,5/6/2014 18:35,Rejected,Male,Service Department,c5,45923
26113,5/11/2014 16:24,Rejected,Female,Service Department,c5,85470
622402,5/15/2014 14:29,Rejected,Male,Service Department,c5,29821
409430,5/21/2014 23:55,Rejected,Male,Service Department,c5,72485
879906,8/8/2014 9:32,Rejected,Male,Service Department,c5,89990
608096,8/12/2014 17:15,Rejected,Male,Service Department,c5,33982
335474,6/30/2014 9:37,Rejected,Male,Service Department,b9,43910
893448,8/15/2014 17:16,Rejected,Female,Service Department,b9,66474
800380,7/18/2014 19:47,Rejected,Female,Operations Department,c9,35763
198525,8/3/2014 12:57,Rejected,Male,Operations Department,c9,92478
459437,6/18/2014 18:41,Rejected,Male,Marketing Department,i7,40088
808039,6/19/2014 13:33,Rejected,Male,Marketing Department,i7,85815
830658,6/27/2014 16:52,Rejected,Female,Marketing Department,i7,72843
606813,6/27/2014 17:01,Rejected,Female,Marketing Department,i7,45843
789967,5/20/2014 5:06,Rejected,Female,Service Department,c9,8658
884737,5/20/2014 9:32,Rejected,Female,Service Department,c9,9313
401311,5/20/2014 9:35,Rejected,Female,Service Department,c9,51894
374187,7/28/2014 9:51,Rejected,Male,Service Department,c5,88171
341158,7/29/2014 9:35,Rejected,Female,Production Department,c5,54911
138086,5/23/2014 16:43,Rejected,Male,Service Department,c9,83838
550074,5/23/2014 16:45,Rejected,Male,Service Department,c9,79079
938548,5/23/2014 16:46,Rejected,Male,Service Department,c9,88647
414688,5/25/2014 17:42,Rejected,Male,Service Department,c9,58432
741857,5/25/2014 17:43,Rejected,Female,Service Department,c9,16259
533509,5/25/2014 17:43,Rejected,Male,Service Department,c9,39448
996137,6/4/2014 0:20,Rejected,Male,Service Department,c9,35447
345437,6/4/2014 0:22,Rejected,Female,Service Department,c9,73591
993889,8/6/2014 9:31,Rejected,Male,Service Department,c9,93509
424055,8/7/2014 10:31,Rejected,Male,Service Department,c9,67991
438481,8/29/2014 18:25,Rejected,Male,Service Department,c9,44087
639461,5/9/2014 9:31,Rejected,Male,Operations Department,i6,52473
739222,8/8/2014 9:32,Rejected,Male,Operations Department,i6,95679
333706,5/16/2014 9:31,Rejected,Male,Service Department,i5,84968
76897,7/14/2014 19:21,Rejected,Male,Service Department,i5,13125
189984,7/8/2014 15:38,Rejected,Male,Operations Department,c5,47237
327918,7/8/2014 15:38,Rejected,Female,Operations Department,c5,41310
897259,7/22/2014 11:43,Rejected,Female,Operations Department,c5,90757
697955,8/7/2014 2:33,Rejected,Female,Operations Department,c5,40298
164990,8/7/2014 2:34,Rejected,Female,Operations Department,c5,10008
394687,5/6/2014 8:10,Rejected,Male,Operations Department,c5,86673
871022,5/6/2014 15:53,Rejected,Female,Sales Department,i6,11865
959754,5/8/2014 8:26,Rejected,Male,Sales Department,i6,75626
277759,7/14/2014 9:35,Rejected,Male,Sales Department,i6,19789
676227,7/26/2014 16:51,Rejected,Male,Sales Department,i6,98494
414495,7/26/2014 16:54,Rejected,Female,Sales Department,i6,37834
841640,6/10/2014 9:31,Rejected,Male,Service Department,b9,86552
682095,5/30/2014 8:49,Rejected,Female,General Management,c9,70817
259560,5/30/2014 8:50,Rejected,Female,General Management,c9,28024
249970,5/30/2014 8:51,Rejected,Female,General Management,c9,55444
896758,5/30/2014 8:51,Rejected,Female,General Management,c9,29079
452242,5/30/2014 8:53,Rejected,Female,General Management,c9,74501
812669,6/25/2014 12:31,Rejected,Male,Service Department,c9,12913
465732,5/8/2014 16:58,Rejected,Male,Service Department,c9,19532
669918,5/16/2014 10:31,Rejected,Female,Service Department,c9,46401
643853,5/16/2014 14:07,Rejected,Male,Service Department,c9,41234
783986,8/27/2014 23:41,Rejected,Female,Service Department,c9,90479
916320,8/27/2014 10:26,Rejected,Female,Operations Department,i7,70508
940140,5/26/2014 9:31,Rejected,Female,Finance Department,i5,45244
756546,7/14/2014 9:32,Rejected,Male,Operations Department,c5,32671
820704,5/22/2014 9:10,Rejected,Female,Production Department,c5,75377
958425,5/22/2014 9:15,Rejected,Male,Production Department,c5,55893
37226,7/29/2014 9:33,Rejected,Male,Production Department,c5,36245
458506,8/8/2014 11:55,Rejected,Male,Production Department,c5,66187
961095,5/1/2014 18:40,Rejected,Female,Finance Department,c5,66907
86378,5/1/2014 18:41,Rejected,Female,Finance Department,c5,60562
128693,5/1/2014 18:44,Rejected,Female,Finance Department,c5,83932
864459,5/6/2014 7:46,Rejected,Female,Finance Department,c5,75118
958601,5/7/2014 7:15,Rejected,Female,Finance Department,c5,55682
662943,6/19/2014 9:35,Rejected,Female,Finance Department,c5,66388
873172,8/7/2014 19:22,Rejected,Female,Finance Department,c5,38837
373642,5/3/2014 15:47,Rejected,Male,Operations Department,i7,98778
85171,7/31/2014 20:05,Rejected,Male,Operations Department,c9,78280
955191,7/31/2014 20:05,Rejected,Male,Operations Department,c9,99081
994969,8/20/2014 18:00,Rejected,Male,Operations Department,c9,18158
537930,5/20/2014 18:34,Rejected,Male,Operations Department,c9,23366
333993,5/20/2014 18:34,Rejected,Female,Operations Department,c9,88965
663884,5/20/2014 18:34,Rejected,Female,Operations Department,c9,20609
932226,6/30/2014 9:32,Rejected,Don’t want to say,Operations Department,c9,57969
502577,5/10/2014 16:12,Rejected,Male,Service Department,i5,84242
33296,5/30/2014 19:16,Rejected,Female,Service Department,i5,93574
218656,6/19/2014 17:04,Rejected,Female,Service Department,i5,26301
202191,5/22/2014 15:58,Rejected,Female,General Management,i5,82691
830375,5/22/2014 15:58,Rejected,Don’t want to say,General Management,i5,63434
196497,8/29/2014 10:48,Rejected,Female,Service Department,i7,90776
383744,7/10/2014 13:47,Rejected,Male,Operations Department,i6,76586
691745,6/9/2014 14:06,Rejected,Male,Service Department,i1,84415
295468,5/9/2014 8:01,Rejected,Female,Service Department,c5,67947
269765,5/9/2014 8:05,Rejected,Female,Service Department,c5,93217
133498,6/30/2014 9:32,Rejected,Male,Operations Department,i5,83160
228080,6/30/2014 13:02,Rejected,Male,Operations Department,i5,54681
143505,6/9/2014 9:31,Rejected,Male,Operations Department,c9,69928
265974,8/5/2014 8:28,Rejected,Female,Operations Department,c9,18527
139428,8/20/2014 8:35,Rejected,Male,Operations Department,c9,85643
416679,8/20/2014 8:36,Rejected,Male,Operations Department,c9,23207
47827,7/8/2014 9:35,Rejected,Female,Service Department,c5,94106
677237,7/8/2014 9:37,Rejected,Female,Service Department,c5,50346
108388,7/17/2014 9:04,Rejected,Female,Service Department,c5,59536
903299,7/17/2014 9:05,Rejected,Male,Service Department,c5,5672
732908,5/28/2014 14:05,Rejected,Male,Operations Department,c5,3457
551077,5/23/2014 19:52,Rejected,Male,Sales Department,c5,11675
705137,5/29/2014 9:04,Rejected,Female,Sales Department,c5,9907
240259,6/26/2014 17:20,Rejected,Male,Operations Department,c9,13293
82580,7/6/2014 12:59,Rejected,Male,Operations Department,c9,79569
306926,8/11/2014 10:28,Rejected,Male,Service Department,c5,72811
203851,6/20/2014 9:35,Rejected,Female,Service Department,i6,86952
735772,6/24/2014 19:44,Rejected,Male,Service Department,i6,34899
224763,8/6/2014 14:26,Rejected,Male,Service Department,i6,85285
134816,8/18/2014 14:10,Rejected,Male,Service Department,i6,41248
887107,8/19/2014 18:21,Rejected,Male,Service Department,i6,32270
676220,8/29/2014 14:54,Rejected,Female,Service Department,i6,51856
334882,8/30/2014 19:34,Rejected,Female,Service Department,i6,12418
138713,7/11/2014 15:53,Rejected,Male,Marketing Department,c9,54495
92932,8/22/2014 9:49,Rejected,Male,Marketing Department,c9,16244
702282,6/25/2014 16:24,Rejected,Male,Sales Department,i5,75312
756958,8/11/2014 9:11,Rejected,Male,Sales Department,i5,56856
401885,8/27/2014 15:14,Rejected,Female,Sales Department,i5,34424
977885,8/5/2014 9:34,Rejected,Male,Production Department,c9,85648
759940,8/19/2014 9:35,Rejected,Female,Human Resource Department,i7,6210
917163,7/18/2014 15:38,Rejected,Male,Service Department,i7,12378
29644,7/23/2014 9:18,Rejected,Female,Service Department,i7,7523
603033,5/13/2014 10:13,Rejected,Female,Finance Department,c5,5937
666894,6/13/2014 9:32,Rejected,Male,Operations Department,c9,54655
757116,6/17/2014 14:45,Rejected,Male,Operations Department,c9,60526
503722,6/17/2014 14:47,Rejected,Male,Operations Department,c9,48534
361677,6/23/2014 18:09,Rejected,Male,Operations Department,i5,27720
796883,7/15/2014 18:12,Rejected,Male,Operations Department,c9,4302
445396,7/15/2014 18:13,Rejected,Male,Operations Department,c9,78615
818471,8/4/2014 9:32,Rejected,Don’t want to say,Sales Department,c5,96143
455144,7/29/2014 9:31,Rejected,Male,Operations Department,c9,93524
796754,6/18/2014 5:03,Rejected,Male,Service Department,i7,74895
396583,6/17/2014 9:31,Rejected,Female,Operations Department,c8,3299
289694,8/19/2014 13:36,Rejected,Female,Sales Department,c9,54824
944867,6/25/2014 9:13,Rejected,Female,Operations Department,c9,5943
323856,5/15/2014 1:52,Rejected,Female,Operations Department,c9,51700
774673,5/15/2014 1:54,Rejected,Male,Operations Department,c9,38128
809652,5/15/2014 1:54,Rejected,Male,Operations Department,c9,90974
395762,5/27/2014 10:02,Rejected,Female,Operations Department,c9,26155
317066,5/27/2014 10:03,Rejected,Female,Operations Department,c9,92019
129673,8/7/2014 19:12,Rejected,Don’t want to say,Operations Department,c9,72713
21036,5/3/2014 11:54,Rejected,Male,Service Department,c9,49980
105267,5/7/2014 18:15,Rejected,Female,Service Department,c9,51514
811237,5/23/2014 16:11,Rejected,Male,Service Department,c9,98822
442247,5/23/2014 16:12,Rejected,Male,Service Department,c9,29549
667353,5/31/2014 4:37,Rejected,Male,Service Department,c9,69971
24614,5/31/2014 4:38,Rejected,Female,Service Department,c9,28630
595340,7/30/2014 13:22,Rejected,Male,Operations Department,c9,15724
408355,7/31/2014 9:32,Rejected,Male,Purchase Department,i7,87549
290098,5/15/2014 12:44,Rejected,Male,Operations Department,c9,94891
822612,5/27/2014 20:10,Rejected,Male,Service Department,b9,42771
386275,6/2/2014 9:31,Rejected,Male,Operations Department,c9,22233
391286,6/2/2014 9:34,Rejected,Female,Operations Department,c9,68338
895918,6/4/2014 9:26,Rejected,Female,Finance Department,c9,50464
847108,6/4/2014 12:22,Rejected,Female,Finance Department,c9,6511
614421,7/14/2014 16:37,Rejected,Female,Finance Department,c9,54960
349272,8/25/2014 9:31,Rejected,Female,Finance Department,c9,86956
84426,5/13/2014 9:31,Rejected,Male,Service Department,c9,90036
644591,5/29/2014 17:32,Rejected,Female,Service Department,b9,12164
697072,5/5/2014 3:02,Rejected,Male,Operations Department,c5,70695
893669,5/9/2014 9:38,Rejected,Male,Operations Department,c5,79384
545835,7/1/2014 9:33,Rejected,Female,Operations Department,c5,61437
441809,7/1/2014 19:45,Rejected,Don’t want to say,Operations Department,c5,25703
808137,7/1/2014 9:32,Rejected,Male,Operations Department,c9,68750
832505,7/26/2014 19:32,Rejected,Male,Operations Department,c9,79900
965843,5/14/2014 9:31,Rejected,Male,Operations Department,i6,80001
274945,6/25/2014 9:31,Rejected,Male,Operations Department,i6,23164
274979,6/25/2014 9:34,Rejected,Female,Operations Department,i6,82105
822904,7/9/2014 13:51,Rejected,Male,Sales Department,c9,47798
473552,6/27/2014 17:26,Rejected,Female,Sales Department,c9,7877
625087,8/28/2014 9:31,Rejected,Male,Sales Department,c9,33446
556795,8/28/2014 9:40,Rejected,Female,Sales Department,c9,37177
189578,5/16/2014 9:32,Rejected,Female,Service Department,i7,19402
87101,6/22/2014 10:13,Rejected,Female,Service Department,c8,95425
692210,6/22/2014 10:14,Rejected,Female,Service Department,c8,86601
874563,5/26/2014 8:10,Rejected,Male,Marketing Department,b9,66660
273267,6/17/2014 10:58,Rejected,Male,Marketing Department,i5,17318
826650,7/15/2014 14:14,Rejected,Female,Marketing Department,i5,35596
324902,7/1/2014 9:35,Rejected,Female,Finance Department,c5,73166
26533,7/22/2014 18:40,Rejected,Female,Finance Department,c5,52761
388477,7/28/2014 12:14,Rejected,Don’t want to say,Service Department,c9,27505
378377,7/31/2014 19:44,Rejected,Male,Service Department,c9,98562
919761,6/13/2014 18:25,Rejected,Male,Operations Department,c5,41431
384224,6/25/2014 13:39,Rejected,Don’t want to say,Operations Department,c5,91019
500670,6/2/2014 18:11,Rejected,Male,Operations Department,c5,20716
995454,6/3/2014 11:30,Rejected,Male,Operations Department,c5,77256
662801,7/28/2014 13:30,Rejected,Male,Operations Department,c5,16216
21885,8/1/2014 22:05,Rejected,Male,Operations Department,c5,16102
37621,8/1/2014 22:07,Rejected,Male,Operations Department,c5,59191
512990,7/21/2014 9:34,Rejected,Male,Operations Department,c5,43999
911449,7/28/2014 9:31,Rejected,Male,Operations Department,c5,99841
256732,7/31/2014 15:40,Rejected,Female,Operations Department,c5,78708
443271,7/31/2014 15:45,Rejected,Male,Operations Department,c5,95428
585661,8/6/2014 17:46,Rejected,Male,Operations Department,c5,56005
844475,8/14/2014 13:21,Rejected,Male,Operations Department,c5,16304
152700,5/8/2014 13:34,Rejected,Male,Operations Department,b9,56014
927127,5/30/2014 17:43,Rejected,Female,Operations Department,c5,26991
836835,6/9/2014 9:32,Rejected,Female,Finance Department,c5,80654
337196,6/15/2014 13:09,Rejected,Male,Service Department,i5,83380
904958,6/16/2014 12:34,Rejected,Don’t want to say,Service Department,i5,12043
202037,8/12/2014 5:16,Rejected,Female,Operations Department,i5,28817
138910,5/1/2014 12:04,Rejected,Female,Service Department,c9,98052
744516,5/31/2014 13:50,Rejected,Male,Service Department,c9,34912
827835,5/31/2014 13:51,Rejected,Male,Service Department,c9,45139
508644,8/4/2014 9:32,Rejected,Female,Service Department,c5,94103
549650,8/6/2014 18:36,Rejected,Female,Service Department,c9,64110
340562,8/6/2014 18:39,Rejected,Female,Service Department,c9,56077
808516,8/7/2014 10:58,Rejected,Male,Service Department,c5,8816
708131,6/10/2014 9:32,Rejected,Male,Service Department,b9,39503
812043,6/11/2014 14:42,Rejected,Female,Service Department,c9,63058
470212,6/11/2014 14:44,Rejected,Male,Service Department,c9,34103
432824,6/12/2014 15:05,Rejected,Male,Service Department,i7,28230
159635,6/20/2014 1:11,Rejected,Female,Service Department,c9,94924
661058,6/23/2014 15:27,Rejected,Male,Service Department,i7,52213
340089,6/29/2014 9:43,Rejected,Male,Service Department,i7,11374
712161,7/3/2014 9:06,Rejected,Male,Service Department,i7,13426
994949,7/7/2014 20:14,Rejected,Male,Service Department,i7,23484
469760,7/14/2014 10:37,Rejected,Male,Service Department,i7,98626
988813,7/14/2014 10:40,Rejected,Male,Service Department,i7,64968
285644,8/6/2014 15:15,Rejected,Male,Service Department,i7,83851
416704,8/15/2014 11:02,Rejected,Male,Service Department,i7,16136
153036,8/3/2014 3:05,Rejected,Male,Service Department,i7,88372
527414,8/15/2014 5:50,Rejected,Male,Service Department,c9,64808
384327,8/18/2014 17:22,Rejected,Don’t want to say,Service Department,b9,29034
168921,8/26/2014 11:22,Rejected,Female,Service Department,i7,42405
89996,7/29/2014 19:40,Rejected,Female,Marketing Department,i6,76246
639922,5/7/2014 9:34,Rejected,Female,Service Department,b9,84559
834391,5/8/2014 18:37,Rejected,Male,Service Department,b9,94532
551086,8/21/2014 17:45,Rejected,Female,Service Department,b9,97491
47896,8/21/2014 17:46,Rejected,Male,Service Department,b9,1251
478340,6/25/2014 17:57,Rejected,Male,Operations Department,i5,62984
283022,8/22/2014 9:24,Rejected,Female,Service Department,c5,42052
703363,8/5/2014 19:52,Rejected,Male,Service Department,i5,38880
73267,8/30/2014 7:18,Rejected,Male,Service Department,i5,58547
808514,8/30/2014 7:21,Rejected,Male,Service Department,i5,61895
200966,8/7/2014 9:09,Rejected,Male,Service Department,b9,10383
732025,8/13/2014 11:50,Rejected,Male,Service Department,b9,98218
259771,7/4/2014 9:31,Rejected,Male,Sales Department,c5,36553
227346,7/4/2014 9:32,Rejected,Female,Sales Department,c5,9809
601759,7/14/2014 15:42,Rejected,Don’t want to say,Sales Department,c5,25861
651902,8/1/2014 9:31,Rejected,Female,Sales Department,c5,16421
886667,8/1/2014 9:32,Rejected,Male,Sales Department,c5,75908
551264,5/12/2014 9:32,Rejected,Male,Operations Department,c5,44105
359396,5/15/2014 13:02,Rejected,Female,Operations Department,c5,74233
56628,6/30/2014 9:33,Rejected,Male,Operations Department,i7,5298
628437,5/9/2014 7:39,Rejected,Female,Sales Department,c5,34572
207769,6/16/2014 14:24,Rejected,Male,Sales Department,c5,52828
610665,5/26/2014 9:32,Rejected,Male,Service Department,i5,70510
110906,5/19/2014 7:08,Rejected,Male,Production Department,i7,77639
271935,5/22/2014 18:25,Rejected,Male,Production Department,i7,35203
178516,6/20/2014 17:53,Rejected,Male,Production Department,i7,4446
676521,6/27/2014 7:04,Rejected,Male,Production Department,i7,22895
718399,7/21/2014 14:58,Rejected,Female,Production Department,i7,83350
766283,7/21/2014 15:02,Rejected,Male,Production Department,i7,35970
867620,8/13/2014 18:56,Rejected,Female,Production Department,i7,55717
436657,7/15/2014 9:31,Rejected,Male,Purchase Department,c5,35811
297331,7/18/2014 7:40,Rejected,Female,Purchase Department,c5,21674
378942,5/24/2014 17:15,Rejected,Female,Operations Department,i7,26686
805679,7/30/2014 15:39,Rejected,Male,Operations Department,i7,74073
251545,8/1/2014 19:22,Rejected,Male,Operations Department,i7,90511
405576,8/1/2014 19:23,Rejected,Male,Operations Department,i7,30520
816300,5/14/2014 10:28,Rejected,Female,Service Department,b9,42369
361525,5/14/2014 10:24,Rejected,Don’t want to say,Service Department,b9,16843
24876,8/25/2014 13:53,Rejected,Female,Production Department,c8,45036
464527,5/24/2014 13:45,Rejected,Female,Purchase Department,i6,69619
170202,6/20/2014 9:32,Rejected,Don’t want to say,Purchase Department,i6,59150
735736,5/21/2014 16:46,Rejected,Male,Operations Department,i6,39805
675824,6/26/2014 17:43,Rejected,Male,Sales Department,c5,10428
991538,7/10/2014 19:16,Rejected,Female,Sales Department,c5,68181
260407,8/29/2014 10:56,Rejected,Male,Operations Department,c5,36282
605785,5/2/2014 10:45,Rejected,Male,Operations Department,c5,83945
470160,5/6/2014 9:33,Rejected,Male,Operations Department,c5,62884
202085,6/24/2014 9:35,Rejected,Female,Operations Department,c5,79107
817536,7/10/2014 19:27,Rejected,Male,Operations Department,c5,65630
915263,6/12/2014 12:54,Rejected,Female,Service Department,c9,27944
552486,6/12/2014 12:53,Rejected,Don’t want to say,Service Department,c9,75940
796649,5/1/2014 7:49,Rejected,Male,Service Department,c8,61453
412158,5/2/2014 18:41,Rejected,Male,Service Department,c8,48016
963023,5/12/2014 12:12,Rejected,Female,Service Department,c8,27964
222444,5/12/2014 12:14,Rejected,Male,Service Department,c8,54536
428971,5/13/2014 10:18,Rejected,Male,Service Department,c8,30649
149278,5/13/2014 10:19,Rejected,Female,Service Department,c8,84904
99387,5/27/2014 16:58,Rejected,Male,Service Department,c8,99029
741431,5/27/2014 16:58,Rejected,Male,Service Department,c8,62501
445207,5/21/2014 13:36,Rejected,Female,Operations Department,c8,86637
51522,6/11/2014 13:07,Rejected,Male,Operations Department,c8,99295
276324,6/25/2014 12:34,Rejected,Don’t want to say,Operations Department,c8,79762
619419,7/4/2014 10:52,Rejected,Male,Operations Department,c8,13886
986281,7/4/2014 10:55,Rejected,Male,Operations Department,c8,74370
192514,7/4/2014 10:55,Rejected,Male,Operations Department,c8,23825
175812,7/23/2014 9:32,Rejected,Male,Operations Department,c8,28508
285721,7/9/2014 9:31,Rejected,Male,Service Department,c8,39299
727514,7/22/2014 8:17,Rejected,Male,Operations Department,c5,84326
808477,7/22/2014 8:19,Rejected,Male,Operations Department,c5,39503
772058,7/22/2014 8:18,Rejected,Female,Operations Department,c5,51121
383200,7/22/2014 8:17,Rejected,Don’t want to say,Operations Department,c5,46191
931111,7/28/2014 12:38,Rejected,Male,Operations Department,i5,82917
677644,7/31/2014 8:53,Rejected,Female,Operations Department,i5,77018
894498,8/8/2014 12:38,Rejected,Female,Operations Department,i5,47942
869256,5/1/2014 9:31,Rejected,Male,Operations Department,c9,7906
552496,5/31/2014 11:57,Rejected,Male,Operations Department,c5,27939
804046,6/27/2014 9:31,Rejected,Male,Operations Department,i5,42610
526522,8/15/2014 9:35,Rejected,Female,Operations Department,i5,13911
813660,8/22/2014 9:31,Rejected,Male,Operations Department,i5,42998
669965,8/6/2014 6:21,Rejected,Female,Production Department,c9,45850
861705,7/7/2014 9:35,Rejected,Male,Sales Department,i7,11184
176366,7/9/2014 10:11,Rejected,Male,Sales Department,c5,41179
924809,7/9/2014 10:15,Rejected,Male,Sales Department,c5,44275
397725,7/11/2014 11:15,Rejected,Female,Operations Department,i7,3474
509555,7/14/2014 9:32,Rejected,Female,Operations Department,i7,49225
472651,7/14/2014 9:35,Rejected,Male,Operations Department,i7,62015
757289,6/24/2014 9:31,Rejected,Male,Operations Department,b9,9793
542200,7/15/2014 9:31,Rejected,Male,Service Department,i7,44540
960012,6/4/2014 12:58,Rejected,Don’t want to say,Operations Department,c9,99081
986480,6/4/2014 12:59,Rejected,Don’t want to say,Operations Department,c9,87393
374218,6/24/2014 11:26,Rejected,Female,Operations Department,c9,63733
100229,6/28/2014 7:51,Rejected,Female,Operations Department,c5,53324
212961,5/22/2014 9:31,Rejected,Male,Operations Department,i7,27555
523692,7/18/2014 9:31,Rejected,Male,Marketing Department,i5,92689
445735,5/30/2014 9:31,Rejected,Male,Operations Department,b9,3010
171084,8/25/2014 9:34,Rejected,Female,Operations Department,c9,41246
986877,5/11/2014 9:54,Rejected,Male,Service Department,c8,97918
958482,5/11/2014 9:54,Rejected,Don’t want to say,Service Department,c8,21746
273296,6/6/2014 13:38,Rejected,Male,Service Department,c9,11320
362955,7/25/2014 15:16,Rejected,Don’t want to say,Service Department,c5,41227
782332,8/15/2014 16:15,Rejected,Female,Service Department,c9,5040
145093,8/19/2014 19:43,Rejected,Male,Service Department,c9,86339
229560,7/18/2014 9:56,Rejected,Female,Operations Department,c5,96985
162372,5/16/2014 9:36,Rejected,Female,Purchase Department,i7,48811
977642,6/5/2014 12:29,Rejected,Male,Purchase Department,i7,57686
765524,6/5/2014 12:29,Rejected,Male,Purchase Department,i7,11862
49710,6/5/2014 12:31,Rejected,Male,Purchase Department,i7,85940
288909,6/5/2014 12:31,Rejected,Male,Purchase Department,i7,67215
711106,6/20/2014 7:15,Rejected,Male,Operations Department,c9,72872
700779,7/10/2014 17:20,Rejected,Male,Operations Department,c9,18049
984893,8/1/2014 11:54,Rejected,Male,Operations Department,c9,98446
382496,8/5/2014 16:00,Rejected,Male,Operations Department,c9,84044
175583,5/19/2014 12:33,Rejected,Female,Service Department,i1,38954
879017,8/7/2014 10:09,Rejected,Female,Service Department,i5,22974
222409,7/4/2014 10:00,Rejected,Female,Operations Department,c5,78053
140183,7/31/2014 9:31,Rejected,Male,Sales Department,i7,76469
53530,5/29/2014 16:12,Rejected,Male,Service Department,c5,63431
326698,5/31/2014 0:46,Rejected,Male,Service Department,c5,91576
824244,7/4/2014 9:32,Rejected,Male,Service Department,c5,64551
142690,5/12/2014 9:31,Rejected,Don’t want to say,Sales Department,b9,43660
901790,5/10/2014 17:38,Rejected,Female,Service Department,i5,44748
897272,5/21/2014 13:18,Rejected,Don’t want to say,Production Department,c5,22264
372503,5/31/2014 22:09,Rejected,Female,Finance Department,i5,53916
803907,5/31/2014 22:09,Rejected,Don’t want to say,Finance Department,i5,5911
498218,7/8/2014 9:31,Rejected,Female,Finance Department,c5,98527
288898,5/14/2014 9:35,Rejected,Male,Sales Department,c9,74689
109984,5/29/2014 19:54,Rejected,Male,Sales Department,c9,78640
211374,5/27/2014 14:13,Rejected,Male,Service Department,c5,7727
913104,8/5/2014 11:07,Rejected,Male,Service Department,b9,78741
877234,5/21/2014 18:08,Rejected,Male,Operations Department,c9,13609
211689,5/5/2014 9:33,Rejected,Female,Operations Department,i6,96350
80545,5/26/2014 9:32,Rejected,Female,Operations Department,i6,35833
628609,5/13/2014 22:42,Rejected,Female,Production Department,i6,52656
220491,5/24/2014 7:10,Rejected,Male,Production Department,i6,81463
961990,6/11/2014 10:11,Rejected,Male,Sales Department,c9,36776
386600,6/21/2014 2:10,Rejected,Male,Sales Department,b9,4892
249754,6/21/2014 2:12,Rejected,Male,Sales Department,b9,48222
139619,6/21/2014 2:13,Rejected,Female,Sales Department,b9,83296
777513,6/16/2014 9:31,Rejected,Male,Sales Department,c9,41843
589852,6/20/2014 13:57,Rejected,Male,Sales Department,c9,81290
41532,6/27/2014 10:57,Rejected,Don’t want to say,Sales Department,b9,52214
946296,8/8/2014 11:43,Rejected,Female,Operations Department,i7,6783
570413,8/8/2014 11:42,Rejected,Female,Operations Department,i7,6224
220070,8/14/2014 15:47,Rejected,Female,Sales Department,c9,5917
962745,5/22/2014 15:15,Rejected,Male,Operations Department,c5,30637
391333,5/23/2014 9:35,Rejected,Male,Service Department,i5,91920
771658,5/17/2014 13:58,Rejected,Male,Operations Department,c9,82718
191186,5/29/2014 14:16,Rejected,Male,Operations Department,c9,25627
476705,6/13/2014 9:32,Rejected,Male,Operations Department,c9,76771
864490,5/19/2014 19:37,Rejected,Male,Operations Department,c9,64995
239312,6/12/2014 16:11,Rejected,Male,Operations Department,c9,11583
450326,7/4/2014 19:07,Rejected,Female,Operations Department,c5,53110
692156,7/4/2014 19:10,Rejected,Male,Operations Department,c5,96435
287282,7/21/2014 9:33,Rejected,Female,Operations Department,c5,68115
411122,8/1/2014 13:12,Rejected,Don’t want to say,Operations Department,c5,6861
879110,8/1/2014 13:14,Rejected,Don’t want to say,Operations Department,c5,24435
808760,6/30/2014 9:31,Rejected,Female,Sales Department,c5,89061
36448,8/23/2014 8:43,Rejected,Female,Operations Department,c5,92809
51387,8/29/2014 11:09,Rejected,Male,Service Department,c9,39630
187628,5/13/2014 9:32,Rejected,Female,Operations Department,i7,87060
476863,5/21/2014 7:33,Rejected,Male,Operations Department,i7,86320
654399,6/17/2014 13:27,Rejected,Male,Service Department,c5,87338
850119,6/7/2014 15:13,Rejected,Female,Finance Department,i6,24204
496401,7/10/2014 9:51,Rejected,Female,Finance Department,i6,99762
294190,7/10/2014 9:51,Rejected,Female,Finance Department,i6,67051
588537,7/10/2014 9:52,Rejected,Female,Finance Department,i6,13802
265882,7/10/2014 9:57,Rejected,Female,Finance Department,i6,56785
571114,5/13/2014 17:32,Rejected,Male,Production Department,c5,91926
529167,5/6/2014 12:35,Rejected,Female,Purchase Department,c9,55175
589965,5/8/2014 9:32,Rejected,Male,Purchase Department,c9,64388
191002,5/13/2014 19:35,Rejected,Female,Purchase Department,c9,23976
872734,5/13/2014 19:36,Rejected,Male,Purchase Department,c9,87545
890170,5/13/2014 19:37,Rejected,Male,Purchase Department,c9,56592
355469,5/13/2014 19:38,Rejected,Male,Purchase Department,c9,21741
527847,7/18/2014 19:47,Rejected,Male,Purchase Department,c9,10127
944319,7/18/2014 19:51,Rejected,Female,Purchase Department,c9,17048
680526,8/29/2014 9:33,Rejected,Female,Purchase Department,c9,30324
373265,5/23/2014 9:31,Rejected,Male,Operations Department,c5,82628
264413,8/14/2014 11:22,Rejected,Don’t want to say,Operations Department,c9,84552
786103,8/22/2014 13:50,Rejected,Female,Operations Department,b9,19217
596520,8/27/2014 13:56,Rejected,Female,Operations Department,c9,43284
716768,8/25/2014 9:34,Rejected,Male,Operations Department,i5,5433
656787,5/23/2014 17:58,Rejected,Female,Service Department,c9,32731
825365,5/16/2014 17:45,Rejected,Male,Service Department,c9,66849
114826,8/20/2014 15:22,Rejected,Female,Service Department,c9,41054
899997,8/20/2014 18:46,Rejected,Female,Service Department,c9,91371
169266,8/20/2014 18:51,Rejected,Female,Service Department,c9,1188
161963,8/20/2014 18:56,Rejected,Female,Service Department,c9,68381
897881,8/20/2014 18:56,Rejected,Female,Service Department,c9,7690
590522,8/28/2014 16:20,Rejected,Female,Service Department,c9,91558
646084,5/29/2014 7:31,Rejected,Female,Operations Department,c8,89351
604800,6/26/2014 10:21,Rejected,Male,Sales Department,i5,78196
930905,6/26/2014 10:24,Rejected,Male,Sales Department,i5,25454
909614,7/2/2014 12:00,Rejected,Female,Sales Department,i5,96078
591038,7/2/2014 12:01,Rejected,Female,Sales Department,i5,42203
365351,6/25/2014 18:33,Rejected,Female,Operations Department,c9,45092
322814,6/25/2014 18:34,Rejected,Female,Operations Department,c9,86015
498378,5/1/2014 9:34,Rejected,Male,Operations Department,c5,64300
516009,5/2/2014 17:43,Rejected,Female,Operations Department,c5,52475
76858,7/10/2014 9:31,Rejected,Male,Service Department,c9,69372
45586,7/10/2014 9:31,Rejected,Male,Service Department,c9,57732
602613,5/3/2014 19:26,Rejected,Female,Operations Department,i7,60876
825318,6/30/2014 15:29,Rejected,Male,Operations Department,i7,85202
677490,6/30/2014 15:30,Rejected,Male,Operations Department,i7,66876
84522,6/6/2014 16:49,Rejected,Male,Human Resource Department,i5,12247
713246,6/25/2014 9:10,Rejected,Male,Human Resource Department,i5,48995
223386,6/27/2014 19:37,Rejected,Female,Human Resource Department,i5,33123
236922,6/20/2014 9:32,Rejected,Male,Human Resource Department,i5,69383
415631,6/24/2014 12:48,Rejected,Male,Human Resource Department,i5,39293
307227,5/23/2014 9:35,Rejected,Male,Operations Department,c5,54160
609596,7/21/2014 11:17,Rejected,Male,Operations Department,c5,95702
911832,7/21/2014 11:17,Rejected,Male,Operations Department,c5,4665
203158,7/22/2014 13:07,Rejected,Male,Operations Department,c9,81419
142362,7/22/2014 13:08,Rejected,Female,Operations Department,c9,75180
950745,7/22/2014 13:07,Rejected,Don’t want to say,Operations Department,c9,36897
438945,8/4/2014 13:21,Rejected,Male,Operations Department,c5,58513
394250,8/4/2014 13:22,Rejected,Male,Operations Department,c5,54952
882084,8/4/2014 13:23,Rejected,Male,Operations Department,c5,60226
573438,8/1/2014 12:15,Rejected,Male,Operations Department,c9,44750
492572,8/5/2014 6:34,Rejected,Female,Operations Department,c9,47467
865052,8/5/2014 6:35,Rejected,Female,Operations Department,c9,18125
82756,6/21/2014 20:54,Rejected,Female,Finance Department,c9,26560
706625,5/19/2014 9:36,Rejected,Female,Service Department,b9,40517
858811,7/9/2014 16:39,Rejected,Male,Service Department,b9,37921
482929,5/31/2014 15:43,Rejected,Male,Production Department,c5,27444
587398,5/31/2014 15:44,Rejected,Male,Production Department,c5,33554
448993,5/31/2014 15:44,Rejected,Female,Production Department,c5,75895
119064,7/9/2014 19:17,Rejected,Male,Production Department,c5,14237
96027,7/17/2014 18:21,Rejected,Male,Service Department,c5,26058
120567,7/17/2014 18:24,Rejected,Female,Service Department,c5,53350
569868,6/17/2014 9:37,Rejected,Female,Operations Department,c8,57447
500344,7/30/2014 10:49,Rejected,Male,Operations Department,c8,92701
651323,7/30/2014 10:51,Rejected,Female,Operations Department,c8,72220
791199,7/30/2014 10:49,Rejected,Don’t want to say,Operations Department,c8,33291
439089,8/10/2014 12:01,Rejected,Female,Operations Department,c8,97711
441573,8/10/2014 12:02,Rejected,Female,Operations Department,c8,45833
534643,8/10/2014 12:01,Rejected,Don’t want to say,Operations Department,c8,38669
749064,5/28/2014 9:33,Rejected,Male,Production Department,c9,70857
950771,7/16/2014 9:32,Rejected,Male,Production Department,c8,17845
632495,8/27/2014 9:32,Rejected,Male,Production Department,c9,70824
414677,5/14/2014 9:31,Rejected,Male,Service Department,c9,11887
434519,5/21/2014 9:32,Rejected,Male,Service Department,c9,69911
547772,5/29/2014 8:10,Rejected,Male,Service Department,c9,15518
375007,5/8/2014 16:23,Rejected,Male,Sales Department,c8,25106
351440,5/8/2014 16:25,Rejected,Female,Sales Department,c8,56131
482193,6/20/2014 10:25,Rejected,Don’t want to say,Operations Department,c8,4341
161102,7/2/2014 13:32,Rejected,Male,Operations Department,c8,82259
43618,8/25/2014 9:31,Rejected,Female,Service Department,c5,52349
489333,6/16/2014 9:37,Rejected,Male,Production Department,c5,29794
729470,6/23/2014 0:58,Rejected,Female,Production Department,c9,2229
998767,7/24/2014 10:41,Rejected,Female,Production Department,c5,99178
484750,5/2/2014 5:39,Rejected,Female,Sales Department,c8,70206
327634,7/31/2014 10:38,Rejected,Female,Sales Department,c8,58294
896284,8/21/2014 8:28,Rejected,Male,Sales Department,c8,81268
719581,7/16/2014 16:51,Rejected,Male,Service Department,c9,40726
913942,5/1/2014 10:36,Rejected,Male,Marketing Department,c5,15926
475175,5/5/2014 15:20,Rejected,Female,Marketing Department,c5,8553
821934,5/13/2014 18:10,Rejected,Female,Marketing Department,c9,9142
61387,8/8/2014 12:32,Rejected,Don’t want to say,Operations Department,i6,5757
306825,6/17/2014 11:31,Rejected,Male,Operations Department,c8,14794
669080,7/17/2014 17:01,Rejected,Male,Service Department,c5,37286
178137,7/23/2014 15:12,Rejected,Male,Service Department,c5,91614
521320,7/30/2014 15:11,Rejected,Male,Service Department,c5,45554
937152,5/29/2014 9:36,Rejected,Male,Operations Department,c9,71803
798215,6/24/2014 7:25,Rejected,Female,Operations Department,c9,18475
990783,6/24/2014 20:35,Rejected,Male,Operations Department,c9,1326
162703,6/29/2014 16:49,Rejected,Female,Service Department,c5,6345
114187,6/29/2014 16:50,Rejected,Male,Service Department,c5,13732
987712,7/3/2014 14:38,Rejected,Male,Service Department,c9,74931
342038,7/7/2014 17:07,Rejected,Female,Service Department,c5,73062
752352,7/14/2014 18:01,Rejected,Don’t want to say,Service Department,c5,5227
553291,7/17/2014 7:27,Rejected,Male,Service Department,c5,36761
469009,7/5/2014 16:40,Rejected,Male,Service Department,c5,62982
420095,6/20/2014 9:33,Rejected,Male,Service Department,i7,14745
655082,7/25/2014 17:19,Rejected,Male,Service Department,i7,63777
347699,8/27/2014 8:19,Rejected,Don’t want to say,Service Department,i7,14617
366376,8/22/2014 9:33,Rejected,Male,Operations Department,c5,69100
783920,5/6/2014 11:09,Rejected,Male,Sales Department,c9,45721
501928,5/14/2014 11:07,Rejected,Female,Sales Department,c5,21961
476269,8/9/2014 18:12,Rejected,Male,Sales Department,c9,15227
63476,8/4/2014 12:58,Rejected,Male,Operations Department,b9,52833
719478,5/2/2014 19:45,Rejected,Male,Operations Department,i6,5553
690257,5/9/2014 10:16,Rejected,Female,Operations Department,i6,57304
572267,5/13/2014 16:59,Rejected,Female,Operations Department,i6,34974
750370,5/13/2014 16:59,Rejected,Male,Operations Department,i6,85237
104284,8/4/2014 9:35,Rejected,Male,Operations Department,i6,67822
938023,8/8/2014 15:19,Rejected,Male,Operations Department,i6,78911
789972,6/25/2014 20:39,Rejected,Male,Operations Department,c9,47837
286879,6/25/2014 9:31,Rejected,Female,Service Department,i5,7763
542343,5/21/2014 9:31,Rejected,Male,Service Department,c5,14251
936259,8/25/2014 10:54,Rejected,Female,Operations Department,c9,38306
866875,8/22/2014 12:49,Rejected,Male,Service Department,i7,61401
721414,5/22/2014 9:32,Rejected,Male,Operations Department,c5,75544
386336,5/22/2014 9:33,Rejected,Male,Operations Department,c5,11142
434492,6/7/2014 11:44,Rejected,Female,Operations Department,c5,51865
641503,7/17/2014 9:39,Rejected,Female,Operations Department,c5,28413
37024,7/17/2014 9:41,Rejected,Female,Operations Department,c5,73512
508595,7/17/2014 9:42,Rejected,Female,Operations Department,c5,52875
604590,7/17/2014 9:43,Rejected,Male,Operations Department,c5,78962
684558,7/18/2014 14:15,Rejected,Male,Operations Department,c5,58001
801707,8/21/2014 8:08,Rejected,Male,Operations Department,c5,15641
592371,8/21/2014 8:09,Rejected,Male,Operations Department,c5,28415
651680,7/6/2014 12:42,Rejected,Male,Sales Department,i6,17318
915258,7/6/2014 12:43,Rejected,Female,Sales Department,i6,11600
106616,7/16/2014 23:58,Rejected,Female,Sales Department,i6,62097
514881,7/1/2014 5:10,Rejected,Don’t want to say,Operations Department,i7,63585
579155,7/28/2014 18:33,Rejected,Male,Operations Department,i7,47646
71209,7/4/2014 9:31,Rejected,Male,Service Department,c5,37788
703701,7/9/2014 17:29,Rejected,Female,Service Department,c5,82292
25908,8/27/2014 17:17,Rejected,Male,Operations Department,i6,80073
863065,6/5/2014 9:07,Rejected,Don’t want to say,Service Department,c9,36377
24745,5/9/2014 18:48,Rejected,Female,Service Department,c8,63523
671181,6/28/2014 19:32,Rejected,Female,Service Department,c8,81792
525233,7/2/2014 8:24,Rejected,Male,Service Department,c8,16398
220656,6/6/2014 17:55,Rejected,Female,Service Department,i1,28224
893990,6/21/2014 21:53,Rejected,Male,Service Department,i1,71044
465892,6/21/2014 21:53,Rejected,Female,Service Department,i1,90091
875078,6/21/2014 21:55,Rejected,Female,Service Department,i1,45885
131063,6/21/2014 21:56,Rejected,Female,Service Department,i1,77873
493696,8/11/2014 8:52,Rejected,Male,Service Department,i1,28168
90917,7/21/2014 9:32,Rejected,Female,Service Department,i7,51580
685934,7/23/2014 12:38,Rejected,Male,Operations Department,i5,63577
233095,5/27/2014 9:31,Rejected,Male,Operations Department,c8,57238
62277,7/1/2014 0:47,Rejected,Male,Service Department,c5,11906
106645,5/14/2014 17:44,Rejected,Female,Service Department,c5,63329
267483,5/16/2014 19:54,Rejected,Female,Service Department,c5,27000
851416,8/13/2014 9:32,Rejected,Don’t want to say,Service Department,c5,90172
593322,8/22/2014 4:46,Rejected,Male,Service Department,c5,94846
755633,8/22/2014 4:48,Rejected,Female,Service Department,c5,87873
840292,7/16/2014 9:33,Rejected,Female,Service Department,c9,65419
131773,6/20/2014 13:28,Rejected,Male,Operations Department,c9,69933
830960,7/11/2014 9:32,Rejected,Don’t want to say,Operations Department,c9,80857
281882,5/22/2014 18:41,Rejected,Female,Operations Department,i7,99408
42630,7/10/2014 9:32,Rejected,Male,Operations Department,i7,7149
425591,5/19/2014 9:33,Rejected,Male,Service Department,i6,52882
91761,6/13/2014 19:01,Rejected,Female,Service Department,i6,83626
974929,8/25/2014 9:31,Rejected,Male,Service Department,c9,75979
373434,7/29/2014 9:33,Rejected,Male,Production Department,c9,30239
548266,7/30/2014 12:25,Rejected,Male,Production Department,c9,72531
127094,8/10/2014 10:21,Rejected,Female,Production Department,c9,76330
695887,7/15/2014 9:32,Rejected,Male,Operations Department,c9,50191
137208,7/24/2014 16:13,Rejected,Male,Service Department,c5,19665
295614,5/7/2014 9:31,Rejected,Female,Finance Department,c5,96621
708635,6/11/2014 15:01,Rejected,Female,Purchase Department,c5,59436
901147,6/25/2014 12:45,Rejected,Female,Purchase Department,c5,61290
355389,7/10/2014 9:33,Rejected,Male,Production Department,i7,8577
288349,8/14/2014 11:32,Rejected,Don’t want to say,Operations Department,c5,36109
899385,5/26/2014 10:21,Rejected,Female,Sales Department,c8,52454
198021,5/26/2014 10:25,Rejected,Male,Sales Department,c8,16821
164053,5/26/2014 17:47,Rejected,Male,Sales Department,c5,90777
552123,5/31/2014 14:46,Rejected,Male,Sales Department,c5,71525
469866,6/7/2014 0:46,Rejected,Female,Sales Department,c5,60471
175237,6/27/2014 9:34,Rejected,Female,Sales Department,c5,68598
426077,7/10/2014 17:45,Rejected,Female,Sales Department,c5,58588
438671,5/8/2014 15:38,Rejected,Male,Production Department,i5,31090
846549,7/16/2014 16:58,Rejected,Female,Service Department,c9,49155
89706,5/30/2014 9:32,Rejected,Female,Finance Department,i7,45386
700473,5/30/2014 9:33,Rejected,Female,Finance Department,i7,15600
458862,6/2/2014 10:36,Rejected,Female,Finance Department,i7,60897
499184,7/3/2014 14:04,Rejected,Female,Finance Department,i7,67018
216538,7/4/2014 9:31,Rejected,Female,General Management,c5,28841
766041,8/1/2014 9:32,Rejected,Male,Service Department,i6,1074
563699,5/12/2014 9:33,Rejected,Male,Service Department,i5,63585
890060,5/12/2014 9:34,Rejected,Female,Service Department,i5,66603
901127,5/12/2014 9:36,Rejected,Male,Service Department,i5,80789
526795,6/16/2014 9:31,Rejected,Female,Operations Department,b9,30441
661250,6/16/2014 9:32,Rejected,Female,Operations Department,b9,80845
941070,8/18/2014 9:34,Rejected,Male,Operations Department,c5,44468
372091,8/18/2014 9:34,Rejected,Male,Operations Department,c5,14577
208725,8/18/2014 9:37,Rejected,Male,Operations Department,c5,5043
512042,8/4/2014 18:19,Rejected,Don’t want to say,Sales Department,i7,16215
710677,8/13/2014 7:10,Rejected,Male,Sales Department,i7,21016
314905,5/8/2014 13:44,Rejected,Male,Operations Department,i1,54283
491692,5/5/2014 9:33,Rejected,Female,Service Department,c9,57291
410407,6/27/2014 11:31,Rejected,Male,Service Department,c9,49247
599645,6/5/2014 9:31,Rejected,Male,Purchase Department,c5,80401
970537,6/5/2014 9:32,Rejected,Female,Purchase Department,c5,70883
597166,6/10/2014 8:09,Rejected,Male,Purchase Department,c5,57331
268141,6/10/2014 8:10,Rejected,Female,Purchase Department,c5,53837
935507,6/12/2014 12:08,Rejected,Male,Purchase Department,c5,36685
314773,6/12/2014 12:10,Rejected,Male,Purchase Department,c5,84370
460232,8/14/2014 9:33,Rejected,Male,Purchase Department,c9,21446
74315,8/19/2014 18:18,Rejected,Female,Purchase Department,c9,18091
595366,8/21/2014 9:33,Rejected,Male,Purchase Department,c9,77783
846037,5/22/2014 15:21,Rejected,Don’t want to say,Sales Department,c5,61147
389356,5/14/2014 16:58,Rejected,Female,Operations Department,i5,46857
544804,6/2/2014 10:18,Rejected,Male,Operations Department,i5,13458
668210,6/6/2014 19:36,Rejected,Female,Operations Department,i5,10907
807867,6/13/2014 17:02,Rejected,Male,Operations Department,i5,22441
995000,6/13/2014 17:04,Rejected,Male,Operations Department,i5,43167
489709,6/27/2014 13:13,Rejected,Female,Operations Department,i5,74065
111014,7/28/2014 9:31,Rejected,Male,Operations Department,c9,68392
455088,5/19/2014 9:32,Rejected,Don’t want to say,Operations Department,b9,38741
345724,5/19/2014 9:33,Rejected,Don’t want to say,Operations Department,b9,73038
280171,5/19/2014 9:34,Rejected,Don’t want to say,Operations Department,b9,68777
174611,5/30/2014 23:38,Rejected,Male,Operations Department,b9,81964
118276,7/8/2014 16:50,Rejected,Female,Sales Department,c9,44023
910160,7/8/2014 16:51,Rejected,Female,Sales Department,c9,93939
647782,7/21/2014 9:33,Rejected,Male,Purchase Department,i5,36633
38475,7/22/2014 18:13,Rejected,Female,Purchase Department,i5,92846
707194,8/8/2014 13:12,Rejected,Male,Purchase Department,i5,80623
815305,8/15/2014 16:15,Rejected,Male,Purchase Department,i5,19223
838148,8/15/2014 16:15,Rejected,Female,Purchase Department,i5,18593
656362,8/15/2014 16:18,Rejected,Female,Purchase Department,i5,27447
632753,8/15/2014 16:20,Rejected,Female,Purchase Department,i5,87626
213937,8/26/2014 13:15,Rejected,Female,Purchase Department,i5,97502
823286,7/18/2014 13:24,Rejected,Female,Operations Department,c9,44155
865295,7/18/2014 13:25,Rejected,Male,Operations Department,c9,83387
697309,8/27/2014 19:04,Rejected,Male,Operations Department,b9,48129
710798,7/9/2014 9:31,Rejected,Male,Operations Department,c5,30140
213662,5/23/2014 16:26,Rejected,Male,Service Department,i6,36874
329443,5/23/2014 16:28,Rejected,Female,Service Department,i6,10836
37098,5/23/2014 16:29,Rejected,Male,Service Department,i6,99068
751086,8/15/2014 16:04,Rejected,Male,Sales Department,i7,90542
259042,8/19/2014 18:34,Rejected,Female,Sales Department,i7,12767
732769,8/19/2014 18:35,Rejected,Female,Sales Department,i7,62176
521689,8/19/2014 18:36,Rejected,Female,Sales Department,i7,29803
223062,8/14/2014 10:51,Rejected,Male,Sales Department,i7,51267
751533,8/14/2014 10:48,Rejected,Don’t want to say,Sales Department,i7,83544
713455,8/27/2014 9:34,Rejected,Male,Sales Department,i7,24604
605996,5/30/2014 17:48,Rejected,Female,General Management,c5,51428
971400,5/2/2014 11:11,Rejected,Female,Production Department,b9,20974
311218,6/3/2014 16:31,Rejected,Male,Marketing Department,c9,46028
229668,5/9/2014 9:34,Rejected,Male,Marketing Department,c9,2719
335797,5/9/2014 9:35,Rejected,Male,Marketing Department,c9,78945
579041,5/23/2014 9:38,Rejected,Male,Marketing Department,c9,82458
248344,5/28/2014 20:41,Rejected,Female,Marketing Department,c9,50915
657136,5/28/2014 20:41,Rejected,Male,Marketing Department,c9,57809
486905,5/28/2014 20:44,Rejected,Male,Marketing Department,c9,53582
791737,7/4/2014 0:01,Rejected,Female,Marketing Department,c9,26036
488691,7/4/2014 0:04,Rejected,Female,Marketing Department,c9,48477
437058,7/4/2014 0:08,Rejected,Female,Marketing Department,c9,10271
642877,7/12/2014 18:39,Rejected,Male,Marketing Department,c9,22683
989961,7/12/2014 18:39,Rejected,Male,Marketing Department,c9,14559
984292,6/3/2014 11:00,Rejected,Female,Service Department,c9,37882
282040,5/26/2014 9:35,Rejected,Male,Service Department,c9,81683
263166,8/1/2014 8:10,Rejected,Male,Service Department,c9,86432
558724,5/26/2014 17:38,Rejected,Male,Operations Department,c5,47351
884261,8/19/2014 17:09,Rejected,Don’t want to say,Service Department,c9,1386
260828,8/19/2014 17:10,Rejected,Don’t want to say,Service Department,c9,19308
405152,6/17/2014 16:30,Rejected,Female,Operations Department,i1,60789
735642,8/12/2014 16:06,Rejected,Female,Service Department,i7,87237
120355,5/6/2014 9:31,Rejected,Male,Operations Department,i7,78769
915403,5/6/2014 9:33,Rejected,Male,Operations Department,i7,83655
461695,6/4/2014 15:50,Rejected,Male,Operations Department,i5,46636
511313,6/25/2014 14:13,Rejected,Male,Operations Department,i7,87691
327673,6/25/2014 14:14,Rejected,Male,Operations Department,i7,22503
916438,6/25/2014 14:34,Rejected,Female,Operations Department,i7,41453
637597,7/2/2014 10:28,Rejected,Female,Operations Department,i5,6653
832700,7/8/2014 16:12,Rejected,Female,Operations Department,c5,57219
250940,8/19/2014 10:08,Rejected,Female,Operations Department,c5,28339
27372,7/18/2014 13:13,Rejected,Female,Operations Department,c5,12875
989119,5/6/2014 17:05,Rejected,Male,Sales Department,c5,54856
414924,7/5/2014 11:11,Rejected,Male,Production Department,c9,93822
728062,8/23/2014 8:58,Rejected,Female,Operations Department,i6,55369
697180,7/10/2014 9:31,Rejected,Female,Service Department,i7,29133
910415,5/1/2014 10:44,Rejected,Don’t want to say,Operations Department,c5,19171
376260,5/9/2014 17:58,Rejected,Female,Operations Department,c5,62773
585158,5/23/2014 11:31,Rejected,Don’t want to say,Operations Department,c5,64340
149668,5/30/2014 9:31,Rejected,Male,Purchase Department,i5,80185
121218,6/27/2014 9:31,Rejected,Male,Sales Department,c9,91417
65620,5/16/2014 9:37,Rejected,Male,Operations Department,b9,35469
482167,5/30/2014 9:31,Rejected,Male,Purchase Department,c9,75283
292732,5/29/2014 19:57,Rejected,Male,Service Department,c5,63846
461785,5/14/2014 8:53,Rejected,Female,Service Department,c5,94357
465549,5/15/2014 8:41,Rejected,Male,Service Department,c5,99432
581633,6/30/2014 19:31,Rejected,Female,Production Department,i7,86946
366136,7/14/2014 9:31,Rejected,Male,Service Department,b9,27724
754743,7/17/2014 17:56,Rejected,Male,Service Department,b9,4541
925800,6/27/2014 10:07,Rejected,Female,Service Department,c9,40305
173602,5/27/2014 9:32,Rejected,Male,Service Department,i7,28869
337886,6/3/2014 9:31,Rejected,Male,Service Department,i7,97965
295117,5/7/2014 15:37,Rejected,Female,Sales Department,i6,21525
218496,5/7/2014 15:40,Rejected,Female,Sales Department,i6,79893
591512,6/25/2014 21:52,Rejected,Male,Purchase Department,i6,56505
735227,8/20/2014 10:34,Rejected,Female,Service Department,i5,42736
174664,8/20/2014 10:39,Rejected,Female,Service Department,i5,53820
356528,8/13/2014 15:49,Rejected,Male,Sales Department,i7,30472
114395,5/29/2014 9:34,Rejected,Male,Operations Department,i7,25674
210709,5/9/2014 12:53,Rejected,Male,Operations Department,b9,76369
47821,6/9/2014 9:52,Rejected,Female,Operations Department,b9,63596
518428,6/26/2014 10:12,Rejected,Female,Operations Department,b9,73022
66761,5/9/2014 10:20,Rejected,Male,Operations Department,c5,7562
432788,8/28/2014 9:32,Rejected,Male,Operations Department,c5,54893
426146,5/22/2014 9:37,Rejected,Male,Operations Department,c9,29377
191579,5/2/2014 9:29,Rejected,Male,Purchase Department,i6,80405
168663,5/23/2014 9:32,Rejected,Male,Operations Department,i5,41794
859916,5/23/2014 9:37,Rejected,Male,Operations Department,i5,28326
661425,5/8/2014 12:25,Rejected,Male,Service Department,i6,50904
664247,6/13/2014 14:32,Rejected,Female,Sales Department,c5,72111
12307,6/13/2014 14:36,Rejected,Female,Sales Department,c5,82707
35352,8/21/2014 18:11,Rejected,Male,Sales Department,c5,34882
374498,7/4/2014 14:54,Rejected,Male,Sales Department,c9,2207
163894,7/4/2014 14:58,Rejected,Male,Sales Department,c9,78093
677157,7/10/2014 15:30,Rejected,Female,Sales Department,c9,98321
300699,7/10/2014 15:26,Rejected,Don’t want to say,Sales Department,c9,27516
285962,6/22/2014 10:13,Rejected,Don’t want to say,Service Department,i1,31670
946814,8/7/2014 13:39,Rejected,Female,Service Department,i1,94704
340541,6/16/2014 9:31,Rejected,Male,Operations Department,c9,51089
167429,6/16/2014 9:32,Rejected,Male,Operations Department,c9,42152
930315,7/14/2014 9:31,Rejected,Male,Operations Department,c9,5213
738685,7/26/2014 13:35,Rejected,Male,Operations Department,c9,22434
182899,5/3/2014 17:20,Rejected,Female,Finance Department,i7,15292
126341,7/25/2014 17:42,Rejected,Female,Service Department,c9,61475
639391,5/16/2014 15:43,Rejected,Female,Operations Department,b9,35910
74550,7/7/2014 9:34,Rejected,Male,Operations Department,b9,72022
786697,6/24/2014 16:55,Rejected,Female,Finance Department,i7,94114
937002,6/24/2014 16:57,Rejected,Female,Finance Department,i7,44569
709331,6/24/2014 16:58,Rejected,Female,Finance Department,i7,84452
119418,5/13/2014 9:33,Rejected,Female,Sales Department,c9,8986
636366,7/22/2014 14:49,Rejected,Male,Sales Department,c9,72775
365644,5/12/2014 6:16,Rejected,Male,Operations Department,c9,74125
675956,5/27/2014 9:31,Rejected,Male,Operations Department,c9,23006
599099,5/18/2014 9:48,Rejected,Male,Operations Department,c9,83408
771721,5/18/2014 9:52,Rejected,Female,Operations Department,c9,83887
631605,5/13/2014 9:31,Rejected,Male,Marketing Department,c8,51619
933818,7/26/2014 17:51,Rejected,Male,Service Department,c9,7943
495076,7/26/2014 17:52,Rejected,Female,Service Department,c9,34627
652581,8/9/2014 16:06,Rejected,Female,Purchase Department,c5,17182
204014,8/9/2014 16:09,Rejected,-,Purchase Department,c5,96396
107783,6/21/2014 8:17,Rejected,Male,Operations Department,i5,81252
302245,5/6/2014 17:39,Rejected,Female,Operations Department,c5,21638
337965,5/18/2014 15:07,Rejected,Don’t want to say,Operations Department,c5,93936
811174,5/19/2014 14:35,Rejected,Male,Operations Department,i6,23030
783992,5/15/2014 7:37,Rejected,Don’t want to say,Operations Department,c5,12895
699051,5/24/2014 9:48,Rejected,Female,Operations Department,c5,18985
519128,6/26/2014 20:11,Rejected,Male,Operations Department,i6,19454
716401,7/8/2014 12:19,Rejected,Male,Operations Department,i6,2008
142961,7/10/2014 8:51,Rejected,Male,Operations Department,i6,11840
659234,8/8/2014 9:32,Rejected,Female,Operations Department,c5,98590
232836,8/29/2014 14:19,Rejected,Female,Operations Department,c5,66735
363571,8/29/2014 14:21,Rejected,Male,Operations Department,c5,1635
902584,5/12/2014 15:40,Rejected,Female,Service Department,b9,60580
27825,5/12/2014 15:42,Rejected,Female,Service Department,b9,67267
939447,6/26/2014 9:57,Rejected,Don’t want to say,Service Department,b9,80720
214501,5/30/2014 15:47,Rejected,Female,Operations Department,i7,46041
500425,6/6/2014 17:32,Rejected,Male,Operations Department,c8,36170
500314,8/11/2014 22:30,Rejected,Male,Purchase Department,i5,50952
678447,8/11/2014 22:30,Rejected,Don’t want to say,Purchase Department,i5,93306
920049,8/1/2014 14:18,Rejected,Female,Service Department,c5,52934
611996,8/1/2014 17:39,Rejected,Male,Service Department,c5,60038
96895,8/6/2014 12:08,Rejected,Male,Service Department,c5,83569
638645,8/6/2014 12:10,Rejected,Male,Service Department,c5,71536
826990,8/6/2014 12:12,Rejected,Male,Service Department,c5,31730
262440,5/26/2014 9:36,Rejected,Female,Finance Department,c9,75095
669642,5/30/2014 10:06,Rejected,Female,Service Department,i7,41697
620966,5/30/2014 10:09,Rejected,Male,Service Department,i7,32546
706218,6/9/2014 9:33,Rejected,Female,Service Department,i7,72014
543947,8/30/2014 7:14,Rejected,Male,Service Department,b9,83568
681119,6/16/2014 9:31,Rejected,Female,Service Department,i7,49010
411569,7/28/2014 9:32,Rejected,Male,Service Department,c5,87673
609311,5/31/2014 16:54,Rejected,Female,Operations Department,i5,75764
621635,5/2/2014 16:43,Rejected,Female,Sales Department,c5,39267
378608,5/22/2014 11:30,Rejected,Male,Sales Department,c5,25251
298677,5/22/2014 11:33,Rejected,Female,Sales Department,c5,28369
106588,6/5/2014 16:15,Rejected,Female,Sales Department,c5,67845
147703,6/23/2014 18:45,Rejected,Female,Sales Department,c5,75895
788752,7/18/2014 17:37,Rejected,Male,Sales Department,c5,85392
326768,7/30/2014 12:14,Rejected,Male,Service Department,c5,74244
961990,5/20/2014 9:31,Rejected,Female,General Management,c9,87509
865053,8/27/2014 17:00,Rejected,Female,Marketing Department,i5,42337
714873,6/10/2014 9:32,Rejected,Female,Marketing Department,c9,95991
787156,7/9/2014 9:31,Rejected,Male,Operations Department,c9,42832
651866,7/2/2014 9:33,Rejected,Male,Service Department,i6,74853
771111,7/2/2014 9:35,Rejected,Female,Service Department,i6,52640
864439,7/12/2014 15:59,Rejected,Male,Service Department,i6,19621
838147,7/14/2014 13:08,Rejected,Female,Service Department,i6,54775
619001,7/14/2014 13:07,Rejected,Don’t want to say,Service Department,i6,79476
813726,7/14/2014 15:41,Rejected,Male,Service Department,i6,22578
201804,7/15/2014 9:13,Rejected,Male,Service Department,i6,41483
619099,6/20/2014 7:37,Rejected,Male,Operations Department,i6,5621
456716,8/27/2014 10:24,Rejected,Male,Operations Department,c8,36746
120961,5/1/2014 9:33,Rejected,Male,Sales Department,i6,47233
260474,5/9/2014 9:32,Rejected,Male,Operations Department,i5,89212
163731,5/19/2014 18:00,Rejected,Male,Operations Department,i5,40750
412637,5/30/2014 9:32,Rejected,Don’t want to say,Operations Department,i5,35208
331482,5/28/2014 17:36,Rejected,Male,Operations Department,i6,85181
791869,5/28/2014 17:38,Rejected,Male,Operations Department,i6,43998
463879,8/22/2014 9:32,Rejected,Male,Operations Department,i6,39857
734752,8/22/2014 9:32,Rejected,Male,Operations Department,i6,65972
339424,6/13/2014 9:31,Rejected,Male,Service Department,i5,14479
790921,8/25/2014 12:11,Rejected,Male,Service Department,i5,20429
580852,7/23/2014 18:40,Rejected,Male,Service Department,c9,27954
187773,6/2/2014 9:32,Rejected,Male,Operations Department,b9,66781
271192,6/3/2014 17:42,Rejected,Female,Marketing Department,c5,94197
349387,8/4/2014 9:35,Rejected,Male,Marketing Department,c5,72392
257842,6/23/2014 9:31,Rejected,Don’t want to say,Service Department,c5,5777
208088,6/3/2014 9:37,Rejected,Female,General Management,i7,2001
803551,6/13/2014 10:22,Rejected,Female,General Management,c8,67827
392116,6/13/2014 10:27,Rejected,Female,General Management,c8,98278
711803,6/12/2014 10:07,Rejected,Female,General Management,i7,78719
804455,6/12/2014 10:10,Rejected,Female,General Management,i7,26511
615453,8/12/2014 9:31,Rejected,Female,General Management,i7,61363
539962,8/13/2014 14:43,Rejected,Female,General Management,i7,40121
427635,5/27/2014 9:34,Rejected,Male,Service Department,i7,66424
519412,5/24/2014 16:28,Rejected,Female,General Management,c5,45508
582618,5/29/2014 10:00,Rejected,Female,General Management,i7,37678
419103,5/29/2014 9:59,Rejected,Female,General Management,i7,3817
203704,5/29/2014 10:01,Rejected,Female,General Management,i7,5365
372528,6/1/2014 19:40,Rejected,Female,General Management,i7,60464
344852,6/1/2014 19:42,Rejected,Female,General Management,i7,24559
609192,7/31/2014 17:26,Rejected,Female,General Management,c5,60528
92784,7/31/2014 17:27,Rejected,Female,General Management,c5,82622
183437,7/29/2014 14:43,Rejected,Female,General Management,i7,77434
696100,7/29/2014 14:44,Rejected,Female,General Management,i7,72612
880828,7/29/2014 14:44,Rejected,Female,General Management,i7,69015
83730,8/15/2014 14:41,Rejected,Female,General Management,i7,88574
886375,8/15/2014 14:43,Rejected,Female,General Management,i7,60485
20051,5/7/2014 9:32,Rejected,Don’t want to say,Sales Department,c5,92812
184016,5/8/2014 9:33,Rejected,Male,Operations Department,c9,93071
963353,8/1/2014 12:43,Rejected,Don’t want to say,Human Resource Department,c9,9766
13485,6/9/2014 12:22,Rejected,Female,Sales Department,c8,6563
827108,5/2/2014 9:31,Rejected,Male,Service Department,c9,70991
888298,5/3/2014 17:04,Rejected,Female,Service Department,c9,41722
357906,5/3/2014 17:05,Rejected,Female,Service Department,c9,52654
68425,5/16/2014 9:35,Rejected,Female,Service Department,c9,29051
894104,5/22/2014 11:39,Rejected,Female,Service Department,c9,40192
49745,6/16/2014 9:31,Rejected,Male,Sales Department,c9,48963
905795,7/3/2014 13:46,Rejected,Male,Sales Department,i5,70706
544070,7/18/2014 15:06,Rejected,Male,Production Department,i1,33063
823334,7/24/2014 12:07,Rejected,Male,Production Department,i1,5981
488750,5/12/2014 9:33,Rejected,Female,Operations Department,c5,79784
152958,6/10/2014 7:07,Rejected,Male,Service Department,c5,81920
818351,6/30/2014 9:34,Rejected,Male,Service Department,c5,2569
54648,7/10/2014 8:24,Rejected,Male,Service Department,c5,57040
798336,7/10/2014 8:26,Rejected,Female,Service Department,c5,57566
893144,7/10/2014 8:31,Rejected,Male,Service Department,c5,95324
901867,8/18/2014 9:36,Rejected,-,Service Department,c5,22393
594996,8/31/2014 16:48,Rejected,Female,Service Department,c5,94226
319905,7/29/2014 21:49,Rejected,Male,Production Department,c9,40767
856141,5/20/2014 9:32,Rejected,Male,Operations Department,i7,22508
839429,5/28/2014 9:31,Rejected,Male,Operations Department,c5,13382
635222,6/17/2014 12:47,Rejected,Male,Operations Department,c5,44465
639524,6/17/2014 12:46,Rejected,Female,Operations Department,c5,3191
258904,7/10/2014 15:53,Rejected,Male,Marketing Department,c5,11276
271089,5/12/2014 9:13,Rejected,Male,Operations Department,c5,96041
378743,5/29/2014 18:15,Rejected,Male,Operations Department,c5,27190
654427,6/12/2014 8:31,Rejected,Female,Operations Department,c5,53660
708125,5/31/2014 14:08,Rejected,Male,Operations Department,c5,70430
223843,5/31/2014 14:10,Rejected,Male,Operations Department,c5,8413
582635,6/2/2014 3:15,Rejected,Male,Operations Department,c5,77272
487282,6/6/2014 18:35,Rejected,Female,Operations Department,c5,54274
228903,7/19/2014 18:30,Rejected,Female,Operations Department,c9,93345
950993,8/14/2014 9:31,Rejected,Don’t want to say,Human Resource Department,i5,65270
734062,5/9/2014 11:41,Rejected,Female,Finance Department,c9,4236
684474,5/9/2014 11:42,Rejected,Female,Finance Department,c9,10086
17705,6/27/2014 9:20,Rejected,Female,Finance Department,c9,88585
634127,6/27/2014 9:20,Rejected,Female,Finance Department,c9,75995
898973,7/9/2014 13:03,Rejected,Female,Finance Department,c9,20359
948183,7/9/2014 13:03,Rejected,Female,Finance Department,c9,24637
666787,8/7/2014 9:37,Rejected,Female,Finance Department,c9,18219
641673,5/24/2014 18:28,Rejected,Female,Human Resource Department,c5,94692
669053,6/16/2014 7:09,Rejected,Male,Sales Department,i5,27929
997125,7/14/2014 7:02,Rejected,Male,Sales Department,i5,82697
548533,7/26/2014 1:19,Rejected,Male,Sales Department,i5,21815
104406,7/26/2014 1:19,Rejected,Male,Sales Department,i5,72483
218715,8/1/2014 16:10,Rejected,Female,Sales Department,i7,36580
196569,8/1/2014 16:07,Rejected,Female,Sales Department,i7,38193
479702,8/16/2014 11:30,Rejected,Female,Sales Department,i7,80223
634055,8/4/2014 9:37,Rejected,Female,Sales Department,i7,25657
633958,7/7/2014 9:32,Rejected,Male,Purchase Department,i7,37853
197169,6/2/2014 9:38,Rejected,Male,Operations Department,c8,98968
395184,7/18/2014 9:58,Rejected,Male,Service Department,i5,7431
543577,7/15/2014 19:57,Rejected,Female,Finance Department,c5,2013
458491,7/15/2014 19:59,Rejected,Don’t want to say,Finance Department,c5,93263
463985,7/15/2014 20:00,Rejected,Don’t want to say,Finance Department,c5,2052
654063,8/6/2014 11:43,Rejected,Female,Finance Department,c5,22912
372692,7/2/2014 11:31,Rejected,Female,Service Department,i6,77329
258499,5/1/2014 8:32,Rejected,Male,Service Department,c5,11487
920125,5/6/2014 18:24,Rejected,Female,Service Department,c5,5984
484721,5/6/2014 18:25,Rejected,Female,Service Department,c5,61756
125548,5/8/2014 9:34,Rejected,Female,Marketing Department,c5,45815
203207,7/10/2014 4:35,Rejected,Female,Marketing Department,c5,19578
618160,7/31/2014 9:32,Rejected,Female,Marketing Department,c5,69076
824459,7/30/2014 1:32,Rejected,Don’t want to say,Service Department,c9,75273
339175,5/18/2014 7:05,Rejected,Female,Service Department,c5,46215
172700,7/1/2014 8:14,Rejected,Male,Service Department,c5,83014
851534,7/1/2014 8:14,Rejected,Female,Service Department,c5,64240
107686,6/16/2014 9:32,Rejected,Male,Sales Department,c9,53967
984518,5/19/2014 9:33,Rejected,Female,Finance Department,i1,65617
61075,5/19/2014 9:37,Rejected,Female,Finance Department,i1,27855
176247,7/22/2014 23:49,Rejected,Female,Finance Department,i1,54276
731032,8/11/2014 9:31,Rejected,Female,Finance Department,i5,5448
56735,8/12/2014 16:20,Rejected,Female,Finance Department,i5,37796
621146,8/12/2014 16:25,Rejected,Female,Finance Department,i5,65933
408953,6/17/2014 12:59,Rejected,Male,Operations Department,i5,90365
307921,8/27/2014 13:26,Rejected,Female,Operations Department,i5,53611
547592,7/4/2014 13:29,Rejected,Male,Service Department,c5,95105
867705,7/2/2014 14:09,Rejected,Male,Operations Department,c9,38852
195423,7/17/2014 16:46,Rejected,Female,Purchase Department,c9,36833
55833,7/17/2014 16:46,Rejected,Female,Purchase Department,c9,17750
755548,7/17/2014 16:47,Rejected,Female,Purchase Department,c9,74463
127417,8/21/2014 11:56,Rejected,Male,Purchase Department,c9,24365
335534,5/15/2014 13:40,Rejected,Female,Service Department,c5,41420
737902,8/28/2014 9:33,Rejected,Female,Sales Department,c9,42892
598001,6/12/2014 9:31,Rejected,Male,Operations Department,i5,30152
426385,6/6/2014 7:57,Rejected,Male,Marketing Department,i5,83497
532766,8/15/2014 16:40,Rejected,Male,Operations Department,c5,19391
755156,7/4/2014 10:28,Rejected,Female,Operations Department,i7,39818
39931,8/1/2014 13:09,Rejected,Male,Marketing Department,c8,95200
934713,6/3/2014 9:40,Rejected,Female,Service Department,c9,86588
800056,6/3/2014 9:44,Rejected,Male,Service Department,c9,36888
439538,5/28/2014 9:35,Rejected,Male,Sales Department,c5,96715
168774,5/30/2014 13:35,Rejected,Male,Operations Department,c9,4835
96908,7/31/2014 11:16,Rejected,Male,Operations Department,i5,2773
960542,5/9/2014 16:44,Rejected,Male,Marketing Department,i7,20950
130762,6/25/2014 9:32,Rejected,Male,Marketing Department,i5,86425
697595,5/16/2014 14:54,Rejected,Female,Service Department,i5,14805
757766,8/8/2014 12:54,Rejected,Male,Service Department,c5,13821
517263,7/9/2014 8:07,Rejected,Male,Operations Department,i7,26065
799827,6/19/2014 17:59,Rejected,Male,Purchase Department,i5,35519
527298,5/7/2014 13:53,Rejected,Male,Purchase Department,c8,94729
564838,6/4/2014 17:39,Rejected,Female,Purchase Department,c5,13871
966039,6/17/2014 16:57,Rejected,Male,Purchase Department,c5,82020
364501,6/19/2014 10:45,Rejected,Female,Purchase Department,n9,46219
755303,7/29/2014 7:34,Rejected,Male,Purchase Department,b9,22798
341013,7/29/2014 7:34,Rejected,Don’t want to say,Purchase Department,b9,30545
53569,5/28/2014 14:28,Rejected,Female,Operations Department,c9,37037
23734,7/25/2014 13:26,Rejected,Female,Operations Department,i6,16940
470479,5/27/2014 9:32,Rejected,Female,Service Department,i6,97805
77406,7/9/2014 9:24,Rejected,Male,Operations Department,c8,13278
456453,7/2/2014 10:37,Rejected,Male,Sales Department,i5,48195
935417,7/3/2014 17:55,Rejected,Male,Service Department,c9,95798
80057,7/13/2014 8:41,Rejected,Female,Service Department,i5,58558
388303,7/17/2014 13:58,Rejected,Male,Service Department,i5,68766
399433,6/30/2014 18:31,Rejected,Female,Production Department,c9,6031
541980,8/1/2014 10:46,Rejected,Female,Service Department,i7,98949
678553,7/23/2014 9:34,Rejected,Male,Operations Department,i6,13229
840677,7/22/2014 17:37,Rejected,Don’t want to say,Service Department,i1,95259
847271,6/14/2014 11:49,Rejected,Male,Service Department,i1,21460
998339,7/18/2014 9:33,Rejected,Male,Service Department,c9,68877
315193,6/2/2014 9:33,Rejected,Female,Operations Department,i7,57420
998809,6/23/2014 9:34,Rejected,Male,Operations Department,i7,1460
689033,8/27/2014 19:26,Rejected,Male,Sales Department,c9,95161
428102,8/6/2014 9:33,Rejected,Male,Marketing Department,c5,83130
69821,8/6/2014 10:49,Rejected,Female,Marketing Department,b9,83055
69119,5/23/2014 16:54,Rejected,Female,Operations Department,c5,66892
347718,5/27/2014 13:10,Rejected,Female,Operations Department,c5,30403
39698,6/13/2014 9:31,Rejected,Female,Operations Department,c9,23042
139528,8/8/2014 9:32,Rejected,Female,Operations Department,c9,52402
875635,6/24/2014 18:04,Rejected,Male,Sales Department,c9,73267
475095,6/6/2014 18:38,Rejected,Female,Operations Department,i7,91565
166217,7/1/2014 15:48,Rejected,Female,Operations Department,i7,47886
946670,6/30/2014 12:42,Rejected,Female,Operations Department,i6,7669
763700,5/23/2014 14:28,Rejected,Female,Operations Department,i7,44858
873558,7/25/2014 11:19,Rejected,Female,Operations Department,c5,9283
17431,7/8/2014 22:56,Rejected,Don’t want to say,Service Department,c8,91675
994499,6/2/2014 15:46,Rejected,Female,Finance Department,c9,79766
319148,7/4/2014 8:53,Rejected,Female,Finance Department,c9,39985
720788,8/27/2014 9:33,Rejected,Female,Finance Department,c9,15859
831194,8/12/2014 11:58,Rejected,Female,Marketing Department,c5,36237
254287,8/13/2014 17:44,Rejected,Male,Sales Department,c5,86346
261912,7/29/2014 17:11,Rejected,Male,Sales Department,c9,17291
525213,8/5/2014 9:09,Rejected,Female,Sales Department,c9,67140
233754,5/27/2014 10:28,Rejected,Female,Finance Department,c9,98036
753692,5/27/2014 10:30,Rejected,Female,Finance Department,c9,95335
59673,6/24/2014 10:04,Rejected,Female,Production Department,i7,95311
847760,8/7/2014 9:34,Rejected,Female,Production Department,i7,98221
646015,7/1/2014 9:22,Rejected,Female,Operations Department,b9,31500
750712,7/4/2014 7:07,Rejected,Female,Operations Department,b9,3232
946654,6/30/2014 9:31,Rejected,Male,Service Department,c8,18024
579365,7/3/2014 9:35,Rejected,Male,Purchase Department,c5,71175
442623,7/11/2014 22:45,Rejected,Male,Purchase Department,c5,53797
327139,7/23/2014 16:21,Rejected,Female,Operations Department,c5,4001
639913,5/30/2014 9:31,Rejected,Female,Operations Department,b9,97381
455397,6/3/2014 9:27,Rejected,Female,Operations Department,b9,69630
977479,8/16/2014 9:17,Rejected,Female,Operations Department,c5,50769
456060,7/14/2014 9:31,Rejected,Male,Service Department,i7,47329
219336,8/11/2014 9:32,Rejected,Male,Service Department,i7,48343
563241,7/31/2014 7:28,Rejected,Male,Service Department,i5,83128
498285,6/21/2014 8:55,Rejected,Female,Operations Department,c5,9085
563022,6/16/2014 16:29,Rejected,Female,Operations Department,c9,80120
710245,6/15/2014 7:53,Rejected,Female,Operations Department,i5,23191
372707,8/13/2014 9:33,Rejected,Male,Operations Department,i7,73900
36851,7/11/2014 12:30,Rejected,Male,Service Department,c9,80999
116855,7/17/2014 18:54,Rejected,Male,Service Department,c9,41431
694738,8/6/2014 11:57,Rejected,Male,Service Department,b9,26643
781209,7/31/2014 9:33,Rejected,Male,Service Department,b9,23507
549564,6/23/2014 9:35,Rejected,Female,Marketing Department,i5,74623
664848,8/4/2014 11:49,Rejected,Male,Sales Department,c5,25042
364456,6/18/2014 17:23,Rejected,Female,Production Department,b9,24336
718843,7/23/2014 8:11,Rejected,Male,Production Department,b9,37388
409763,8/20/2014 7:52,Rejected,Don’t want to say,Production Department,b9,8600
591181,8/26/2014 10:48,Rejected,Male,Production Department,b9,35325
511092,7/1/2014 18:45,Rejected,Male,Service Department,i7,87176
425165,6/9/2014 9:32,Rejected,Male,Service Department,c5,34705
854981,6/16/2014 9:31,Rejected,Don’t want to say,Service Department,c8,43159
621437,7/26/2014 16:25,Rejected,Male,Operations Department,i6,44621
415927,8/1/2014 13:12,Rejected,Male,Service Department,c5,31717
17674,7/11/2014 9:32,Rejected,Don’t want to say,Operations Department,c5,35093
131653,8/2/2014 12:48,Rejected,Female,General Management,i5,54428
462458,8/11/2014 9:32,Rejected,Female,Production Department,i5,39937
277678,7/10/2014 13:14,Rejected,Male,Service Department,c9,55842
229175,7/25/2014 11:37,Rejected,Male,Service Department,c9,34777
228437,8/19/2014 10:30,Rejected,Male,Service Department,c9,65768
653413,7/8/2014 7:16,Rejected,Female,Sales Department,c5,16509
495708,7/14/2014 15:40,Rejected,Male,Sales Department,c5,7713
495187,8/27/2014 12:05,Rejected,Male,Human Resource Department,b9,68565
499633,7/24/2014 9:35,Rejected,Male,Operations Department,i7,68034
870791,7/29/2014 16:37,Rejected,Female,Operations Department,i5,74681
193477,7/29/2014 16:39,Rejected,Female,Operations Department,i5,24735
91074,8/8/2014 17:52,Rejected,Male,Operations Department,i5,63031
108545,8/29/2014 9:31,Rejected,Female,Human Resource Department,i5,5950
922721,8/29/2014 12:26,Rejected,Female,Human Resource Department,i5,71021
477958,7/24/2014 18:28,Rejected,Male,Sales Department,i6,60079
845846,8/1/2014 15:18,Rejected,Male,Operations Department,i1,56306
559672,7/22/2014 9:00,Rejected,Female,Service Department,c9,82828
829158,8/30/2014 18:01,Rejected,Female,Finance Department,b9,41333
241960,8/14/2014 14:33,Rejected,Female,Finance Department,i5,90837
844241,8/22/2014 8:01,Rejected,Female,Finance Department,i5,42115
477354,8/19/2014 9:31,Rejected,Female,Finance Department,i5,76851
545979,8/22/2014 16:07,Rejected,Female,Finance Department,i5,19960
27195,7/23/2014 9:32,Rejected,Male,Operations Department,i6,43775
237069,8/16/2014 16:06,Rejected,Male,Operations Department,i6,46329
170666,7/11/2014 9:32,Rejected,Female,Marketing Department,c5,63637
964866,8/3/2014 9:15,Rejected,Don’t want to say,Operations Department,c9,77654
994547,7/22/2014 9:31,Rejected,Male,Operations Department,c9,24324
930316,8/27/2014 21:25,Rejected,Male,Operations Department,c5,91546
34301,8/27/2014 21:27,Rejected,Male,Operations Department,c5,13802
856783,7/29/2014 17:32,Rejected,Female,Sales Department,b9,88276
294317,7/29/2014 17:33,Rejected,Female,Sales Department,b9,85400
55168,8/15/2014 10:05,Rejected,Male,Sales Department,c5,37354
280940,8/7/2014 7:30,Rejected,Male,Sales Department,c9,37833
435399,8/15/2014 19:04,Rejected,Male,Operations Department,b9,53584
988416,8/27/2014 9:32,Rejected,Male,Operations Department,c5,44730
564743,8/28/2014 10:25,Rejected,-,Production Department,c9,4076
938699,5/7/2014 16:18,Rejected,Female,Operations Department,c5,68601
832701,5/2/2014 15:24,Rejected,Male,Service Department,c9,57093
296670,5/17/2014 23:24,Rejected,Don’t want to say,Service Department,c5,71337
777717,5/14/2014 19:36,Rejected,Male,Operations Department,c9,49735
848249,5/27/2014 9:23,Rejected,Female,Service Department,c5,76418
522841,5/8/2014 15:05,Rejected,Female,Operations Department,i7,22484
817653,5/6/2014 15:12,Rejected,Male,Service Department,i6,50062
974594,6/18/2014 11:34,Rejected,Male,Service Department,c9,46548
552288,5/10/2014 11:27,Rejected,Male,Sales Department,i7,95689
762227,5/12/2014 22:55,Rejected,Female,Sales Department,c5,42288
612069,7/3/2014 17:29,Rejected,Male,Sales Department,c5,88981
658132,5/23/2014 15:48,Rejected,Female,Operations Department,b9,10789
813464,5/30/2014 13:33,Rejected,Female,Operations Department,c5,27359
146458,6/5/2014 17:12,Rejected,Male,Operations Department,c5,37195
561274,7/21/2014 10:57,Rejected,Male,Operations Department,c5,54729
815871,7/8/2014 11:40,Rejected,Male,Operations Department,c5,26345
419233,5/1/2014 5:27,Rejected,Female,Operations Department,c5,62790
191806,6/18/2014 8:19,Rejected,Male,Service Department,b9,43777
635793,7/11/2014 14:00,Rejected,Female,Marketing Department,c5,20569
221347,5/30/2014 8:59,Rejected,Male,Service Department,c5,65674
705914,7/31/2014 8:16,Rejected,Female,Service Department,c5,99303
335166,5/21/2014 9:05,Rejected,Male,Marketing Department,c9,91023
733047,7/8/2014 7:48,Rejected,Female,Service Department,i1,9613
790888,6/30/2014 15:31,Rejected,Male,Operations Department,b9,1999
627715,5/14/2014 15:47,Rejected,Male,Operations Department,b9,42952
510047,5/13/2014 17:41,Rejected,Male,Operations Department,i6,6223
392823,5/28/2014 11:37,Rejected,Female,General Management,c9,70821
991931,5/5/2014 10:52,Rejected,Male,Purchase Department,c5,64399
160420,7/25/2014 16:26,Rejected,Male,Service Department,i5,60671
251729,6/16/2014 7:19,Rejected,Female,Finance Department,i5,37678
47621,7/25/2014 20:08,Rejected,Female,Operations Department,i7,30411
315721,7/25/2014 20:15,Rejected,Male,Operations Department,i7,61886
188489,5/14/2014 16:01,Rejected,Female,Service Department,c9,70545
311648,5/14/2014 15:17,Rejected,Male,Purchase Department,i6,62324
494703,6/15/2014 19:47,Rejected,Male,Purchase Department,i6,70349
326373,6/25/2014 13:49,Rejected,Female,Finance Department,c9,11948
882530,5/1/2014 3:38,Rejected,Male,Service Department,i7,73635
498165,5/7/2014 17:38,Rejected,Female,Service Department,i5,37374
255214,8/28/2014 17:30,Rejected,Male,Human Resource Department,c5,55392
196827,5/26/2014 5:37,Rejected,Don’t want to say,Service Department,i7,95249
498510,5/9/2014 9:56,Rejected,Male,Operations Department,c9,97702
146182,5/15/2014 19:14,Rejected,Female,Purchase Department,c9,69326
375609,5/21/2014 10:42,Rejected,Female,Operations Department,c5,41087
963439,6/6/2014 16:07,Rejected,Male,Operations Department,i7,96194
747931,8/5/2014 10:07,Rejected,Male,Sales Department,c9,14452
976777,5/21/2014 15:30,Rejected,Male,Operations Department,c5,81574
786696,7/4/2014 8:07,Rejected,Don’t want to say,Operations Department,i5,51820
521698,6/18/2014 11:09,Rejected,Female,Production Department,c9,6846
921759,7/5/2014 18:06,Rejected,Male,Production Department,i1,41022
787079,6/20/2014 18:38,Rejected,Male,Operations Department,c9,1676
386268,5/2/2014 18:34,Rejected,Male,Operations Department,c5,93867
745310,5/1/2014 19:12,Rejected,Male,Service Department,c5,71106
268306,5/22/2014 19:13,Rejected,Male,Operations Department,c5,95811
328765,5/31/2014 18:00,Rejected,Female,Operations Department,c9,6135
608929,7/8/2014 18:06,Rejected,Female,Finance Department,i5,73890
578578,6/30/2014 17:20,Rejected,Don’t want to say,Service Department,i7,23077
860960,5/6/2014 18:15,Rejected,Female,Marketing Department,c5,44931
439599,5/31/2014 12:31,Rejected,Male,Operations Department,c5,32705
842854,6/4/2014 15:40,Rejected,Female,Purchase Department,i7,72229
818899,5/22/2014 8:06,Rejected,Male,Service Department,c5,41763
687483,6/10/2014 9:03,Rejected,Male,Service Department,c5,37863
778005,5/15/2014 11:59,Rejected,Female,Production Department,c5,12304
437058,5/19/2014 13:23,Rejected,Female,Service Department,b9,23037
731080,5/28/2014 14:49,Rejected,Male,Operations Department,i5,89230
240740,7/18/2014 8:02,Rejected,Male,Production Department,c5,40520
588182,5/19/2014 6:11,Rejected,Male,Operations Department,c9,65455
268116,5/13/2014 18:44,Rejected,Male,Service Department,i7,12614
162400,5/22/2014 14:54,Rejected,Female,Service Department,i7,13432
71358,7/11/2014 12:09,Rejected,Male,Service Department,c5,28807
385372,7/29/2014 17:59,Rejected,Female,Service Department,c5,90724
381800,6/20/2014 7:31,Rejected,Female,Operations Department,c5,17631
704858,6/17/2014 3:15,Rejected,Male,Service Department,i7,78284
753270,6/2/2014 13:00,Rejected,Male,Service Department,b9,40759
860739,6/30/2014 7:21,Rejected,Male,Operations Department,i5,56613
816349,6/4/2014 9:41,Rejected,Female,Service Department,c5,56818
278247,8/2/2014 9:26,Rejected,Male,Service Department,c9,37637
569483,8/4/2014 10:04,Rejected,Male,Service Department,c9,53272
342597,5/23/2014 11:57,Rejected,Male,Service Department,c5,15538
754473,5/27/2014 19:17,Rejected,Male,Service Department,c9,47499
386141,5/29/2014 17:28,Rejected,Male,Service Department,c9,67655
152476,6/3/2014 9:12,Rejected,Male,Service Department,b9,23516
370088,5/5/2014 19:30,Rejected,Male,Service Department,i5,25850
613923,6/3/2014 13:06,Rejected,Male,Operations Department,c9,70137
637940,5/16/2014 16:40,Rejected,Male,Service Department,c5,52985
44559,7/4/2014 16:32,Rejected,Male,Service Department,i7,96738
814130,7/5/2014 8:02,Rejected,Female,Operations Department,c9,93726
900985,6/5/2014 9:22,Rejected,Male,Operations Department,i1,80150
157199,6/13/2014 7:03,Rejected,Female,Operations Department,i1,71820
124229,6/24/2014 17:02,Rejected,Female,Operations Department,i1,4671
383550,6/26/2014 11:57,Rejected,Female,General Management,c9,97065
82813,6/3/2014 18:44,Rejected,Male,Marketing Department,i5,6268
839745,5/11/2014 17:55,Rejected,Male,Service Department,c5,50595
670769,5/16/2014 9:57,Rejected,Male,Operations Department,i7,96408
936781,5/18/2014 18:25,Rejected,Male,Marketing Department,c5,28495
899898,6/18/2014 11:13,Rejected,Male,Operations Department,c9,22195
95781,6/17/2014 15:01,Rejected,Male,Sales Department,c5,9509
612557,5/19/2014 9:26,Rejected,Female,Operations Department,i6,21426
256812,5/30/2014 7:19,Rejected,Female,Operations Department,i6,23808
549596,5/31/2014 10:05,Rejected,Don’t want to say,Operations Department,b9,42428
982486,6/27/2014 17:03,Rejected,Male,Production Department,c9,2050
911963,6/17/2014 15:27,Rejected,Male,Operations Department,c9,31676
554676,5/28/2014 9:52,Rejected,Male,Marketing Department,i5,22162
744791,6/12/2014 13:06,Rejected,Female,Marketing Department,i7,95835
96249,6/10/2014 8:07,Rejected,Female,Sales Department,c9,7906
873584,5/30/2014 7:28,Rejected,Male,Operations Department,c9,60292
227171,6/7/2014 5:39,Rejected,Female,Sales Department,c5,27608
139333,6/19/2014 18:31,Rejected,Male,Service Department,c5,32700
383151,6/20/2014 15:19,Rejected,Female,Operations Department,i7,10720
810502,7/17/2014 12:25,Rejected,Male,Marketing Department,b9,4581
947700,7/17/2014 12:28,Rejected,Female,Marketing Department,b9,67723
387882,7/26/2014 13:41,Rejected,Male,Marketing Department,b9,45682
189306,7/17/2014 19:49,Rejected,Male,Service Department,i7,75037
324302,8/6/2014 18:47,Rejected,Male,Service Department,i7,53622
32662,8/20/2014 11:14,Rejected,Male,Service Department,i7,28767
331515,7/11/2014 11:13,Rejected,Female,Service Department,c5,6271
758888,7/4/2014 9:22,Rejected,Female,Service Department,c5,90068
103419,6/2/2014 16:57,Rejected,Male,Operations Department,c5,72806
61035,6/10/2014 14:18,Rejected,Female,Operations Department,i1,12060
41350,8/29/2014 6:04,Rejected,Female,Sales Department,i7,19018
419981,7/9/2014 6:26,Rejected,Female,Operations Department,c9,19839
372939,6/21/2014 14:30,Rejected,Male,Operations Department,c9,40581
907113,7/1/2014 7:00,Rejected,Female,General Management,i5,52210
382379,7/8/2014 11:12,Rejected,Female,Finance Department,c9,6989
119900,5/30/2014 16:29,Rejected,Female,Service Department,c8,11787
702864,6/27/2014 9:06,Rejected,Don’t want to say,Operations Department,b9,5306
253111,6/27/2014 6:23,Rejected,Male,Operations Department,c8,35504
579038,7/17/2014 17:31,Rejected,Male,Operations Department,c5,38706
488388,8/25/2014 10:30,Rejected,Female,Marketing Department,c9,70609
617974,7/7/2014 14:11,Rejected,Female,Operations Department,b9,30481
752584,7/24/2014 14:16,Rejected,Male,Production Department,i6,35609
484204,7/16/2014 7:44,Rejected,Male,Operations Department,i1,35357
415402,8/4/2014 7:03,Rejected,Female,Operations Department,c5,45354
374158,8/4/2014 7:07,Rejected,Female,Operations Department,c5,53502
384750,7/3/2014 10:47,Rejected,Male,Service Department,b9,53899
970475,7/9/2014 8:21,Rejected,Male,Operations Department,i5,31647
522630,8/7/2014 11:08,Rejected,Male,Sales Department,c9,59321
340584,7/23/2014 16:24,Rejected,Female,Operations Department,i5,97563
193885,8/1/2014 12:17,Rejected,Female,Operations Department,c9,69961
659746,8/9/2014 9:17,Rejected,Male,Operations Department,c9,89486
334712,6/18/2014 9:51,Rejected,Male,Production Department,b9,65185
255061,7/30/2014 18:56,Rejected,Female,Service Department,c8,78912
795809,8/7/2014 9:57,Rejected,Male,Operations Department,b9,45044
287756,7/26/2014 11:28,Rejected,Male,Marketing Department,c8,84336
941893,7/18/2014 12:20,Rejected,Male,Human Resource Department,c9,29414
379629,7/30/2014 19:28,Rejected,Male,Human Resource Department,c9,97432
112091,8/19/2014 16:15,Rejected,Male,Marketing Department,i7,81226
17377,8/30/2014 13:14,Rejected,Female,Operations Department,i7,2682
79156,8/19/2014 16:18,Rejected,Female,Sales Department,i7,66701
972374,8/8/2014 15:57,Rejected,Female,Sales Department,c5,75856
390453,8/27/2014 1:56,Rejected,Male,Sales Department,c5,10994
381547,8/15/2014 11:03,Rejected,Male,Operations Department,i1,85671
300563,8/27/2014 8:47,Rejected,Male,Operations Department,i1,1519
658687,7/20/2014 15:53,Rejected,Male,Production Department,c5,64109
975202,6/24/2014 16:39,Rejected,Male,Finance Department,c9,40026
70948,8/26/2014 15:34,Rejected,Female,Sales Department,i5,24678
180474,8/26/2014 15:34,Rejected,Male,Sales Department,i5,10052
224082,8/1/2014 8:13,Rejected,Don’t want to say,Service Department,c5,87979
923276,6/29/2014 2:40,Rejected,Male,Operations Department,c5,49006
516729,7/31/2014 14:17,Rejected,Female,Operations Department,c5,70775
542505,7/8/2014 16:35,Rejected,Male,Operations Department,c9,13301
564902,7/24/2014 9:57,Rejected,Female,Sales Department,c5,99736
947254,8/6/2014 12:35,Rejected,Male,Service Department,c9,21441
994291,7/12/2014 15:15,Rejected,Female,Operations Department,i1,9033
296313,8/4/2014 10:29,Rejected,Don’t want to say,Operations Department,c5,54639
840754,7/11/2014 12:56,Rejected,Female,Operations Department,c9,35523
474253,8/13/2014 7:50,Rejected,Male,Production Department,c5,74673
900879,8/21/2014 13:05,Rejected,Female,Operations Department,i7,21126
956484,8/15/2014 11:38,Rejected,Male,Production Department,c5,9711
210750,8/9/2014 10:38,Rejected,Male,Purchase Department,b9,35721
687318,8/16/2014 15:12,Rejected,Male,Operations Department,c5,96871
76889,8/28/2014 17:12,Rejected,Male,Operations Department,c9,34290
188293,8/17/2014 8:25,Rejected,Male,Service Department,c9,29209
723539,8/29/2014 17:41,Rejected,Don’t want to say,Operations Department,c5,90012
438012,7/18/2014 19:45,Rejected,Male,Service Department,b9,28339
541284,8/29/2014 10:52,Rejected,Male,Sales Department,i7,84304
603433,8/16/2014 8:32,Rejected,Male,Service Department,c5,72204
349391,8/18/2014 1:07,Rejected,Male,Sales Department,i7,75002
716206,8/6/2014 17:45,Rejected,Female,Service Department,b9,9600
599361,8/12/2014 12:23,Rejected,Male,Operations Department,c9,71314
259135,8/21/2014 16:35,Rejected,Male,Operations Department,i6,89449
836210,8/21/2014 10:35,Rejected,Male,Operations Department,i7,4824
462611,8/1/2014 0:23,Rejected,Male,Service Department,b9,93601
418179,8/22/2014 18:06,Rejected,Female,Service Department,b9,87078
808809,8/4/2014 15:07,Rejected,Male,Operations Department,c9,73294
220423,8/14/2014 16:51,Rejected,Male,Operations Department,i7,53455
95056,8/18/2014 9:42,Rejected,Male,Marketing Department,c9,48369
399319,8/18/2014 9:45,Rejected,Female,Marketing Department,c9,98469
977243,8/8/2014 17:42,Rejected,Male,Operations Department,c5,93685
518834,8/12/2014 7:35,Rejected,Male,Production Department,c9,68938
641060,8/20/2014 17:49,Rejected,Male,Operations Department,i6,67779
665614,8/21/2014 7:30,Rejected,Male,Sales Department,c5,71449
935497,8/27/2014 17:36,Rejected,Male,Service Department,c5,67196
39010,8/31/2014 1:38,Rejected,Male,Service Department,c5,14489
